CNTSCHID,n_stu,n_escs,w_sum,STRATUM_stu,REGION_stu,SUBNATIO_stu,escs_mean,math_mean,read_mean,scie_mean,CNT,STRATUM,SUBNATIO,REGION,SC001Q01TA,SC002Q01TA_P,SC002Q02TA_P,SC003Q01TA,SC013Q01TA,W_NRASCHBWT,region_label,stratum_label,school_type,community,class_size,grupo_geo,sector_final,sector_fuente
03200001,33,32,356.11791187386893,ARG01,3201,320100,-1.1753009695151984,361.6057140335499,383.7303273379141,385.01190110789946,ARG,ARG01,320100,3201,5.0,52.0,48.0,9.0,1.0,3.1412732919,CABA,"CABA, Public",Public,Large city (1-10M),>50,CABA,Pública,Cuestionario directivo
03200002,24,21,2667.80832835106,ARG03,3200,320000,-1.0307324039636925,331.0659910307853,340.3334880440003,341.8064260263093,ARG,ARG03,320000,3200,3.0,54.0,46.0,9.0,1.0,28.573639886,Rest of Country,"24 Depts Buenos Aires, Public",Public,Town (15-100k),>50,Buenos Aires,Pública,Cuestionario directivo
03200003,30,29,438.0305768801225,ARG20,3203,320300,0.1298959988854065,440.39489309374295,473.1512287580355,475.109986627569,ARG,ARG20,320300,3203,4.0,47.0,53.0,9.0,2.0,3.434375,Mendoza,"Mendoza, Private",Private,City (100k-1M),>50,Resto del país,Privada,Cuestionario directivo
03200004,32,31,527.6199094402106,ARG02,3201,320100,0.0776399688031108,433.8270631104557,459.08813323933447,478.5382154593691,ARG,ARG02,320100,3201,5.0,40.0,60.0,6.0,2.0,9.1365854545,CABA,"CABA, Private",Private,Large city (1-10M),36-40,CABA,Privada,Cuestionario directivo
03200005,30,29,431.8921512831126,ARG20,3203,320300,0.2688535778801013,406.7042050727091,418.9498220099702,446.6687353528305,ARG,ARG20,320300,3203,,,,,,9.8125,Mendoza,"Mendoza, Private",No response,No response,No response,Resto del país,Privada,Estrato muestral (imputado)
03200006,11,11,484.4239163726048,ARG08,3202,320200,0.1209875655854617,465.3817637936401,490.7398131607978,506.3440046255287,ARG,ARG08,320200,3202,1.0,62.0,38.0,4.0,2.0,43.435485714,Cordoba,"Cordoba, Private",Private,Village/rural (<3k),26-30,Córdoba,Privada,Cuestionario directivo
03200007,26,23,3319.8706499785326,ARG03,3200,320000,-1.4640227261549896,348.8239613645173,375.5969304889589,377.4449819999949,ARG,ARG03,320000,3200,3.0,53.0,47.0,9.0,1.0,15.230289185,Rest of Country,"24 Depts Buenos Aires, Public",Public,Town (15-100k),>50,Buenos Aires,Pública,Cuestionario directivo
03200008,31,29,472.7015676110949,ARG07,3202,320200,-0.4122525676189914,389.6370002464517,429.08208858354845,436.92899221419367,ARG,ARG07,320200,3202,3.0,61.0,39.0,6.0,1.0,3.2528779279,Cordoba,"Cordoba, Public",Public,Town (15-100k),36-40,Córdoba,Pública,Cuestionario directivo
03200009,28,16,469.5979624611457,ARG01,3201,320100,-1.554511536700785,278.2115071326324,293.1981185317759,302.28081027675915,ARG,ARG01,320100,3201,5.0,60.0,40.0,3.0,1.0,14.048472222,CABA,"CABA, Public",Public,Large city (1-10M),21-25,CABA,Pública,Cuestionario directivo
03200010,28,28,4257.244626304245,ARG05,3200,320000,-0.4954318801600376,299.69318894539515,350.25770577249875,288.1432939266486,ARG,ARG05,320000,3200,4.0,48.0,52.0,9.0,1.0,59.906214795,Rest of Country,"Rest of Buenos Aires, Public",Public,City (100k-1M),>50,Buenos Aires,Pública,Cuestionario directivo
03200011,24,22,2562.660599933829,ARG11,3200,320000,-1.3956774036814426,326.094059024991,336.42777769988703,365.1025649993997,ARG,ARG11,320000,3200,3.0,40.0,60.0,9.0,1.0,83.824488571,Rest of Country,"NEA, Public",Public,Town (15-100k),>50,Resto del país,Pública,Cuestionario directivo
03200012,27,26,722.6245515856833,ARG07,3202,320200,-0.596015504847486,368.6944718871304,391.0101462918716,404.2121332459653,ARG,ARG07,320200,3202,3.0,52.0,48.0,9.0,1.0,5.7312611111,Cordoba,"Cordoba, Public",Public,Town (15-100k),>50,Córdoba,Pública,Cuestionario directivo
03200013,12,9,2470.357648856705,ARG05,3200,320000,-0.6548021206987497,384.1517472731042,402.72250817119976,416.76045203886736,ARG,ARG05,320000,3200,3.0,59.0,41.0,4.0,1.0,40.787210073,Rest of Country,"Rest of Buenos Aires, Public",Public,Town (15-100k),26-30,Buenos Aires,Pública,Cuestionario directivo
03200014,31,30,537.3665598261806,ARG19,3203,320300,-0.8269022732861931,331.03890579040905,338.0773424936378,357.90619066983265,ARG,ARG19,320300,3203,1.0,48.0,52.0,3.0,1.0,4.2330546392,Mendoza,"Mendoza, Public",Public,Village/rural (<3k),21-25,Resto del país,Pública,Cuestionario directivo
03200015,33,30,452.9074579737592,ARG01,3201,320100,-0.460692681857665,446.6434714583444,455.2252489456926,481.06555252850376,ARG,ARG01,320100,3201,5.0,69.0,31.0,3.0,1.0,4.3598706897,CABA,"CABA, Public",Public,Large city (1-10M),21-25,CABA,Pública,Cuestionario directivo
03200016,24,23,1926.067615132574,ARG18,3200,320000,0.5116432716825576,455.1313781952534,481.8700320482637,486.3873449460577,ARG,ARG18,320000,3200,3.0,51.0,49.0,7.0,2.0,75.555357143,Rest of Country,"Patagonia, Private",Private,Town (15-100k),41-45,Resto del país,Privada,Cuestionario directivo
03200017,17,13,214.834573222666,ARG19,3203,320300,-1.081935111964064,291.7782001686702,304.26285646635216,307.46792643382787,ARG,ARG19,320300,3203,2.0,51.0,49.0,7.0,1.0,8.5542979167,Mendoza,"Mendoza, Public",Public,Small town (3-15k),41-45,Resto del país,Pública,Cuestionario directivo
03200018,33,33,610.0971184210525,ARG08,3202,320200,-0.4062858040072721,428.24467095006014,441.7553536366768,480.12166061834586,ARG,ARG08,320200,3202,2.0,46.0,54.0,9.0,2.0,10.001592105,Cordoba,"Cordoba, Private",Private,Small town (3-15k),>50,Córdoba,Privada,Cuestionario directivo
03200019,22,19,305.06556785188377,ARG19,3203,320300,-0.8717501812223133,319.7016593409565,327.5080510075598,355.5024233131469,ARG,ARG19,320300,3203,2.0,50.0,50.0,9.0,1.0,6.4157234375,Mendoza,"Mendoza, Public",Public,Small town (3-15k),>50,Resto del país,Pública,Cuestionario directivo
03200020,18,15,2731.090883578573,ARG17,3200,320000,-0.9053796269746388,324.5108467841964,362.471109707367,340.9688253162293,ARG,ARG17,320000,3200,,,,,,29.126135584,Rest of Country,"Patagonia, Public",No response,No response,No response,Resto del país,Pública,Estrato muestral (imputado)
03200021,34,30,624.4392303982585,ARG07,3202,320200,-1.1964797735775428,336.4495498569412,361.9491752952412,370.03598860235854,ARG,ARG07,320200,3202,5.0,49.0,51.0,4.0,1.0,6.4750346881,Cordoba,"Cordoba, Public",Public,Large city (1-10M),26-30,Córdoba,Pública,Cuestionario directivo
03200022,31,31,4157.005284795687,ARG06,3200,320000,-0.2120480905709214,396.39309523032256,434.9332354251613,445.58262413709673,ARG,ARG06,320000,3200,,,,,,44.575730689,Rest of Country,"Rest of Buenos Aires, Private",No response,No response,No response,Buenos Aires,Privada,Estrato muestral (imputado)
03200023,28,24,327.9145040785623,ARG01,3201,320100,-0.7365602329846945,399.1421903845179,405.0552811360568,426.6171906596804,ARG,ARG01,320100,3201,5.0,51.0,49.0,3.0,1.0,2.5803316327,CABA,"CABA, Public",Public,Large city (1-10M),21-25,CABA,Pública,Cuestionario directivo
03200024,29,26,450.9598223228394,ARG19,3203,320300,-0.8728638568232694,377.0539036067732,397.1132281942527,415.2374973816033,ARG,ARG19,320300,3203,5.0,41.0,59.0,5.0,1.0,1.7622587983,Mendoza,"Mendoza, Public",Public,Large city (1-10M),31-35,Resto del país,Pública,Cuestionario directivo
03200025,31,29,3148.4096984449984,ARG09,3200,320000,-0.5620412579746327,397.25265788398406,398.81270997973775,426.0048616498285,ARG,ARG09,320000,3200,4.0,76.0,24.0,9.0,1.0,23.132666116,Rest of Country,"Santa Fe, Public",Public,City (100k-1M),>50,Santa Fe,Pública,Cuestionario directivo
03200026,32,32,423.6674913016957,ARG20,3203,320300,0.777449338889086,532.4149543680602,528.1480189598776,556.0241925725255,ARG,ARG20,320300,3203,4.0,86.0,14.0,4.0,2.0,7.4931818182,Mendoza,"Mendoza, Private",Private,City (100k-1M),26-30,Resto del país,Privada,Cuestionario directivo
03200027,30,29,780.8803916612347,ARG07,3202,320200,-0.993328279824236,328.0082919383461,355.94094744206666,359.4215893572392,ARG,ARG07,320200,3202,5.0,,,9.0,1.0,9.7955652974,Cordoba,"Cordoba, Public",Public,Large city (1-10M),>50,Córdoba,Pública,Cuestionario directivo
03200028,21,19,1704.0033707508885,ARG18,3200,320000,0.8077200537467453,495.0171783129443,480.91594942611147,486.2071718834677,ARG,ARG18,320000,3200,2.0,44.0,56.0,4.0,2.0,75.555357143,Rest of Country,"Patagonia, Private",Private,Small town (3-15k),26-30,Resto del país,Privada,Cuestionario directivo
03200029,27,26,311.991670366256,ARG19,3203,320300,-1.106757895336687,330.83954167399764,351.26820051050225,359.48794857018845,ARG,ARG19,320300,3203,,,,,,3.311341129,Mendoza,"Mendoza, Public",No response,No response,No response,Resto del país,Pública,Estrato muestral (imputado)
03200030,12,11,957.4589525442173,ARG03,3200,320000,-1.3127702674085606,344.66729756894864,348.64901529203894,397.3136329386597,ARG,ARG03,320000,3200,4.0,49.0,51.0,9.0,1.0,35.481552826,Rest of Country,"24 Depts Buenos Aires, Public",Public,City (100k-1M),>50,Buenos Aires,Pública,Cuestionario directivo
03200031,28,26,607.3441137819843,ARG07,3202,320200,-0.7325129316992112,374.5293684914794,400.889511339422,418.614853361336,ARG,ARG07,320200,3202,2.0,50.0,50.0,3.0,1.0,15.364657447,Cordoba,"Cordoba, Public",Public,Small town (3-15k),21-25,Córdoba,Pública,Cuestionario directivo
03200032,33,32,664.0028557467199,ARG01,3201,320100,-1.0803287368035634,407.0109491112679,412.0297311056517,443.8142609513088,ARG,ARG01,320100,3201,5.0,73.0,27.0,5.0,1.0,2.1988913043,CABA,"CABA, Public",Public,Large city (1-10M),31-35,CABA,Pública,Cuestionario directivo
03200033,30,29,505.6184958859375,ARG19,3203,320300,-0.5894819219416065,402.05060583694654,428.3989667414771,440.3620216790144,ARG,ARG19,320300,3203,4.0,48.0,52.0,,1.0,4.0654089109,Mendoza,"Mendoza, Public",Public,City (100k-1M),No response,Resto del país,Pública,Cuestionario directivo
03200034,30,20,3008.7008420213137,ARG03,3200,320000,0.5693698335568305,394.9232430685749,426.0125747007563,416.04884327139297,ARG,ARG03,320000,3200,4.0,43.0,57.0,9.0,2.0,18.450407469,Rest of Country,"24 Depts Buenos Aires, Public",Private,City (100k-1M),>50,Buenos Aires,Privada,Cuestionario directivo
03200035,10,5,1315.337927858319,ARG05,3200,320000,-1.1280660571879784,352.5020093074594,379.8812564295592,349.99452886247184,ARG,ARG05,320000,3200,1.0,50.0,50.0,2.0,1.0,109.54279277,Rest of Country,"Rest of Buenos Aires, Public",Public,Village/rural (<3k),16-20,Buenos Aires,Pública,Cuestionario directivo
03200036,3,1,490.3521653543306,ARG16,3200,320000,-0.6292294105196304,307.9361504834312,357.6921288437053,340.0379905238891,ARG,ARG16,320000,3200,6.0,55.0,45.0,2.0,2.0,160.65714286,Rest of Country,"Cuyo, Private",Private,Megacity (>10M),16-20,Resto del país,Privada,Cuestionario directivo
03200037,31,30,749.9347290981855,ARG07,3202,320200,-0.8594676288131958,360.26678502018507,374.4844237978227,400.9266801988468,ARG,ARG07,320200,3202,5.0,47.0,53.0,5.0,1.0,6.2627384689,Cordoba,"Cordoba, Public",Public,Large city (1-10M),31-35,Córdoba,Pública,Cuestionario directivo
03200038,30,25,388.4620334319498,ARG01,3201,320100,-1.1261831613972602,316.92848790532446,338.4745446527392,342.24635061903206,ARG,ARG01,320100,3201,,,,,,3.5868439716,CABA,"CABA, Public",No response,No response,No response,CABA,Pública,Estrato muestral (imputado)
03200039,32,27,445.4643634703271,ARG19,3203,320300,-1.1554515727390142,347.686206548477,369.9872866810269,370.5363756189601,ARG,ARG19,320300,3203,,,,,,6.6226822581,Mendoza,"Mendoza, Public",No response,No response,No response,Resto del país,Pública,Estrato muestral (imputado)
03200040,33,31,714.3901430894309,ARG08,3202,320200,-0.6548545858516749,420.5193977853113,422.3302506161591,454.3175566962629,ARG,ARG08,320200,3202,3.0,45.0,55.0,7.0,2.0,6.1798455285,Cordoba,"Cordoba, Private",Private,Town (15-100k),41-45,Córdoba,Privada,Cuestionario directivo
03200041,33,33,451.6181599417795,ARG02,3201,320100,0.2893201153482317,466.85777044704673,496.966836093549,511.90455242578656,ARG,ARG02,320100,3201,6.0,44.0,56.0,9.0,2.0,5.8431651163,CABA,"CABA, Private",Private,Megacity (>10M),>50,CABA,Privada,Cuestionario directivo
03200042,29,14,374.5617296071981,ARG19,3203,320300,-0.5294705573675603,370.20221106076366,388.03016466982393,404.5959866910744,ARG,ARG19,320300,3203,4.0,42.0,58.0,9.0,1.0,1.993234466,Mendoza,"Mendoza, Public",Public,City (100k-1M),>50,Resto del país,Pública,Cuestionario directivo
03200043,29,27,405.4257008343869,ARG20,3203,320300,0.0483531196071823,426.4525194939215,433.7963560888717,450.36417201796473,ARG,ARG20,320300,3203,4.0,41.0,59.0,9.0,2.0,3.4632352941,Mendoza,"Mendoza, Private",Private,City (100k-1M),>50,Resto del país,Privada,Cuestionario directivo
03200044,4,4,1005.301437984541,ARG13,3200,320000,-0.7143298674811124,336.4493237295568,348.3898041227744,403.2409696962319,ARG,ARG13,320000,3200,3.0,48.0,52.0,4.0,1.0,185.247448,Rest of Country,"NOA, Public",Public,Town (15-100k),26-30,Resto del país,Pública,Cuestionario directivo
03200045,32,31,708.2643486880464,ARG08,3202,320200,0.8626651480455995,518.8310929621875,512.8165958475,543.90801089375,ARG,ARG08,320200,3202,5.0,98.0,2.0,9.0,2.0,7.7563367347,Cordoba,"Cordoba, Private",Private,Large city (1-10M),>50,Córdoba,Privada,Cuestionario directivo
03200046,31,30,407.32720739313584,ARG02,3201,320100,1.074715860088431,484.7984581768069,497.6612099001865,518.5622764373535,ARG,ARG02,320100,3201,5.0,48.0,52.0,9.0,2.0,6.203854321,CABA,"CABA, Private",Private,Large city (1-10M),>50,CABA,Privada,Cuestionario directivo
03200047,32,23,2814.614166717539,ARG12,3200,320000,0.4891277735494947,392.33557655924335,417.0258620033529,394.2702254269651,ARG,ARG12,320000,3200,4.0,50.0,50.0,6.0,2.0,18.820153061,Rest of Country,"NEA, Private",Private,City (100k-1M),36-40,Resto del país,Privada,Cuestionario directivo
03200048,8,8,234.7137729192546,ARG02,3201,320100,0.2339343303976861,419.7740314829256,436.85742930382975,457.4733391702659,ARG,ARG02,320100,3201,4.0,55.0,45.0,3.0,2.0,28.714982857,CABA,"CABA, Private",Private,City (100k-1M),21-25,CABA,Privada,Cuestionario directivo
03200049,14,12,2041.4030956612585,ARG03,3200,320000,-1.2749303518076816,302.5946776692118,355.07015377167977,307.17557274814845,ARG,ARG03,320000,3200,,,,,,37.986133025,Rest of Country,"24 Depts Buenos Aires, Public",No response,No response,No response,Buenos Aires,Pública,Estrato muestral (imputado)
03200050,34,34,561.6624587891183,ARG02,3201,320100,0.5415576099948298,465.6323455842138,480.7741355635706,490.5213529973439,ARG,ARG02,320100,3201,5.0,48.0,52.0,5.0,2.0,2.9911440476,CABA,"CABA, Private",Private,Large city (1-10M),31-35,CABA,Privada,Cuestionario directivo
03200051,17,0,1533.6556373783094,ARG09,3200,320000,,312.2447446332416,329.4413499853209,312.4619822768485,ARG,ARG09,320000,3200,3.0,48.0,52.0,6.0,1.0,41.776904478,Rest of Country,"Santa Fe, Public",Public,Town (15-100k),36-40,Santa Fe,Pública,Cuestionario directivo
03200052,32,32,457.6261679683091,ARG01,3201,320100,-0.7259297945479828,430.628904027705,440.7709451440009,457.5226641121863,ARG,ARG01,320100,3201,5.0,76.0,24.0,9.0,1.0,2.7788186813,CABA,"CABA, Public",Public,Large city (1-10M),>50,CABA,Pública,Cuestionario directivo
03200053,32,30,1183.634269998293,ARG07,3202,320200,-0.6381138146766496,355.2333341586857,388.050617603656,412.0785162114892,ARG,ARG07,320200,3202,2.0,47.0,53.0,9.0,1.0,20.63254,Cordoba,"Cordoba, Public",Public,Small town (3-15k),>50,Córdoba,Pública,Cuestionario directivo
03200054,34,32,484.42161451693175,ARG02,3201,320100,-0.2426146841756478,386.9310652927304,386.65990130237486,424.599686887079,ARG,ARG02,320100,3201,5.0,43.0,57.0,9.0,2.0,10.691748936,CABA,"CABA, Private",Private,Large city (1-10M),>50,CABA,Privada,Cuestionario directivo
03200055,29,23,2870.2925366950044,ARG11,3200,320000,-0.9547024837123608,285.0594394860324,297.9106232705871,296.76130187242666,ARG,ARG11,320000,3200,3.0,47.0,53.0,3.0,1.0,55.52780387,Rest of Country,"NEA, Public",Public,Town (15-100k),21-25,Resto del país,Pública,Cuestionario directivo
03200056,33,33,453.3187301901716,ARG02,3201,320100,0.9780054728230292,497.00609284147765,504.46234791486006,538.4698537874783,ARG,ARG02,320100,3201,5.0,45.0,55.0,4.0,2.0,8.9734321429,CABA,"CABA, Private",Private,Large city (1-10M),26-30,CABA,Privada,Cuestionario directivo
03200057,23,12,2665.565653867337,ARG13,3200,320000,-1.0017064649890837,310.7397743642114,337.36274282801253,335.29788116261227,ARG,ARG13,320000,3200,4.0,50.0,50.0,5.0,1.0,57.889827501,Rest of Country,"NOA, Public",Public,City (100k-1M),31-35,Resto del país,Pública,Cuestionario directivo
03200058,15,15,1363.520089285715,ARG12,3200,320000,1.146489597495527,511.23755985631976,523.1842158174015,529.8895533468943,ARG,ARG12,320000,3200,4.0,58.0,42.0,1.0,2.0,79.044642857,Rest of Country,"NEA, Private",Private,City (100k-1M),≤15,Resto del país,Privada,Cuestionario directivo
03200059,30,26,642.1598823989603,ARG02,3201,320100,0.0538864940202254,405.9702370149201,409.8185445523888,419.9248392177327,ARG,ARG02,320100,3201,5.0,55.0,45.0,3.0,2.0,9.6636961538,CABA,"CABA, Private",Private,Large city (1-10M),21-25,CABA,Privada,Cuestionario directivo
03200060,21,19,449.8640551557379,ARG07,3202,320200,-0.5573811632797514,403.63143023852,410.9959833409201,430.1985363059624,ARG,ARG07,320200,3202,1.0,55.0,45.0,4.0,1.0,20.63254,Cordoba,"Cordoba, Public",Public,Village/rural (<3k),26-30,Córdoba,Pública,Cuestionario directivo
03200061,27,25,431.8689717323495,ARG01,3201,320100,-0.8504942127016822,361.7351520893045,379.49430177408,378.23815296060695,ARG,ARG01,320100,3201,,,,,,2.0642653061,CABA,"CABA, Public",No response,No response,No response,CABA,Pública,Estrato muestral (imputado)
03200062,21,12,3027.8874719025016,ARG03,3200,320000,-0.9715658112121096,296.85439506442054,344.2079534991518,315.32987134738994,ARG,ARG03,320000,3200,3.0,37.0,63.0,4.0,1.0,65.894312391,Rest of Country,"24 Depts Buenos Aires, Public",Public,Town (15-100k),26-30,Buenos Aires,Pública,Cuestionario directivo
03200063,28,24,341.5260805563642,ARG01,3201,320100,-1.260144153973193,344.57225225021136,359.12263911289085,362.3656205736483,ARG,ARG01,320100,3201,5.0,48.0,53.0,3.0,1.0,3.1807861635,CABA,"CABA, Public",Public,Large city (1-10M),21-25,CABA,Pública,Cuestionario directivo
03200064,33,33,477.1089568524938,ARG01,3201,320100,-0.8415781541800028,387.06425372967897,400.3250172559542,418.8900124739086,ARG,ARG01,320100,3201,5.0,41.0,59.0,9.0,1.0,2.5414321608,CABA,"CABA, Public",Public,Large city (1-10M),>50,CABA,Pública,Cuestionario directivo
03200065,29,26,773.5164231771034,ARG07,3202,320200,-1.4488638276976598,359.81102659556825,377.0593832292072,399.8482561169735,ARG,ARG07,320200,3202,2.0,46.0,54.0,6.0,1.0,10.31627,Cordoba,"Cordoba, Public",Public,Small town (3-15k),36-40,Córdoba,Pública,Cuestionario directivo
03200066,16,0,1358.886786665575,ARG11,3200,320000,,326.89246582119347,365.349466651586,335.14583204840784,ARG,ARG11,320000,3200,3.0,44.0,56.0,,1.0,32.283606901,Rest of Country,"NEA, Public",Public,Town (15-100k),No response,Resto del país,Pública,Cuestionario directivo
03200067,27,21,361.5461043891274,ARG19,3203,320300,-1.1436095566128943,298.1189657902649,307.3597170252464,321.2338887785758,ARG,ARG19,320300,3203,,,,,,11.731608571,Mendoza,"Mendoza, Public",No response,No response,No response,Resto del país,Pública,Estrato muestral (imputado)
03200068,27,21,2998.8092043997526,ARG05,3200,320000,-0.5645047351792193,333.7752189091922,345.0829084456278,347.4445362292314,ARG,ARG05,320000,3200,3.0,47.0,53.0,9.0,1.0,46.756070084,Rest of Country,"Rest of Buenos Aires, Public",Public,Town (15-100k),>50,Buenos Aires,Pública,Cuestionario directivo
03200069,33,29,506.5300131393087,ARG01,3201,320100,-0.7834924117357686,401.68353664719393,423.9215984067441,430.928272438989,ARG,ARG01,320100,3201,5.0,100.0,,9.0,1.0,3.0651212121,CABA,"CABA, Public",Public,Large city (1-10M),>50,CABA,Pública,Cuestionario directivo
03200070,26,18,506.0839930430597,ARG07,3202,320200,-1.3753864689258597,305.8911558184077,333.4055659469642,338.78800649250377,ARG,ARG07,320200,3202,5.0,53.0,47.0,5.0,1.0,16.978979849,Cordoba,"Cordoba, Public",Public,Large city (1-10M),31-35,Córdoba,Pública,Cuestionario directivo
03200071,28,24,318.6223737763536,ARG19,3203,320300,-1.3646936985019569,322.1045449611973,338.5885423321898,348.25867954163493,ARG,ARG19,320300,3203,2.0,51.0,49.0,9.0,1.0,6.31702,Mendoza,"Mendoza, Public",Public,Small town (3-15k),>50,Resto del país,Pública,Cuestionario directivo
03200072,30,25,765.1660293895335,ARG07,3202,320200,-1.481128130535459,324.3321777871051,345.42413144433056,359.3188159220689,ARG,ARG07,320200,3202,5.0,47.0,53.0,4.0,1.0,9.7586337838,Cordoba,"Cordoba, Public",Public,Large city (1-10M),26-30,Córdoba,Pública,Cuestionario directivo
03200073,34,33,3423.932936956521,ARG06,3200,320000,-0.6822043507042341,410.474438687647,433.62902086941176,455.9191923064706,ARG,ARG06,320000,3200,4.0,43.0,57.0,5.0,2.0,64.602508244,Rest of Country,"Rest of Buenos Aires, Private",Private,City (100k-1M),31-35,Buenos Aires,Privada,Cuestionario directivo
03200074,31,22,394.7972543084281,ARG19,3203,320300,-1.1827921656392757,310.2312161540111,305.6887826050623,321.8541331349422,ARG,ARG19,320300,3203,4.0,52.0,48.0,4.0,1.0,4.0654089109,Mendoza,"Mendoza, Public",Public,City (100k-1M),26-30,Resto del país,Pública,Cuestionario directivo
03200075,28,28,2745.209909573004,ARG03,3200,320000,-1.2013469033926958,299.39083545099163,315.6665547771237,342.401940083918,ARG,ARG03,320000,3200,4.0,45.0,55.0,9.0,1.0,29.896493585,Rest of Country,"24 Depts Buenos Aires, Public",Public,City (100k-1M),>50,Buenos Aires,Pública,Cuestionario directivo
03200076,31,28,3854.3534722547415,ARG05,3200,320000,-0.4948163413368864,368.3816272897994,384.4582943410795,375.1733028741338,ARG,ARG05,320000,3200,4.0,51.0,49.0,4.0,1.0,95.849943671,Rest of Country,"Rest of Buenos Aires, Public",Public,City (100k-1M),26-30,Buenos Aires,Pública,Cuestionario directivo
03200077,29,24,394.9144126704956,ARG01,3201,320100,-0.7669661421526257,380.881429467732,398.7352772066876,417.4773120108901,ARG,ARG01,320100,3201,5.0,65.0,35.0,9.0,1.0,3.1027300613,CABA,"CABA, Public",Public,Large city (1-10M),>50,CABA,Pública,Cuestionario directivo
03200078,15,15,325.7661428571429,ARG08,3202,320200,-0.3595800203679921,387.9544731433333,427.5044613033332,441.5099908506666,ARG,ARG08,320200,3202,2.0,47.0,53.0,2.0,2.0,21.717742857,Cordoba,"Cordoba, Private",Private,Small town (3-15k),16-20,Córdoba,Privada,Cuestionario directivo
03200079,32,31,2663.7491942125653,ARG09,3200,320000,-0.1376611041276839,452.1153968923738,451.4433067004692,476.3627667526439,ARG,ARG09,320000,3200,3.0,56.0,44.0,9.0,1.0,19.993232857,Rest of Country,"Santa Fe, Public",Public,Town (15-100k),>50,Santa Fe,Pública,Cuestionario directivo
03200080,16,15,1713.0456150031337,ARG03,3200,320000,-1.1232571439695644,302.76611415144026,340.4267899444571,308.6204632708195,ARG,ARG03,320000,3200,,,,,,42.484490884,Rest of Country,"24 Depts Buenos Aires, Public",No response,No response,No response,Buenos Aires,Pública,Estrato muestral (imputado)
03200081,25,22,3249.616933461736,ARG05,3200,320000,-1.140742799427028,325.956541894362,351.00365582815965,341.84597597431497,ARG,ARG05,320000,3200,3.0,46.0,54.0,5.0,1.0,50.447338774,Rest of Country,"Rest of Buenos Aires, Public",Public,Town (15-100k),31-35,Buenos Aires,Pública,Cuestionario directivo
03200082,32,28,547.8121091891252,ARG01,3201,320100,-0.5452266249223015,417.3576192931549,428.6132653693289,440.7467233175695,ARG,ARG01,320100,3201,5.0,58.0,42.0,4.0,1.0,4.2859745763,CABA,"CABA, Public",Public,Large city (1-10M),26-30,CABA,Pública,Cuestionario directivo
03200083,22,22,453.91588,ARG07,3202,320200,-0.5503058965053781,422.6763558172726,446.28440972499993,445.1668669754546,ARG,ARG07,320200,3202,1.0,53.0,47.0,4.0,1.0,20.63254,Cordoba,"Cordoba, Public",Public,Village/rural (<3k),26-30,Córdoba,Pública,Cuestionario directivo
03200084,33,33,1700.939243697479,ARG15,3200,320000,-0.8520486841180115,343.7337064551515,372.4194549672727,400.8342832681818,ARG,ARG15,320000,3200,2.0,54.0,46.0,,1.0,17.019117647,Rest of Country,"Cuyo, Public",Public,Small town (3-15k),No response,Resto del país,Pública,Cuestionario directivo
03200085,30,24,3463.8838632516404,ARG11,3200,320000,-1.3479133824809435,294.10521702419675,315.4065711197093,328.9334353144251,ARG,ARG11,320000,3200,3.0,48.0,52.0,9.0,1.0,38.10204026,Rest of Country,"NEA, Public",Public,Town (15-100k),>50,Resto del país,Pública,Cuestionario directivo
03200086,28,22,608.0968,ARG08,3202,320200,-0.7501325906686718,425.5544519249999,427.4564398428571,465.52781918,ARG,ARG08,320200,3202,2.0,47.0,53.0,4.0,2.0,21.717742857,Cordoba,"Cordoba, Private",Private,Small town (3-15k),26-30,Córdoba,Privada,Cuestionario directivo
03200087,34,33,506.8840269569766,ARG02,3201,320100,0.0771572085086552,434.3765162783101,455.348089804143,476.3153980651047,ARG,ARG02,320100,3201,5.0,,,,2.0,7.5001820896,CABA,"CABA, Private",Private,Large city (1-10M),No response,CABA,Privada,Cuestionario directivo
03200088,31,28,3618.041163203669,ARG09,3200,320000,-1.3573744434236543,292.3639722212393,279.4592020279065,315.8185283015241,ARG,ARG09,320000,3200,3.0,59.0,41.0,4.0,1.0,35.43104557,Rest of Country,"Santa Fe, Public",Public,Town (15-100k),26-30,Santa Fe,Pública,Cuestionario directivo
03200089,21,21,1721.798524844721,ARG12,3200,320000,-1.4484681713797476,324.45647730451094,379.2050334618562,305.16261798105785,ARG,ARG12,320000,3200,1.0,54.0,46.0,9.0,2.0,79.044642857,Rest of Country,"NEA, Private",Private,Village/rural (<3k),>50,Resto del país,Privada,Cuestionario directivo
03200090,29,25,811.335533056239,ARG07,3202,320200,-1.1480079630959097,355.70750025456783,378.38220624334576,390.3617063855044,ARG,ARG07,320200,3202,2.0,,,9.0,1.0,20.63254,Cordoba,"Cordoba, Public",Public,Small town (3-15k),>50,Córdoba,Pública,Cuestionario directivo
03200091,32,30,583.1842818616511,ARG02,3201,320100,-0.2229657221438325,364.16700396697024,373.7711453639138,374.79424185342594,ARG,ARG02,320100,3201,,,,,,12.256395122,CABA,"CABA, Private",No response,No response,No response,CABA,Privada,Estrato muestral (imputado)
03200092,28,26,385.71764549034856,ARG19,3203,320300,-0.4788810744572768,358.682538526771,364.3093803799162,395.12765705772506,ARG,ARG19,320300,3203,3.0,81.0,19.0,9.0,1.0,2.094930102,Mendoza,"Mendoza, Public",Public,Town (15-100k),>50,Resto del país,Pública,Cuestionario directivo
03200093,28,18,5417.6852365391605,ARG03,3200,320000,-0.6911148056908506,332.402433953452,353.06713291224764,364.5143895978856,ARG,ARG03,320000,3200,3.0,50.0,50.0,5.0,1.0,32.614356638,Rest of Country,"24 Depts Buenos Aires, Public",Public,Town (15-100k),31-35,Buenos Aires,Pública,Cuestionario directivo
03200094,29,25,2925.146478110374,ARG03,3200,320000,-0.9850135675698912,337.2402201342463,355.02485507705006,358.2397241122162,ARG,ARG03,320000,3200,6.0,,,5.0,1.0,50.450332924,Rest of Country,"24 Depts Buenos Aires, Public",Public,Megacity (>10M),31-35,Buenos Aires,Pública,Cuestionario directivo
03200095,34,34,418.0849697412169,ARG19,3203,320300,-0.902707030224314,364.6172515573864,377.20583944400687,383.84154198299257,ARG,ARG19,320300,3203,2.0,58.0,42.0,9.0,1.0,2.0530315,Mendoza,"Mendoza, Public",Public,Small town (3-15k),>50,Resto del país,Pública,Cuestionario directivo
03200096,10,10,144.16532935882208,ARG02,3201,320100,-0.1729755157997642,445.520462653538,465.11298766698746,470.73128723882536,ARG,ARG02,320100,3201,6.0,44.0,56.0,7.0,2.0,14.357491429,CABA,"CABA, Private",Private,Megacity (>10M),41-45,CABA,Privada,Cuestionario directivo
03200097,29,21,4009.274700028076,ARG13,3200,320000,-0.6860603977502973,326.7535377271833,351.95827002263826,357.319332774655,ARG,ARG13,320000,3200,2.0,,,2.0,1.0,92.623724002,Rest of Country,"NOA, Public",Public,Small town (3-15k),16-20,Resto del país,Pública,Cuestionario directivo
03200098,32,31,3466.833084338253,ARG13,3200,320000,-0.6885365853461752,355.0234401439376,372.209872670179,396.2118672498775,ARG,ARG13,320000,3200,3.0,,,,1.0,18.847850814,Rest of Country,"NOA, Public",Public,Town (15-100k),No response,Resto del país,Pública,Cuestionario directivo
03200099,18,14,2917.3652219264973,ARG05,3200,320000,-1.3909699558233608,327.16655604538744,366.7500072172722,334.4631115612026,ARG,ARG05,320000,3200,3.0,58.0,42.0,9.0,1.0,34.854524971,Rest of Country,"Rest of Buenos Aires, Public",Public,Town (15-100k),>50,Buenos Aires,Pública,Cuestionario directivo
03200100,35,35,756.2057842337136,ARG08,3202,320200,0.4087079125097743,448.662218315376,481.3892714896854,500.8460520093018,ARG,ARG08,320200,3202,5.0,51.0,49.0,9.0,2.0,10.412616438,Cordoba,"Cordoba, Private",Private,Large city (1-10M),>50,Córdoba,Privada,Cuestionario directivo
03200101,35,35,2944.606741964286,ARG14,3200,320000,0.1187947358633582,417.46901690457145,450.4159307437142,472.6243985271428,ARG,ARG14,320000,3200,3.0,42.0,58.0,9.0,2.0,30.356770536,Rest of Country,"NOA, Private",Private,Town (15-100k),>50,Resto del país,Privada,Cuestionario directivo
03200102,27,16,3394.2619070047062,ARG03,3200,320000,-1.194296274847844,307.8189662314538,343.9428505130229,340.3473190729122,ARG,ARG03,320000,3200,2.0,50.0,50.0,5.0,1.0,58.705841948,Rest of Country,"24 Depts Buenos Aires, Public",Public,Small town (3-15k),31-35,Buenos Aires,Pública,Cuestionario directivo
03200103,26,23,2952.9423438937206,ARG04,3200,320000,-0.2069044890219781,389.7975941065942,448.2671845425744,386.7203075072474,ARG,ARG04,320000,3200,,,,,,43.824092358,Rest of Country,"24 Depts Buenos Aires, Private",No response,No response,No response,Buenos Aires,Privada,Estrato muestral (imputado)
03200104,25,18,319.0098838938053,ARG20,3203,320300,0.0242674303247741,364.40738902177054,383.3484174965439,393.2760615627972,ARG,ARG20,320300,3203,2.0,49.0,51.0,6.0,2.0,10.303125,Mendoza,"Mendoza, Private",Private,Small town (3-15k),36-40,Resto del país,Privada,Cuestionario directivo
03200105,30,28,2800.640526387468,ARG03,3200,320000,-1.251517225848095,391.11798124803255,407.6373522995941,415.5225781971835,ARG,ARG03,320000,3200,5.0,93.0,7.0,9.0,1.0,31.046358723,Rest of Country,"24 Depts Buenos Aires, Public",Public,Large city (1-10M),>50,Buenos Aires,Pública,Cuestionario directivo
03200106,23,20,355.4043163557889,ARG19,3203,320300,-0.9271267099976948,363.7449947155447,382.5472840795084,387.47906988447954,ARG,ARG19,320300,3203,4.0,50.0,50.0,5.0,1.0,2.9971262774,Mendoza,"Mendoza, Public",Public,City (100k-1M),31-35,Resto del país,Pública,Cuestionario directivo
03200107,31,31,2986.170202564312,ARG13,3200,320000,-0.7348407790465081,340.0998089139572,336.3635866578146,386.2865380279512,ARG,ARG13,320000,3200,,,,,,24.013558075,Rest of Country,"NOA, Public",No response,No response,No response,Resto del país,Pública,Estrato muestral (imputado)
03200108,30,27,4610.548701214617,ARG05,3200,320000,-0.9733379634035524,357.9913917626925,379.3943966499471,376.66834646122845,ARG,ARG05,320000,3200,3.0,79.0,21.0,4.0,1.0,43.078626369,Rest of Country,"Rest of Buenos Aires, Public",Public,Town (15-100k),26-30,Buenos Aires,Pública,Cuestionario directivo
03200109,30,26,405.3644549804428,ARG19,3203,320300,-1.109395279641084,323.06901386061986,323.44400420332164,354.60387917038565,ARG,ARG19,320300,3203,3.0,47.0,53.0,9.0,1.0,4.7744918605,Mendoza,"Mendoza, Public",Public,Town (15-100k),>50,Resto del país,Pública,Cuestionario directivo
03200110,30,15,2291.333765668105,ARG11,3200,320000,-0.9885045539489132,285.3443046679812,325.3975127332632,280.8325433943916,ARG,ARG11,320000,3200,3.0,45.0,55.0,9.0,1.0,22.511271839,Rest of Country,"NEA, Public",Public,Town (15-100k),>50,Resto del país,Pública,Cuestionario directivo
03200111,34,31,483.24001743289256,ARG19,3203,320300,-0.8120421767077711,383.2776492114293,388.887481969,405.2105270037068,ARG,ARG19,320300,3203,,,,,,3.1829945736,Mendoza,"Mendoza, Public",No response,No response,No response,Resto del país,Pública,Estrato muestral (imputado)
03200112,33,30,296.5540215042291,ARG19,3203,320300,-1.2339206535302478,314.2543996690635,329.1806983245686,334.9588335147967,ARG,ARG19,320300,3203,4.0,40.0,60.0,1.0,1.0,5.7831873239,Mendoza,"Mendoza, Public",Public,City (100k-1M),≤15,Resto del país,Pública,Cuestionario directivo
03200113,25,15,3268.2214923010006,ARG03,3200,320000,-0.6256061261983987,406.1331832721999,425.91832085772313,434.64617242816746,ARG,ARG03,320000,3200,,,,,,17.35925434,Rest of Country,"24 Depts Buenos Aires, Public",No response,No response,No response,Buenos Aires,Pública,Estrato muestral (imputado)
03200114,33,33,474.5700036058227,ARG02,3201,320100,0.5674882720268744,406.0849954743278,431.89028642817465,435.3157972754267,ARG,ARG02,320100,3201,5.0,50.0,50.0,9.0,2.0,6.5261324675,CABA,"CABA, Private",Private,Large city (1-10M),>50,CABA,Privada,Cuestionario directivo
03200115,21,16,2269.1501638354944,ARG13,3200,320000,-1.653173395387969,293.6268669175598,306.4485254672519,325.5038818563722,ARG,ARG13,320000,3200,2.0,,100.0,6.0,1.0,92.623724002,Rest of Country,"NOA, Public",Public,Small town (3-15k),36-40,Resto del país,Pública,Cuestionario directivo
03200116,21,20,2269.921963900494,ARG03,3200,320000,-1.3710644966464174,336.11126440346936,368.82443284801474,359.6501514846625,ARG,ARG03,320000,3200,4.0,53.0,47.0,9.0,1.0,25.62556593,Rest of Country,"24 Depts Buenos Aires, Public",Public,City (100k-1M),>50,Buenos Aires,Pública,Cuestionario directivo
03200117,34,32,672.0952633136844,ARG08,3202,320200,0.0071325260139084,437.7858375140004,471.19181835919227,481.2019927027236,ARG,ARG08,320200,3202,2.0,41.0,59.0,6.0,1.0,14.076314815,Cordoba,"Cordoba, Private",Public,Small town (3-15k),36-40,Córdoba,Pública,Cuestionario directivo
03200118,3,3,530.5429514302605,ARG11,3200,320000,-1.8619574627856088,324.37210849250766,343.3633120527073,365.05638515353655,ARG,ARG11,320000,3200,1.0,65.0,35.0,1.0,1.0,167.64897714,Rest of Country,"NEA, Public",Public,Village/rural (<3k),≤15,Resto del país,Pública,Cuestionario directivo
03200119,30,29,379.9020936984634,ARG19,3203,320300,-0.9487620657326232,359.7196819087203,375.8643684845312,393.55494027353103,ARG,ARG19,320300,3203,2.0,60.0,40.0,5.0,1.0,4.7744918605,Mendoza,"Mendoza, Public",Public,Small town (3-15k),31-35,Resto del país,Pública,Cuestionario directivo
03200120,33,27,630.0927414705197,ARG07,3202,320200,-0.9715489357986749,322.12165568080115,346.1486063615748,349.2206629288984,ARG,ARG07,320200,3202,6.0,100.0,,8.0,1.0,12.323453116,Cordoba,"Cordoba, Public",Public,Megacity (>10M),46-50,Córdoba,Pública,Cuestionario directivo
03200121,26,26,2998.461388739556,ARG05,3200,320000,0.4452975264960774,486.9535667180323,523.6378301549513,525.025624506746,ARG,ARG05,320000,3200,3.0,53.0,47.0,9.0,1.0,13.175249989,Rest of Country,"Rest of Buenos Aires, Public",Public,Town (15-100k),>50,Buenos Aires,Pública,Cuestionario directivo
03200122,26,22,2012.9328927803288,ARG17,3200,320000,-1.1447361296972571,344.86444688735946,387.18454169714767,381.3433865332919,ARG,ARG17,320000,3200,4.0,46.0,54.0,9.0,1.0,41.38977162,Rest of Country,"Patagonia, Public",Public,City (100k-1M),>50,Resto del país,Pública,Cuestionario directivo
03200123,32,24,2810.71886617918,ARG09,3200,320000,-0.889405089214991,363.67220097186186,352.07702638733144,379.5288975791042,ARG,ARG09,320000,3200,5.0,95.0,5.0,5.0,1.0,31.807415909,Rest of Country,"Santa Fe, Public",Public,Large city (1-10M),31-35,Santa Fe,Pública,Cuestionario directivo
03200124,30,24,2878.74756984558,ARG03,3200,320000,-1.12115320041933,310.65987992039925,333.92744564874533,350.92485447021033,ARG,ARG03,320000,3200,4.0,51.0,49.0,,1.0,40.871155787,Rest of Country,"24 Depts Buenos Aires, Public",Public,City (100k-1M),No response,Buenos Aires,Pública,Cuestionario directivo
03200125,34,34,3492.858856996696,ARG04,3200,320000,1.2840207863784492,498.10295655270494,496.9177029112658,518.0641715730856,ARG,ARG04,320000,3200,3.0,52.0,48.0,9.0,2.0,64.85965669,Rest of Country,"24 Depts Buenos Aires, Private",Private,Town (15-100k),>50,Buenos Aires,Privada,Cuestionario directivo
03200126,24,21,358.29100890709003,ARG19,3203,320300,-1.38891874650118,306.91165939111283,319.8903767503817,329.12240078985445,ARG,ARG19,320300,3203,4.0,48.0,52.0,9.0,1.0,6.8434383333,Mendoza,"Mendoza, Public",Public,City (100k-1M),>50,Resto del país,Pública,Cuestionario directivo
03200127,9,9,2057.0060764644004,ARG13,3200,320000,-1.181776197914277,320.8620734788395,327.1472968492982,364.0644854497343,ARG,ARG13,320000,3200,1.0,47.0,53.0,1.0,1.0,185.247448,Rest of Country,"NOA, Public",Public,Village/rural (<3k),≤15,Resto del país,Pública,Cuestionario directivo
03200128,2,2,1091.8219182403975,ARG17,3200,320000,-2.367385915467818,399.853581255,447.88457561000007,405.610120645,ARG,ARG17,320000,3200,1.0,61.0,39.0,2.0,1.0,359.49973064,Rest of Country,"Patagonia, Public",Public,Village/rural (<3k),16-20,Resto del país,Pública,Cuestionario directivo
03200129,30,29,635.2483796133035,ARG07,3202,320200,0.172189381275941,521.1343319007167,545.956052060448,578.7638388390681,ARG,ARG07,320200,3202,5.0,45.0,55.0,4.0,1.0,3.1185881355,Cordoba,"Cordoba, Public",Public,Large city (1-10M),26-30,Córdoba,Pública,Cuestionario directivo
03200130,13,12,1282.9263253469094,ARG05,3200,320000,-1.318327762868455,409.77721945409246,414.9009198740622,431.8408300904786,ARG,ARG05,320000,3200,4.0,49.0,51.0,9.0,1.0,16.9645918,Rest of Country,"Rest of Buenos Aires, Public",Public,City (100k-1M),>50,Buenos Aires,Pública,Cuestionario directivo
03200131,19,0,2661.0072646255544,ARG04,3200,320000,,391.39178545792015,415.0540250076466,412.9565707731484,ARG,ARG04,320000,3200,,,,,,22.365398859,Rest of Country,"24 Depts Buenos Aires, Private",No response,No response,No response,Buenos Aires,Privada,Estrato muestral (imputado)
03200132,30,29,412.354102683338,ARG01,3201,320100,-1.486300923341603,320.76552448501644,310.8111676868233,336.30427016706045,ARG,ARG01,320100,3201,,,,,,5.1085353535,CABA,"CABA, Public",No response,No response,No response,CABA,Pública,Estrato muestral (imputado)
03200133,32,32,476.9420926061659,ARG02,3201,320100,-0.4020158122118549,425.94430746258985,434.9383572642282,464.5724999741744,ARG,ARG02,320100,3201,5.0,44.0,56.0,6.0,2.0,4.6528907407,CABA,"CABA, Private",Private,Large city (1-10M),36-40,CABA,Privada,Cuestionario directivo
03200134,24,20,3244.3306222057176,ARG03,3200,320000,-1.2402028013232758,337.6504369998684,371.1269798773511,350.3531663541491,ARG,ARG03,320000,3200,3.0,50.0,50.0,7.0,1.0,8.8703882065,Rest of Country,"24 Depts Buenos Aires, Public",Public,Town (15-100k),41-45,Buenos Aires,Pública,Cuestionario directivo
03200135,33,33,411.5128518834507,ARG19,3203,320300,-0.4227500792813422,408.240874043308,427.7315561155893,434.1636034746756,ARG,ARG19,320300,3203,3.0,47.0,53.0,9.0,1.0,1.6039308594,Mendoza,"Mendoza, Public",Public,Town (15-100k),>50,Resto del país,Pública,Cuestionario directivo
03200136,33,33,2187.1174555901243,ARG13,3200,320000,0.147253808530614,488.8211829956091,487.981924297292,521.582766315546,ARG,ARG13,320000,3200,4.0,41.0,59.0,9.0,1.0,22.357450621,Rest of Country,"NOA, Public",Public,City (100k-1M),>50,Resto del país,Pública,Cuestionario directivo
03200137,35,34,4218.743153365159,ARG11,3200,320000,-1.085330647181335,314.48814922022234,339.4949671836524,353.95709620457217,ARG,ARG11,320000,3200,4.0,46.0,54.0,9.0,1.0,67.170730488,Rest of Country,"NEA, Public",Public,City (100k-1M),>50,Resto del país,Pública,Cuestionario directivo
03200138,8,7,2031.8867721149752,ARG11,3200,320000,-1.052488688199423,375.1796045914946,410.1840857748809,408.2682398237112,ARG,ARG11,320000,3200,1.0,52.0,48.0,1.0,1.0,237.9763023,Rest of Country,"NEA, Public",Public,Village/rural (<3k),≤15,Resto del país,Pública,Cuestionario directivo
03200139,34,33,510.7718194223348,ARG02,3201,320100,0.701247062651996,476.9774483382501,484.812182389538,499.9478902183435,ARG,ARG02,320100,3201,,,,,,4.9265901961,CABA,"CABA, Private",No response,No response,No response,CABA,Privada,Estrato muestral (imputado)
03200140,33,33,4561.878310656004,ARG06,3200,320000,-0.0637653377129229,450.4566128095237,482.6357989528663,483.3564811237481,ARG,ARG06,320000,3200,3.0,45.0,55.0,9.0,2.0,74.292884481,Rest of Country,"Rest of Buenos Aires, Private",Private,Town (15-100k),>50,Buenos Aires,Privada,Cuestionario directivo
03200141,26,22,3839.07016664594,ARG04,3200,320000,0.1767152351096342,437.944838016145,459.9816723466148,466.4316774898269,ARG,ARG04,320000,3200,4.0,47.0,53.0,9.0,2.0,51.475918008,Rest of Country,"24 Depts Buenos Aires, Private",Private,City (100k-1M),>50,Buenos Aires,Privada,Cuestionario directivo
03200142,30,27,439.3102228070372,ARG01,3201,320100,-0.5831335167966255,347.0255105034611,359.5405036015863,372.0252729397029,ARG,ARG01,320100,3201,,,,,,4.7711792453,CABA,"CABA, Public",No response,No response,No response,CABA,Pública,Estrato muestral (imputado)
03200143,35,34,983.5252350178664,ARG08,3202,320200,-0.0331322021832322,427.6585584453813,457.9857265574925,486.73127162475646,ARG,ARG08,320200,3202,5.0,52.0,48.0,5.0,2.0,9.8717012987,Cordoba,"Cordoba, Private",Private,Large city (1-10M),31-35,Córdoba,Privada,Cuestionario directivo
03200144,28,23,3443.3685669056854,ARG11,3200,320000,-1.3487913137222542,263.21408723414163,292.3803039851477,274.865655570407,ARG,ARG11,320000,3200,3.0,53.0,47.0,7.0,1.0,99.156792625,Rest of Country,"NEA, Public",Public,Town (15-100k),41-45,Resto del país,Pública,Cuestionario directivo
03200145,28,20,2500.275938810594,ARG11,3200,320000,-1.0218794076999378,282.24620341143884,334.0871045519315,292.92763688828575,ARG,ARG11,320000,3200,4.0,47.0,53.0,9.0,1.0,25.393812745,Rest of Country,"NEA, Public",Public,City (100k-1M),>50,Resto del país,Pública,Cuestionario directivo
03200146,32,26,787.8171364510151,ARG01,3201,320100,-1.464688460819032,356.88268218048006,372.1147363246805,385.4599508033227,ARG,ARG01,320100,3201,5.0,48.0,52.0,4.0,1.0,5.880755814,CABA,"CABA, Public",Public,Large city (1-10M),26-30,CABA,Pública,Cuestionario directivo
03200147,23,21,319.94629858407075,ARG20,3203,320300,-0.1602102772196302,362.0405394894742,387.8112975083101,397.3678822643896,ARG,ARG20,320300,3203,4.0,47.0,53.0,9.0,2.0,11.775,Mendoza,"Mendoza, Private",Private,City (100k-1M),>50,Resto del país,Privada,Cuestionario directivo
03200148,28,25,3825.2843591732926,ARG17,3200,320000,-0.247995298854269,370.329900445645,388.4858967025266,394.0007802083662,ARG,ARG17,320000,3200,2.0,52.0,48.0,4.0,2.0,62.912452862,Rest of Country,"Patagonia, Public",Private,Small town (3-15k),26-30,Resto del país,Privada,Cuestionario directivo
03200149,33,31,433.097458714332,ARG02,3201,320100,0.4132974588075234,431.9406917106238,448.5350865894443,458.69553281056017,ARG,ARG02,320100,3201,,,,,,4.2949760684,CABA,"CABA, Private",No response,No response,No response,CABA,Privada,Estrato muestral (imputado)
03200150,18,12,268.0709682978239,ARG19,3203,320300,-0.8918611366294804,297.20068844677246,328.4421693651965,315.1439936459036,ARG,ARG19,320300,3203,1.0,52.0,48.0,4.0,1.0,11.731608571,Mendoza,"Mendoza, Public",Public,Village/rural (<3k),26-30,Resto del país,Pública,Cuestionario directivo
03200151,28,24,1974.2909521059355,ARG09,3200,320000,-1.7403005482549587,344.97395982993214,341.8486322848437,368.1983261572476,ARG,ARG09,320000,3200,5.0,45.0,55.0,8.0,1.0,49.106185965,Rest of Country,"Santa Fe, Public",Public,Large city (1-10M),46-50,Santa Fe,Pública,Cuestionario directivo
03200152,24,23,3356.9275442632143,ARG17,3200,320000,-0.6827284398226466,372.564957084063,414.88763006996015,358.4542159313165,ARG,ARG17,320000,3200,4.0,40.0,60.0,9.0,1.0,21.997361141,Rest of Country,"Patagonia, Public",Public,City (100k-1M),>50,Resto del país,Pública,Cuestionario directivo
03200153,31,28,563.4400546238553,ARG07,3202,320200,-1.2367671138026926,392.7292522508623,409.7377132639567,427.72254746384544,ARG,ARG07,320200,3202,4.0,67.0,33.0,4.0,1.0,4.3241850299,Cordoba,"Cordoba, Public",Public,City (100k-1M),26-30,Córdoba,Pública,Cuestionario directivo
03200154,19,16,3958.6363988989337,ARG17,3200,320000,-0.5522403598107931,429.8152261052082,457.3991736714376,444.7920580114141,ARG,ARG17,320000,3200,1.0,46.0,54.0,3.0,1.0,179.74986532,Rest of Country,"Patagonia, Public",Public,Village/rural (<3k),21-25,Resto del país,Pública,Cuestionario directivo
03200155,19,19,2069.6086388098133,ARG15,3200,320000,-1.2934054914307769,321.8495379714102,324.58395166731896,376.6263588307117,ARG,ARG15,320000,3200,4.0,59.0,41.0,3.0,1.0,90.930714286,Rest of Country,"Cuyo, Public",Public,City (100k-1M),21-25,Resto del país,Pública,Cuestionario directivo
03200156,29,27,763.2445665395028,ARG01,3201,320100,-0.5318919452551022,360.2946670887815,385.34292374930817,394.095290119105,ARG,ARG01,320100,3201,5.0,48.0,52.0,9.0,1.0,7.4374264706,CABA,"CABA, Public",Public,Large city (1-10M),>50,CABA,Pública,Cuestionario directivo
03200157,31,28,2898.88195556454,ARG09,3200,320000,-1.2785286223171657,343.1905511973736,352.1744047706431,370.9143472975893,ARG,ARG09,320000,3200,3.0,46.0,54.0,9.0,1.0,16.465015294,Rest of Country,"Santa Fe, Public",Public,Town (15-100k),>50,Santa Fe,Pública,Cuestionario directivo
03200158,29,27,286.12701892028286,ARG19,3203,320300,-0.8576216804983947,360.3932654327155,383.30792845929534,414.9954931470978,ARG,ARG19,320300,3203,3.0,41.0,59.0,9.0,1.0,2.7557469799,Mendoza,"Mendoza, Public",Public,Town (15-100k),>50,Resto del país,Pública,Cuestionario directivo
03200159,31,31,369.34689312087096,ARG20,3203,320300,0.2841077720424672,430.3057550978754,441.037373379483,458.9337418837752,ARG,ARG20,320300,3203,5.0,46.0,54.0,9.0,2.0,4.7921511628,Mendoza,"Mendoza, Private",Private,Large city (1-10M),>50,Resto del país,Privada,Cuestionario directivo
03200160,29,27,3348.927691932986,ARG03,3200,320000,-1.503791469526102,329.45042292058747,330.50231364554503,361.46391196864704,ARG,ARG03,320000,3200,4.0,48.0,52.0,9.0,1.0,47.482666282,Rest of Country,"24 Depts Buenos Aires, Public",Public,City (100k-1M),>50,Buenos Aires,Pública,Cuestionario directivo
03200161,11,10,258.63692313467817,ARG08,3202,320200,-0.7928050855870439,401.6058984648852,415.72312773441,431.12692173086106,ARG,ARG08,320200,3202,2.0,56.0,44.0,9.0,2.0,21.717742857,Cordoba,"Cordoba, Private",Private,Small town (3-15k),>50,Córdoba,Privada,Cuestionario directivo
03200162,32,32,430.8572740262746,ARG02,3201,320100,0.0660748129430151,441.6967833629894,455.8179130726424,472.37297980759047,ARG,ARG02,320100,3201,,,,,,5.1805381443,CABA,"CABA, Private",No response,No response,No response,CABA,Privada,Estrato muestral (imputado)
03200163,32,32,388.549826261192,ARG19,3203,320300,-0.0637748444213197,436.84491111958687,474.6453540403835,483.6218598547304,ARG,ARG19,320300,3203,4.0,36.0,64.0,5.0,1.0,1.1218751366,Mendoza,"Mendoza, Public",Public,City (100k-1M),31-35,Resto del país,Pública,Cuestionario directivo
03200164,31,31,397.82700555029584,ARG19,3203,320300,-1.0672626935365976,367.4436592132944,355.35275195715093,389.2229453228504,ARG,ARG19,320300,3203,,,,,,3.0415281481,Mendoza,"Mendoza, Public",No response,No response,No response,Resto del país,Pública,Estrato muestral (imputado)
03200165,32,32,543.4658557402779,ARG01,3201,320100,0.5483005471947487,519.7153551571296,533.7087970765326,564.0215629052987,ARG,ARG01,320100,3201,5.0,55.0,45.0,4.0,1.0,1.4166526611,CABA,"CABA, Public",Public,Large city (1-10M),26-30,CABA,Pública,Cuestionario directivo
03200166,32,30,478.9367128697722,ARG19,3203,320300,-1.2698218056138952,336.04085749110084,349.75883326035233,363.5323048019748,ARG,ARG19,320300,3203,2.0,39.0,61.0,4.0,1.0,5.8658042857,Mendoza,"Mendoza, Public",Public,Small town (3-15k),26-30,Resto del país,Pública,Cuestionario directivo
03200167,30,28,636.5588821339034,ARG07,3202,320200,-1.1281327125388985,351.5934119075304,373.73129562623774,390.79347749929485,ARG,ARG07,320200,3202,5.0,46.0,54.0,9.0,1.0,5.5366238638,Cordoba,"Cordoba, Public",Public,Large city (1-10M),>50,Córdoba,Pública,Cuestionario directivo
03200168,32,32,674.3584526801735,ARG08,3202,320200,0.1541070218860548,455.0652630981966,482.9341117681786,506.72824870544383,ARG,ARG08,320200,3202,5.0,49.0,51.0,7.0,2.0,9.2697682927,Cordoba,"Cordoba, Private",Private,Large city (1-10M),41-45,Córdoba,Privada,Cuestionario directivo
03200169,30,29,819.2235134072197,ARG07,3202,320200,-0.9155606563593888,374.5983976731095,380.8284623053015,417.86723630453497,ARG,ARG07,320200,3202,4.0,40.0,60.0,9.0,1.0,5.0553274263,Cordoba,"Cordoba, Public",Public,City (100k-1M),>50,Córdoba,Pública,Cuestionario directivo
03200170,22,11,2280.139776501376,ARG12,3200,320000,0.5591609213545307,379.7731885589569,439.874241422354,372.1536966740167,ARG,ARG12,320000,3200,3.0,50.0,50.0,9.0,2.0,56.460459184,Rest of Country,"NEA, Private",Private,Town (15-100k),>50,Resto del país,Privada,Cuestionario directivo
03200171,28,28,523.251721328047,ARG01,3201,320100,-1.0496848776237508,352.24869457732524,369.7549327708091,385.1201079705632,ARG,ARG01,320100,3201,5.0,56.0,44.0,4.0,1.0,4.6398623853,CABA,"CABA, Public",Public,Large city (1-10M),26-30,CABA,Pública,Cuestionario directivo
03200172,26,22,491.5990180355203,ARG01,3201,320100,-0.6881306237794034,387.9871757441071,405.7412605410204,415.3407978105338,ARG,ARG01,320100,3201,,,,,,4.1797107438,CABA,"CABA, Public",No response,No response,No response,CABA,Pública,Estrato muestral (imputado)
03200173,23,22,342.4420818265008,ARG02,3201,320100,0.4317156603892507,431.2754068545452,448.2404909705268,461.22597113511466,ARG,ARG02,320100,3201,5.0,43.0,57.0,5.0,2.0,14.357491429,CABA,"CABA, Private",Private,Large city (1-10M),31-35,CABA,Privada,Cuestionario directivo
03200174,34,33,2836.644817073171,ARG10,3200,320000,0.0582911563492011,444.1455934700634,475.54459963393646,477.2030473720159,ARG,ARG10,320000,3200,5.0,51.0,49.0,9.0,2.0,39.952743902,Rest of Country,"Santa Fe, Private",Private,Large city (1-10M),>50,Santa Fe,Privada,Cuestionario directivo
03200175,17,16,1352.825216425652,ARG03,3200,320000,-0.8296977989400429,321.96121959974124,334.9473528912015,348.8574315437256,ARG,ARG03,320000,3200,4.0,49.0,51.0,9.0,1.0,22.422370189,Rest of Country,"24 Depts Buenos Aires, Public",Public,City (100k-1M),>50,Buenos Aires,Pública,Cuestionario directivo
03200176,35,33,894.1357353191763,ARG07,3202,320200,-0.4561554722861701,419.7163343627533,446.5096299698692,453.95389105382645,ARG,ARG07,320200,3202,2.0,46.0,54.0,9.0,1.0,9.4858391033,Cordoba,"Cordoba, Public",Public,Small town (3-15k),>50,Córdoba,Pública,Cuestionario directivo
03200177,31,31,3178.980010703979,ARG14,3200,320000,-0.4678503677699336,399.7531546973449,425.4108185776676,456.0454937514035,ARG,ARG14,320000,3200,4.0,42.0,58.0,9.0,2.0,28.571078151,Rest of Country,"NOA, Private",Private,City (100k-1M),>50,Resto del país,Privada,Cuestionario directivo
03200178,29,29,493.5982746229637,ARG02,3201,320100,0.7071316394700085,524.801422050926,525.7662311287722,554.9691056901067,ARG,ARG02,320100,3201,,,,,,1.053484696,CABA,"CABA, Private",No response,No response,No response,CABA,Privada,Estrato muestral (imputado)
03200179,29,28,398.0270536835002,ARG19,3203,320300,-0.9097712665257032,369.6794556950795,391.2132831749463,420.3283580268951,ARG,ARG19,320300,3203,3.0,48.0,52.0,5.0,1.0,2.2315559783,Mendoza,"Mendoza, Public",Public,Town (15-100k),31-35,Resto del país,Pública,Cuestionario directivo
03200180,31,26,305.86325621627867,ARG19,3203,320300,-0.8388453563335769,366.5587579764125,386.1215938634044,385.7501928473976,ARG,ARG19,320300,3203,4.0,42.0,58.0,9.0,1.0,4.3221715789,Mendoza,"Mendoza, Public",Public,City (100k-1M),>50,Resto del país,Pública,Cuestionario directivo
03200181,33,32,454.3605153202077,ARG02,3201,320100,-0.6236229454948526,411.8016526485738,418.988721008664,426.16180612967474,ARG,ARG02,320100,3201,2.0,50.0,50.0,9.0,2.0,5.025122,CABA,"CABA, Private",Private,Small town (3-15k),>50,CABA,Privada,Cuestionario directivo
03200182,25,8,3715.309817152175,ARG05,3200,320000,-1.8267794174989305,362.00192367072367,380.7890654029845,376.6577571967099,ARG,ARG05,320000,3200,,,,,,109.54279277,Rest of Country,"Rest of Buenos Aires, Public",No response,No response,No response,Buenos Aires,Pública,Estrato muestral (imputado)
03200183,29,20,1972.0891336706904,ARG12,3200,320000,-0.1734543141719239,353.03302124143266,370.2574685882351,362.0634620947907,ARG,ARG12,320000,3200,2.0,51.0,49.0,9.0,2.0,41.291977612,Rest of Country,"NEA, Private",Private,Small town (3-15k),>50,Resto del país,Privada,Cuestionario directivo
03200184,32,31,2308.258374509015,ARG09,3200,320000,-0.7380414231002701,365.8984909315824,360.97396343913454,394.3923593496364,ARG,ARG09,320000,3200,2.0,42.0,58.0,9.0,1.0,28.273258586,Rest of Country,"Santa Fe, Public",Public,Small town (3-15k),>50,Santa Fe,Pública,Cuestionario directivo
03200185,30,26,3167.397619029117,ARG03,3200,320000,-1.0844624425135607,401.1288209980812,412.7161750460808,428.9095433501474,ARG,ARG03,320000,3200,3.0,64.0,36.0,5.0,1.0,24.460767478,Rest of Country,"24 Depts Buenos Aires, Public",Public,Town (15-100k),31-35,Buenos Aires,Pública,Cuestionario directivo
03200186,35,35,706.4754818489291,ARG08,3202,320200,0.2355575290186213,453.3934567634907,485.3040610080576,501.7095725328155,ARG,ARG08,320200,3202,,,,,,7.60121,Cordoba,"Cordoba, Private",No response,No response,No response,Córdoba,Privada,Estrato muestral (imputado)
03200187,26,24,360.4808077332305,ARG19,3203,320300,-0.6812399731540776,345.35401760444046,367.5396286980064,384.2889546376435,ARG,ARG19,320300,3203,2.0,49.0,51.0,9.0,1.0,2.891593662,Mendoza,"Mendoza, Public",Public,Small town (3-15k),>50,Resto del país,Pública,Cuestionario directivo
03200188,34,33,811.1555201653503,ARG08,3202,320200,-0.4679482303351997,416.7456143594529,439.32311983605433,462.8769625126376,ARG,ARG08,320200,3202,5.0,49.0,51.0,3.0,2.0,11.016246377,Cordoba,"Cordoba, Private",Private,Large city (1-10M),21-25,Córdoba,Privada,Cuestionario directivo
03200189,22,19,2838.627996281421,ARG11,3200,320000,-0.7449669140285227,325.544870861506,337.2092787743229,359.3716630865701,ARG,ARG11,320000,3200,5.0,40.0,60.0,9.0,1.0,43.837739897,Rest of Country,"NEA, Public",Public,Large city (1-10M),>50,Resto del país,Pública,Cuestionario directivo
03200190,35,33,481.2009712862928,ARG02,3201,320100,0.931724035984676,460.1947501825883,452.38531520907065,460.2946593216985,ARG,ARG02,320100,3201,,,,,,4.1529933884,CABA,"CABA, Private",No response,No response,No response,CABA,Privada,Estrato muestral (imputado)
03200191,27,16,2977.911925318027,ARG11,3200,320000,-0.7820207954042543,306.4721989687155,319.1542492444145,325.73407713049454,ARG,ARG11,320000,3200,4.0,42.0,58.0,9.0,1.0,84.991536536,Rest of Country,"NEA, Public",Public,City (100k-1M),>50,Resto del país,Pública,Cuestionario directivo
03200192,35,35,622.59064931793,ARG02,3201,320100,0.7079215253324634,482.8581647387088,498.3955145730333,514.5243561421883,ARG,ARG02,320100,3201,,,,,,9.6636961538,CABA,"CABA, Private",No response,No response,No response,CABA,Privada,Estrato muestral (imputado)
03200193,32,31,755.4242079842874,ARG07,3202,320200,-0.8938462353953075,346.81059951126286,377.1686623183271,383.91403120840346,ARG,ARG07,320200,3202,3.0,52.0,48.0,4.0,1.0,7.9645252848,Cordoba,"Cordoba, Public",Public,Town (15-100k),26-30,Córdoba,Pública,Cuestionario directivo
03200194,22,20,1830.73393191136,ARG03,3200,320000,-1.133829366831006,331.8406422486249,356.5467083432726,367.95329428534126,ARG,ARG03,320000,3200,2.0,55.0,45.0,5.0,1.0,14.038353509,Rest of Country,"24 Depts Buenos Aires, Public",Public,Small town (3-15k),31-35,Buenos Aires,Pública,Cuestionario directivo
03200195,6,4,379.368,ARG19,3203,320300,-1.5781015966128833,338.4593738316668,329.90554784833336,351.52681184333335,ARG,ARG19,320300,3203,3.0,59.0,41.0,1.0,1.0,46.926434286,Mendoza,"Mendoza, Public",Public,Town (15-100k),≤15,Resto del país,Pública,Cuestionario directivo
03200196,26,25,4645.606468108993,ARG11,3200,320000,-0.7198213987228974,300.6960177960215,330.27133904538766,312.3049867439196,ARG,ARG11,320000,3200,3.0,46.0,54.0,9.0,1.0,28.721277864,Rest of Country,"NEA, Public",Public,Town (15-100k),>50,Resto del país,Pública,Cuestionario directivo
03200197,2,2,689.9543226908248,ARG11,3200,320000,-2.175701247770844,423.409158995,441.84907267,425.41101296,ARG,ARG11,320000,3200,2.0,65.0,35.0,,1.0,335.29795429,Rest of Country,"NEA, Public",Public,Small town (3-15k),No response,Resto del país,Pública,Cuestionario directivo
03200198,22,20,559.775970284557,ARG07,3202,320200,-0.9852942607161824,362.5246691368556,382.8062115787112,394.28826465330064,ARG,ARG07,320200,3202,5.0,49.0,51.0,9.0,1.0,8.3961988264,Cordoba,"Cordoba, Public",Public,Large city (1-10M),>50,Córdoba,Pública,Cuestionario directivo
03200199,28,25,319.3123333793309,ARG19,3203,320300,-0.895146115395996,376.1591124987552,405.1414495639973,402.0070770312266,ARG,ARG19,320300,3203,4.0,45.0,55.0,5.0,1.0,2.3598063218,Mendoza,"Mendoza, Public",Public,City (100k-1M),31-35,Resto del país,Pública,Cuestionario directivo
03200200,33,32,857.1295920494148,ARG08,3202,320200,0.0457517838237434,418.755948973568,453.2949529236445,477.2884537902637,ARG,ARG08,320200,3202,5.0,48.0,52.0,5.0,2.0,14.34190566,Cordoba,"Cordoba, Private",Private,Large city (1-10M),31-35,Córdoba,Privada,Cuestionario directivo
03200201,32,26,3459.764536113611,ARG15,3200,320000,-0.8536045931122909,343.59782856839547,358.2375143741391,402.2207547140128,ARG,ARG15,320000,3200,2.0,45.0,55.0,9.0,1.0,67.714361702,Rest of Country,"Cuyo, Public",Public,Small town (3-15k),>50,Resto del país,Pública,Cuestionario directivo
03200202,26,2,3210.3002323269325,ARG05,3200,320000,-0.5344093502981174,356.60464211104494,405.4105187435778,356.24837093969137,ARG,ARG05,320000,3200,2.0,61.0,39.0,9.0,1.0,22.552927923,Rest of Country,"Rest of Buenos Aires, Public",Public,Small town (3-15k),>50,Buenos Aires,Pública,Cuestionario directivo
03200203,28,23,279.7563775510204,ARG20,3203,320300,0.6782492101801821,392.98945880898,378.8926771453687,413.9925324833752,ARG,ARG20,320300,3203,5.0,50.0,50.0,4.0,2.0,9.8125,Mendoza,"Mendoza, Private",Private,Large city (1-10M),26-30,Resto del país,Privada,Cuestionario directivo
03200204,24,17,369.0815811871626,ARG01,3201,320100,-1.2304264022337232,360.27429060142595,372.6850633338171,386.3237278999157,ARG,ARG01,320100,3201,,,,,,2.0898553719,CABA,"CABA, Public",No response,No response,No response,CABA,Pública,Estrato muestral (imputado)
03200205,25,16,331.0230580059392,ARG19,3203,320300,-1.48367262564292,316.063668743487,325.03451022087546,345.26362653613467,ARG,ARG19,320300,3203,,,,,,11.731608571,Mendoza,"Mendoza, Public",No response,No response,No response,Resto del país,Pública,Estrato muestral (imputado)
03200206,24,21,2990.4585351470782,ARG03,3200,320000,-0.8663004426755334,360.1265479764854,374.5755701430149,386.3916101172907,ARG,ARG03,320000,3200,4.0,49.0,51.0,5.0,1.0,21.669941659,Rest of Country,"24 Depts Buenos Aires, Public",Public,City (100k-1M),31-35,Buenos Aires,Pública,Cuestionario directivo
03200207,32,31,2532.7626162557563,ARG18,3200,320000,0.5092874564210854,436.435218198044,450.55865756489294,444.68428835605073,ARG,ARG18,320000,3200,4.0,47.0,53.0,9.0,2.0,37.245598592,Rest of Country,"Patagonia, Private",Private,City (100k-1M),>50,Resto del país,Privada,Cuestionario directivo
03200208,16,15,1834.032080263527,ARG13,3200,320000,-0.8680202201949023,352.720838647649,371.7422682907376,385.8915239527408,ARG,ARG13,320000,3200,,,,,,32.418303401,Rest of Country,"NOA, Public",No response,No response,No response,Resto del país,Pública,Estrato muestral (imputado)
03200209,27,27,4826.415521019268,ARG11,3200,320000,-1.1112796112381564,323.6987626657027,364.0582360986229,355.10739087980767,ARG,ARG11,320000,3200,1.0,48.0,52.0,6.0,1.0,167.64897714,Rest of Country,"NEA, Public",Public,Village/rural (<3k),36-40,Resto del país,Pública,Cuestionario directivo
03200210,34,34,3115.341729719759,ARG04,3200,320000,-0.2727537619335473,409.1274052210508,425.4708810232808,440.75505271310897,ARG,ARG04,320000,3200,4.0,49.0,51.0,5.0,2.0,32.429828345,Rest of Country,"24 Depts Buenos Aires, Private",Private,City (100k-1M),31-35,Buenos Aires,Privada,Cuestionario directivo
03200211,15,14,1243.3888368167682,ARG09,3200,320000,-1.5662431944384063,350.4120777086554,329.53058447595606,375.6293441381415,ARG,ARG09,320000,3200,1.0,39.0,61.0,6.0,1.0,79.972931429,Rest of Country,"Santa Fe, Public",Public,Village/rural (<3k),36-40,Santa Fe,Pública,Cuestionario directivo
03200212,32,28,2908.769149754906,ARG04,3200,320000,0.4997819619091629,394.35907882775473,401.8815263601399,411.9139238485651,ARG,ARG04,320000,3200,4.0,56.0,44.0,4.0,2.0,55.913497147,Rest of Country,"24 Depts Buenos Aires, Private",Private,City (100k-1M),26-30,Buenos Aires,Privada,Cuestionario directivo
03200213,25,24,2896.139862209619,ARG05,3200,320000,-1.0768228123710106,338.44134249389134,366.2997803778233,358.124622974822,ARG,ARG05,320000,3200,,,,,,83.347777105,Rest of Country,"Rest of Buenos Aires, Public",No response,No response,No response,Buenos Aires,Pública,Estrato muestral (imputado)
03200214,29,27,593.7499754648694,ARG07,3202,320200,-1.064828409590045,348.3671501492992,374.9721458329056,383.8592771076605,ARG,ARG07,320200,3202,6.0,52.0,48.0,4.0,1.0,6.8219115464,Cordoba,"Cordoba, Public",Public,Megacity (>10M),26-30,Córdoba,Pública,Cuestionario directivo
03200215,21,21,356.5996214889397,ARG19,3203,320300,-0.9998434931568826,308.9703723510635,321.3947861061316,347.33084297415724,ARG,ARG19,320300,3203,,,,,,3.986468932,Mendoza,"Mendoza, Public",No response,No response,No response,Resto del país,Pública,Estrato muestral (imputado)
03200216,29,25,317.35883018564266,ARG02,3201,320100,0.4275393855972644,370.5645843581845,373.25610752045344,391.21955823387646,ARG,ARG02,320100,3201,,,,,,6.8837287671,CABA,"CABA, Private",No response,No response,No response,CABA,Privada,Estrato muestral (imputado)
03200217,31,22,2779.949881191123,ARG10,3200,320000,-1.707749190637188,286.8965889849751,306.5980412515776,301.7256524950579,ARG,ARG10,320000,3200,5.0,46.0,54.0,5.0,2.0,66.859693878,Rest of Country,"Santa Fe, Private",Private,Large city (1-10M),31-35,Santa Fe,Privada,Cuestionario directivo
03200218,31,29,3461.8070280979355,ARG03,3200,320000,-0.8212842441763847,367.2847826207136,406.3076406840961,400.2164061940131,ARG,ARG03,320000,3200,4.0,46.0,54.0,4.0,1.0,20.56574081,Rest of Country,"24 Depts Buenos Aires, Public",Public,City (100k-1M),26-30,Buenos Aires,Pública,Cuestionario directivo
03200219,32,31,3109.060077143171,ARG04,3200,320000,0.706213185601366,421.9534322401637,417.5340990252985,418.1491124409093,ARG,ARG04,320000,3200,4.0,47.0,53.0,2.0,2.0,87.648184716,Rest of Country,"24 Depts Buenos Aires, Private",Private,City (100k-1M),16-20,Buenos Aires,Privada,Cuestionario directivo
03200220,23,21,310.6231770241811,ARG19,3203,320300,-1.245192044158569,375.7380209710021,398.7543832058672,408.4677276417491,ARG,ARG19,320300,3203,,,,,,2.9121014184,Mendoza,"Mendoza, Public",No response,No response,No response,Resto del país,Pública,Estrato muestral (imputado)
03200221,31,29,450.300092181044,ARG02,3201,320100,1.0448411528381982,513.6184722477564,519.9625909669134,535.7217702956232,ARG,ARG02,320100,3201,,,,,,14.357491429,CABA,"CABA, Private",No response,No response,No response,CABA,Privada,Estrato muestral (imputado)
03200222,30,29,427.5106468270325,ARG07,3202,320200,-0.7663540758410735,382.3471864534933,399.17590821113697,418.83295666166,ARG,ARG07,320200,3202,3.0,62.0,38.0,4.0,1.0,5.9037739874,Cordoba,"Cordoba, Public",Public,Town (15-100k),26-30,Córdoba,Pública,Cuestionario directivo
03200223,32,32,469.48079319978905,ARG19,3203,320300,0.3364487507369168,475.9573862869626,504.2290877911465,536.801026717221,ARG,ARG19,320300,3203,4.0,31.0,69.0,9.0,1.0,2.2194935135,Mendoza,"Mendoza, Public",Public,City (100k-1M),>50,Resto del país,Pública,Cuestionario directivo
03200224,32,27,4222.609159615776,ARG15,3200,320000,-0.8886048822343281,333.60534768662745,358.27446066763844,373.3277563246251,ARG,ARG15,320000,3200,3.0,54.0,46.0,9.0,1.0,75.775595238,Rest of Country,"Cuyo, Public",Public,Town (15-100k),>50,Resto del país,Pública,Cuestionario directivo
03200225,28,22,3546.318406991252,ARG04,3200,320000,-0.8897527504883281,332.04387305677767,387.1592273341956,334.903423922043,ARG,ARG04,320000,3200,4.0,50.0,50.0,9.0,2.0,30.027618838,Rest of Country,"24 Depts Buenos Aires, Private",Private,City (100k-1M),>50,Buenos Aires,Privada,Cuestionario directivo
03200226,25,24,2490.5042733278287,ARG10,3200,320000,-0.5702411882804599,404.0540309387469,430.48600182791097,441.5578317981575,ARG,ARG10,320000,3200,5.0,45.0,55.0,3.0,2.0,93.603571429,Rest of Country,"Santa Fe, Private",Private,Large city (1-10M),21-25,Santa Fe,Privada,Cuestionario directivo
03200227,25,23,584.2377456554724,ARG07,3202,320200,-0.8261164228598906,398.6360218225912,412.09634918743706,450.91322553234994,ARG,ARG07,320200,3202,2.0,57.0,43.0,9.0,1.0,21.830116949,Cordoba,"Cordoba, Public",Public,Small town (3-15k),>50,Córdoba,Pública,Cuestionario directivo
03200228,31,28,487.93720149953685,ARG01,3201,320100,-0.4310695716602947,424.535415503194,464.5149491029039,461.5322160958905,ARG,ARG01,320100,3201,,,,,,5.6825280899,CABA,"CABA, Public",No response,No response,No response,CABA,Pública,Estrato muestral (imputado)
03200229,32,30,419.0020098334807,ARG19,3203,320300,-0.0386770514322698,441.70009674715976,454.84948097854976,474.2216739418613,ARG,ARG19,320300,3203,4.0,43.0,57.0,9.0,1.0,1.6967202479,Mendoza,"Mendoza, Public",Public,City (100k-1M),>50,Resto del país,Pública,Cuestionario directivo
03200230,33,33,467.2324673370877,ARG20,3203,320300,0.5124224532340936,425.958078835947,455.2580453505629,472.84804845024064,ARG,ARG20,320300,3203,4.0,51.0,49.0,9.0,2.0,4.1628787879,Mendoza,"Mendoza, Private",Private,City (100k-1M),>50,Resto del país,Privada,Cuestionario directivo
03200231,31,31,412.6642515357876,ARG19,3203,320300,-0.1563299276875305,443.9974756076409,460.3029569961451,478.532434703727,ARG,ARG19,320300,3203,4.0,73.0,27.0,9.0,1.0,2.5987740506,Mendoza,"Mendoza, Public",Public,City (100k-1M),>50,Resto del país,Pública,Cuestionario directivo
03200232,30,30,486.5012989013416,ARG01,3201,320100,0.2173403246228302,466.134530695657,501.1511785963979,521.029943570058,ARG,ARG01,320100,3201,5.0,47.0,53.0,9.0,1.0,2.6340885417,CABA,"CABA, Public",Public,Large city (1-10M),>50,CABA,Pública,Cuestionario directivo
03200233,34,32,516.619586623331,ARG02,3201,320100,-0.3641272202897485,425.8957655180416,434.3556683553558,443.70820905400353,ARG,ARG02,320100,3201,4.0,48.0,52.0,9.0,2.0,6.6120026316,CABA,"CABA, Private",Private,City (100k-1M),>50,CABA,Privada,Cuestionario directivo
03200234,30,27,468.8808081459604,ARG01,3201,320100,-0.8699656777642535,406.2141993639486,435.79082402219854,446.0308791026936,ARG,ARG01,320100,3201,,,,,,3.8314015152,CABA,"CABA, Public",No response,No response,No response,CABA,Pública,Estrato muestral (imputado)
03200235,30,28,4214.661315791657,ARG17,3200,320000,-0.64627099738306,358.37737147612125,379.7850662774344,381.84161034218187,ARG,ARG17,320000,3200,2.0,50.0,50.0,9.0,1.0,82.779543239,Rest of Country,"Patagonia, Public",Public,Small town (3-15k),>50,Resto del país,Pública,Cuestionario directivo
03200236,34,32,651.882690125469,ARG08,3202,320200,0.2639063798286222,419.2918583605324,436.45907474764624,464.8075289016886,ARG,ARG08,320200,3202,3.0,43.0,57.0,9.0,2.0,10.858871429,Cordoba,"Cordoba, Private",Private,Town (15-100k),>50,Córdoba,Privada,Cuestionario directivo
03200237,1,1,252.24041189188824,ARG05,3200,320000,-2.07762176630984,425.87632168,455.2672820000001,477.09489657000006,ARG,ARG05,320000,3200,2.0,31.0,69.0,1.0,1.0,219.08558553,Rest of Country,"Rest of Buenos Aires, Public",Public,Small town (3-15k),≤15,Buenos Aires,Pública,Cuestionario directivo
03200238,35,34,3353.352220735057,ARG14,3200,320000,-0.8797764351052346,310.3564625989856,365.1221880786445,354.4793765227318,ARG,ARG14,320000,3200,3.0,24.0,76.0,9.0,2.0,43.589208974,Rest of Country,"NOA, Private",Private,Town (15-100k),>50,Resto del país,Privada,Cuestionario directivo
03200239,23,15,2444.3125045860816,ARG05,3200,320000,-1.4146924665414318,286.4219554188981,301.4207867134459,294.88301143555145,ARG,ARG05,320000,3200,4.0,53.0,47.0,2.0,1.0,67.263118366,Rest of Country,"Rest of Buenos Aires, Public",Public,City (100k-1M),16-20,Buenos Aires,Pública,Cuestionario directivo
03200240,17,17,399.620322938648,ARG08,3202,320200,-1.0922548902542926,389.31942309115647,389.9711034575952,411.6517001665863,ARG,ARG08,320200,3202,1.0,53.0,47.0,6.0,2.0,21.717742857,Cordoba,"Cordoba, Private",Private,Village/rural (<3k),36-40,Córdoba,Privada,Cuestionario directivo
03200241,27,23,326.4235038213951,ARG19,3203,320300,-0.9947327927162696,333.2449759595762,339.1492843170742,365.50498896255056,ARG,ARG19,320300,3203,,,,,,3.7670302752,Mendoza,"Mendoza, Public",No response,No response,No response,Resto del país,Pública,Estrato muestral (imputado)
03200242,30,30,387.0079506716788,ARG19,3203,320300,-0.1634478750139665,414.5541225889882,431.7713043717778,453.7123634242778,ARG,ARG19,320300,3203,3.0,73.0,27.0,4.0,1.0,3.6018096491,Mendoza,"Mendoza, Public",Public,Town (15-100k),26-30,Resto del país,Pública,Cuestionario directivo
03200243,1,1,363.7228571428572,ARG15,3200,320000,-1.7546320498795904,388.30943002,374.32328211,395.68163676,ARG,ARG15,320000,3200,3.0,71.0,29.0,4.0,1.0,363.72285714,Rest of Country,"Cuyo, Public",Public,Town (15-100k),26-30,Resto del país,Pública,Cuestionario directivo
03200244,20,16,2267.351330673551,ARG13,3200,320000,-1.087265681317263,299.8836206312236,315.6456695629537,338.9583561975955,ARG,ARG13,320000,3200,3.0,51.0,49.0,9.0,1.0,39.058196868,Rest of Country,"NOA, Public",Public,Town (15-100k),>50,Resto del país,Pública,Cuestionario directivo
03200245,28,27,2397.125725738057,ARG14,3200,320000,0.103742043919841,351.2387257436999,395.0839907199899,377.6469541141301,ARG,ARG14,320000,3200,3.0,43.0,57.0,5.0,2.0,73.912136957,Rest of Country,"NOA, Private",Private,Town (15-100k),31-35,Resto del país,Privada,Cuestionario directivo
03200246,29,20,3469.906117063452,ARG17,3200,320000,-0.5737783056047471,349.2894752061478,364.0630932069331,364.9499945115016,ARG,ARG17,320000,3200,4.0,42.0,58.0,9.0,1.0,34.191550468,Rest of Country,"Patagonia, Public",Public,City (100k-1M),>50,Resto del país,Pública,Cuestionario directivo
03200247,32,32,430.4674504241871,ARG02,3201,320100,0.2287021098053523,471.1317352667188,484.8661088102132,507.4646904728504,ARG,ARG02,320100,3201,,,,,,8.6640034483,CABA,"CABA, Private",No response,No response,No response,CABA,Privada,Estrato muestral (imputado)
03200248,12,12,1059.7574803033567,ARG11,3200,320000,-1.1159956838601603,321.0723827246926,343.92754013182946,353.8804653179307,ARG,ARG11,320000,3200,1.0,52.0,48.0,9.0,1.0,83.824488571,Rest of Country,"NEA, Public",Public,Village/rural (<3k),>50,Resto del país,Pública,Cuestionario directivo
03200249,30,18,1013.9306233058436,ARG08,3202,320200,-0.5165465999480412,371.7868177077468,401.3997501183857,413.3642093343756,ARG,ARG08,320200,3202,,,,,,19.490282051,Cordoba,"Cordoba, Private",No response,No response,No response,Córdoba,Privada,Estrato muestral (imputado)
03200250,30,26,487.6721257655139,ARG01,3201,320100,-1.2208627718389162,370.0061995238876,384.8274562586497,400.5281184119333,ARG,ARG01,320100,3201,5.0,56.0,44.0,9.0,1.0,3.3716333333,CABA,"CABA, Public",Public,Large city (1-10M),>50,CABA,Pública,Cuestionario directivo
03200251,35,31,2753.5998901353432,ARG13,3200,320000,-0.784547330871993,345.1480723143169,362.9911909165753,381.4834082672584,ARG,ARG13,320000,3200,5.0,63.0,38.0,4.0,1.0,43.808518109,Rest of Country,"NOA, Public",Public,Large city (1-10M),26-30,Resto del país,Pública,Cuestionario directivo
03200252,21,18,3233.211921548894,ARG13,3200,320000,-1.3562234708729914,276.37734190932025,311.94117278657615,303.5727609414533,ARG,ARG13,320000,3200,1.0,59.0,41.0,9.0,1.0,35.237286305,Rest of Country,"NOA, Public",Public,Village/rural (<3k),>50,Resto del país,Pública,Cuestionario directivo
03200253,30,30,367.3793078114295,ARG19,3203,320300,-0.9247364149127956,381.1337023978148,385.9863164565439,406.27001845920825,ARG,ARG19,320300,3203,,,,,,6.9594288136,Mendoza,"Mendoza, Public",No response,No response,No response,Resto del país,Pública,Estrato muestral (imputado)
03200254,16,15,1455.9740911989795,ARG12,3200,320000,-0.6108945487361997,387.1153038998182,419.73189429505817,408.0249846357489,ARG,ARG12,320000,3200,3.0,40.0,60.0,,2.0,79.044642857,Rest of Country,"NEA, Private",Private,Town (15-100k),No response,Resto del país,Privada,Cuestionario directivo
03200255,32,25,2334.0107569257234,ARG13,3200,320000,-0.7172066411365231,330.0082343602812,345.699307410971,368.46954049213525,ARG,ARG13,320000,3200,2.0,44.0,56.0,9.0,1.0,50.653599063,Rest of Country,"NOA, Public",Public,Small town (3-15k),>50,Resto del país,Pública,Cuestionario directivo
03200256,31,28,688.7143536349422,ARG08,3202,320200,-0.6274765412385261,417.6825158166067,461.7622432609205,476.238243988775,ARG,ARG08,320200,3202,2.0,42.0,58.0,9.0,1.0,8.173344086,Cordoba,"Cordoba, Private",Public,Small town (3-15k),>50,Córdoba,Pública,Cuestionario directivo
03200257,27,27,577.7334805100944,ARG07,3202,320200,-1.4453932214330043,355.3492246631059,347.71355872246966,381.8801151407321,ARG,ARG07,320200,3202,2.0,81.0,19.0,3.0,1.0,17.193783333,Cordoba,"Cordoba, Public",Public,Small town (3-15k),21-25,Córdoba,Pública,Cuestionario directivo
03200258,30,27,3429.931852047442,ARG03,3200,320000,-1.2222610050104057,342.0967402709767,368.51042488552525,343.9652756990432,ARG,ARG03,320000,3200,3.0,47.0,53.0,9.0,1.0,62.092717445,Rest of Country,"24 Depts Buenos Aires, Public",Public,Town (15-100k),>50,Buenos Aires,Pública,Cuestionario directivo
03200259,23,19,328.8895128884313,ARG19,3203,320300,-1.1170737268572386,328.4921773228712,339.73596323142044,356.3239458131479,ARG,ARG19,320300,3203,,,,,,2.566289375,Mendoza,"Mendoza, Public",No response,No response,No response,Resto del país,Pública,Estrato muestral (imputado)
03200260,22,20,2647.2234679655107,ARG05,3200,320000,-1.2385288952964673,354.89015278674503,369.6492554887312,370.96286606462087,ARG,ARG05,320000,3200,,,,,,37.960373731,Rest of Country,"Rest of Buenos Aires, Public",No response,No response,No response,Buenos Aires,Pública,Estrato muestral (imputado)
03200261,16,15,4521.190858019749,ARG05,3200,320000,-1.2094216480803714,324.86515703251064,310.74928917108014,339.9088563479079,ARG,ARG05,320000,3200,1.0,48.0,52.0,1.0,1.0,219.08558553,Rest of Country,"Rest of Buenos Aires, Public",Public,Village/rural (<3k),≤15,Buenos Aires,Pública,Cuestionario directivo
03200262,32,32,735.6600479026447,ARG08,3202,320200,0.4740799280159698,438.673600505468,466.143657433409,470.5560072238507,ARG,ARG08,320200,3202,3.0,46.0,54.0,6.0,2.0,11.345089552,Cordoba,"Cordoba, Private",Private,Town (15-100k),36-40,Córdoba,Privada,Cuestionario directivo
03200263,17,16,1790.5247766843029,ARG14,3200,320000,-0.5778210918529397,336.06290693599766,391.0775165292024,379.8474365059532,ARG,ARG14,320000,3200,3.0,38.0,62.0,3.0,2.0,97.141665714,Rest of Country,"NOA, Private",Private,Town (15-100k),21-25,Resto del país,Privada,Cuestionario directivo
03200264,34,34,640.8769079660194,ARG08,3202,320200,-0.4100802791582557,402.6796604663259,423.1019472077433,444.7747950437597,ARG,ARG08,320200,3202,4.0,38.0,62.0,4.0,2.0,14.076314815,Cordoba,"Cordoba, Private",Private,City (100k-1M),26-30,Córdoba,Privada,Cuestionario directivo
03200265,2,2,400.37983273048,ARG15,3200,320000,-1.824312524158977,295.706239665588,367.17482424248055,366.309204978004,ARG,ARG15,320000,3200,1.0,55.0,45.0,1.0,1.0,181.86142857,Rest of Country,"Cuyo, Public",Public,Village/rural (<3k),≤15,Resto del país,Pública,Cuestionario directivo
03200266,29,26,382.1481214109058,ARG01,3201,320100,-0.3756133026664861,411.56481509355774,428.7290469754988,458.0356111350116,ARG,ARG01,320100,3201,5.0,47.0,53.0,9.0,1.0,4.9582843137,CABA,"CABA, Public",Public,Large city (1-10M),>50,CABA,Pública,Cuestionario directivo
03200267,33,32,388.575,ARG20,3203,320300,0.0871021458195057,425.4309012433334,435.9678925754545,455.6205749375757,ARG,ARG20,320300,3203,3.0,37.0,63.0,5.0,2.0,11.775,Mendoza,"Mendoza, Private",Private,Town (15-100k),31-35,Resto del país,Privada,Cuestionario directivo
03200268,24,21,2319.3228053255675,ARG03,3200,320000,-0.7003467005687714,349.1515834050957,367.9840308561781,372.9414983414912,ARG,ARG03,320000,3200,4.0,53.0,47.0,9.0,1.0,55.669332882,Rest of Country,"24 Depts Buenos Aires, Public",Public,City (100k-1M),>50,Buenos Aires,Pública,Cuestionario directivo
03200269,31,29,355.8942714955829,ARG02,3201,320100,0.3269138671728006,436.4325877772709,444.75376078967327,468.14809696079993,ARG,ARG02,320100,3201,,,,,,7.3898852941,CABA,"CABA, Private",No response,No response,No response,CABA,Privada,Estrato muestral (imputado)
03200270,33,32,630.8095115657018,ARG02,3201,320100,-0.1887552582483384,408.682215491088,415.71094904981135,446.967410724404,ARG,ARG02,320100,3201,5.0,54.0,46.0,7.0,2.0,14.357491429,CABA,"CABA, Private",Private,Large city (1-10M),41-45,CABA,Privada,Cuestionario directivo
03200271,30,22,856.2869018211028,ARG07,3202,320200,-0.881162368930096,324.1648195464911,344.0820633762961,354.2031909265244,ARG,ARG07,320200,3202,5.0,52.0,48.0,9.0,1.0,10.761325256,Cordoba,"Cordoba, Public",Public,Large city (1-10M),>50,Córdoba,Pública,Cuestionario directivo
03200272,26,24,1653.7134231934172,ARG04,3200,320000,0.0173489450517643,411.7033200275199,416.99902819280425,428.3070374083504,ARG,ARG04,320000,3200,5.0,52.0,48.0,9.0,2.0,60.055237676,Rest of Country,"24 Depts Buenos Aires, Private",Private,Large city (1-10M),>50,Buenos Aires,Privada,Cuestionario directivo
03200273,31,30,5652.008463099977,ARG03,3200,320000,-0.8827080601719334,355.0329324382653,386.22103915128,393.9942151108164,ARG,ARG03,320000,3200,4.0,42.0,58.0,3.0,1.0,92.252037347,Rest of Country,"24 Depts Buenos Aires, Public",Public,City (100k-1M),21-25,Buenos Aires,Pública,Cuestionario directivo
03200274,22,22,2002.2290338010207,ARG12,3200,320000,-1.1983241483344005,338.2917622532939,378.7333126925167,350.6440478582111,ARG,ARG12,320000,3200,3.0,47.0,53.0,9.0,2.0,79.044642857,Rest of Country,"NEA, Private",Private,Town (15-100k),>50,Resto del país,Privada,Cuestionario directivo
03200275,23,20,3248.051695880897,ARG11,3200,320000,-0.5428634252380387,301.1599395022272,308.8483163739697,304.1852460337295,ARG,ARG11,320000,3200,4.0,54.0,46.0,9.0,1.0,51.414633213,Rest of Country,"NEA, Public",Public,City (100k-1M),>50,Resto del país,Pública,Cuestionario directivo
03200276,19,18,228.5311224489796,ARG20,3203,320300,0.2824443300179902,397.6928906150631,404.0992195588959,411.0561713648265,ARG,ARG20,320300,3203,3.0,50.0,50.0,3.0,2.0,11.775,Mendoza,"Mendoza, Private",Private,Town (15-100k),21-25,Resto del país,Privada,Cuestionario directivo
03200277,32,32,671.2207963977163,ARG08,3202,320200,-0.7872046991328536,384.9603910701229,403.4156354229014,416.5404932982676,ARG,ARG08,320200,3202,2.0,52.0,48.0,4.0,1.0,10.271905405,Cordoba,"Cordoba, Private",Public,Small town (3-15k),26-30,Córdoba,Pública,Cuestionario directivo
03200278,35,34,2848.804347826087,ARG10,3200,320000,0.807197649787784,433.297045612,443.93216928228566,481.03853963,ARG,ARG10,320000,3200,5.0,50.0,50.0,9.0,2.0,28.488043478,Rest of Country,"Santa Fe, Private",Private,Large city (1-10M),>50,Santa Fe,Privada,Cuestionario directivo
03200279,29,27,759.0875554392794,ARG07,3202,320200,-0.7759312440432244,374.407291478949,409.0818229152446,420.5375612261467,ARG,ARG07,320200,3202,2.0,57.0,43.0,9.0,1.0,6.2794686957,Cordoba,"Cordoba, Public",Public,Small town (3-15k),>50,Córdoba,Pública,Cuestionario directivo
03200280,24,21,748.9386337618939,ARG07,3202,320200,-0.9981432487434148,386.1279921747446,404.8415126509088,422.3579773410352,ARG,ARG07,320200,3202,4.0,50.0,50.0,5.0,1.0,8.3969639535,Cordoba,"Cordoba, Public",Public,City (100k-1M),31-35,Córdoba,Pública,Cuestionario directivo
03200281,31,29,385.8327459808211,ARG02,3201,320100,-0.1018930692104932,408.6183695311256,418.7663255427598,417.9637376772418,ARG,ARG02,320100,3201,5.0,46.0,54.0,9.0,2.0,2.8390519774,CABA,"CABA, Private",Private,Large city (1-10M),>50,CABA,Privada,Cuestionario directivo
03200282,25,19,407.5508783949255,ARG01,3201,320100,-1.5241097411424318,309.9067029514829,330.6767494026416,335.3968998785551,ARG,ARG01,320100,3201,5.0,52.0,48.0,3.0,1.0,9.0311607143,CABA,"CABA, Public",Public,Large city (1-10M),21-25,CABA,Pública,Cuestionario directivo
03200283,24,21,3133.922241225552,ARG13,3200,320000,-0.7332315044574841,381.8797035605109,389.5634505228964,415.8230198788541,ARG,ARG13,320000,3200,4.0,72.0,28.0,6.0,1.0,20.648600892,Rest of Country,"NOA, Public",Public,City (100k-1M),36-40,Resto del país,Pública,Cuestionario directivo
03200284,31,28,2832.4019499488195,ARG18,3200,320000,0.3674722260590977,444.3432396961053,438.443188229952,460.1720651254233,ARG,ARG18,320000,3200,4.0,42.0,58.0,9.0,2.0,53.968112245,Rest of Country,"Patagonia, Private",Private,City (100k-1M),>50,Resto del país,Privada,Cuestionario directivo
03200285,32,32,538.2175837376884,ARG08,3202,320200,-1.307221519190306,333.2173943387032,371.86079919979215,370.37112655575606,ARG,ARG08,320200,3202,,,,,,6.4967606838,Cordoba,"Cordoba, Private",No response,No response,No response,Córdoba,Privada,Estrato muestral (imputado)
03200286,28,26,752.5438880060577,ARG17,3200,320000,-0.5568800654968001,363.3983751534614,381.566932529716,359.26265894060185,ARG,ARG17,320000,3200,4.0,42.0,58.0,5.0,1.0,18.395454053,Rest of Country,"Patagonia, Public",Public,City (100k-1M),31-35,Resto del país,Pública,Cuestionario directivo
03200287,26,25,4386.25822355647,ARG06,3200,320000,1.001102133424596,464.0027792251335,489.3350805110484,520.3422172606699,ARG,ARG06,320000,3200,2.0,55.0,45.0,9.0,2.0,127.35923054,Rest of Country,"Rest of Buenos Aires, Private",Private,Small town (3-15k),>50,Buenos Aires,Privada,Cuestionario directivo
03200288,30,27,576.434913584877,ARG01,3201,320100,-1.326494192484987,364.2583517551942,381.9775576576943,396.5057201937018,ARG,ARG01,320100,3201,5.0,75.0,25.0,5.0,1.0,5.3802659574,CABA,"CABA, Public",Public,Large city (1-10M),31-35,CABA,Pública,Cuestionario directivo
03200289,30,26,5118.568591572873,ARG06,3200,320000,-0.3250800211086528,366.25441542051806,379.3626419780391,424.30806682151024,ARG,ARG06,320000,3200,4.0,40.0,60.0,9.0,2.0,127.35923054,Rest of Country,"Rest of Buenos Aires, Private",Private,City (100k-1M),>50,Buenos Aires,Privada,Cuestionario directivo
03200290,21,18,230.10717827263267,ARG19,3203,320300,-1.2710363140597642,361.53341033954376,374.7904255754859,394.96908702355177,ARG,ARG19,320300,3203,,,,,,3.311341129,Mendoza,"Mendoza, Public",No response,No response,No response,Resto del país,Pública,Estrato muestral (imputado)
03200291,26,20,3750.492328793487,ARG03,3200,320000,-1.4733360465417251,309.3682315497378,342.4862526400293,327.12742086143896,ARG,ARG03,320000,3200,2.0,48.0,52.0,9.0,1.0,71.751584603,Rest of Country,"24 Depts Buenos Aires, Public",Public,Small town (3-15k),>50,Buenos Aires,Pública,Cuestionario directivo
03200292,25,19,2982.0307187809685,ARG13,3200,320000,-1.0083347082198693,309.845233328112,321.9958225424812,328.89089889190933,ARG,ARG13,320000,3200,5.0,45.0,55.0,9.0,1.0,70.47457261,Rest of Country,"NOA, Public",Public,Large city (1-10M),>50,Resto del país,Pública,Cuestionario directivo
03200293,31,30,773.6762743898857,ARG08,3202,320200,0.5036847737864466,466.5401159556777,486.9800342607521,501.4152745416037,ARG,ARG08,320200,3202,5.0,48.0,52.0,7.0,2.0,6.0327063492,Cordoba,"Cordoba, Private",Private,Large city (1-10M),41-45,Córdoba,Privada,Cuestionario directivo
03200294,25,25,341.475,ARG20,3203,320300,-0.4523779659438577,392.775861474,398.1937112836,418.2823130084,ARG,ARG20,320300,3203,3.0,41.0,59.0,5.0,2.0,11.775,Mendoza,"Mendoza, Private",Private,Town (15-100k),31-35,Resto del país,Privada,Cuestionario directivo
03200295,32,32,1970.601436395268,ARG13,3200,320000,-0.477556770484228,451.166705747203,472.3958151999589,496.479226426704,ARG,ARG13,320000,3200,5.0,42.0,58.0,6.0,1.0,14.094914522,Rest of Country,"NOA, Public",Public,Large city (1-10M),36-40,Resto del país,Pública,Cuestionario directivo
03200296,19,9,2354.080902031804,ARG03,3200,320000,-1.1449442499632614,314.3965679482029,375.3971704953641,325.9163924200138,ARG,ARG03,320000,3200,3.0,63.0,38.0,9.0,1.0,10.945156973,Rest of Country,"24 Depts Buenos Aires, Public",Public,Town (15-100k),>50,Buenos Aires,Pública,Cuestionario directivo
03200297,11,11,1528.7185749730943,ARG03,3200,320000,-0.5925772297754264,370.575798620918,387.951969370704,403.4286883932844,ARG,ARG03,320000,3200,4.0,49.0,51.0,9.0,1.0,87.265440734,Rest of Country,"24 Depts Buenos Aires, Public",Public,City (100k-1M),>50,Buenos Aires,Pública,Cuestionario directivo
03200298,27,16,340.45058903609845,ARG19,3203,320300,-1.354165277691061,328.86941407585266,360.5381904268205,362.0512103701233,ARG,ARG19,320300,3203,3.0,43.0,57.0,4.0,1.0,6.0383279412,Mendoza,"Mendoza, Public",Public,Town (15-100k),26-30,Resto del país,Pública,Cuestionario directivo
03200299,29,23,350.0209104473953,ARG19,3203,320300,-1.3117549105271311,332.3450764498695,335.43191815171446,362.819249828143,ARG,ARG19,320300,3203,2.0,47.0,53.0,,1.0,3.2587801587,Mendoza,"Mendoza, Public",Public,Small town (3-15k),No response,Resto del país,Pública,Cuestionario directivo
03200300,28,0,3468.204173179589,ARG04,3200,320000,,362.20177327361097,419.54199118994336,360.17022864313515,ARG,ARG04,320000,3200,4.0,50.0,50.0,9.0,2.0,27.024856954,Rest of Country,"24 Depts Buenos Aires, Private",Private,City (100k-1M),>50,Buenos Aires,Privada,Cuestionario directivo
03200301,29,27,2363.278726607446,ARG15,3200,320000,-0.5995317426215836,394.0207859048632,402.8200283198336,430.607245294317,ARG,ARG15,320000,3200,4.0,50.0,50.0,9.0,2.0,45.465357143,Rest of Country,"Cuyo, Public",Private,City (100k-1M),>50,Resto del país,Privada,Cuestionario directivo
03200302,33,32,430.5888647208328,ARG07,3202,320200,-0.2858345973051978,442.7078283388604,450.8172670493424,485.96993971520334,ARG,ARG07,320200,3202,3.0,59.0,41.0,4.0,1.0,11.109829231,Cordoba,"Cordoba, Public",Public,Town (15-100k),26-30,Córdoba,Pública,Cuestionario directivo
03200303,31,0,929.7278668108504,ARG07,3202,320200,,337.39039053511186,373.14772190807423,367.9624353422884,ARG,ARG07,320200,3202,,,,,,24.12113372,Cordoba,"Cordoba, Public",No response,No response,No response,Córdoba,Pública,Estrato muestral (imputado)
03200304,34,33,711.4503618184804,ARG08,3202,320200,0.1281497166517571,414.5770196695551,453.439586879742,469.60315077430886,ARG,ARG08,320200,3202,5.0,48.0,52.0,6.0,2.0,6.8479369369,Cordoba,"Cordoba, Private",Private,Large city (1-10M),36-40,Córdoba,Privada,Cuestionario directivo
03200305,33,33,373.0651525714285,ARG19,3203,320300,-0.3127755806882931,402.7739569721212,425.7736074778787,440.4775855636362,ARG,ARG19,320300,3203,5.0,36.0,64.0,5.0,1.0,3.7327845455,Mendoza,"Mendoza, Public",Public,Large city (1-10M),31-35,Resto del país,Pública,Cuestionario directivo
03200306,11,9,1959.347916271906,ARG11,3200,320000,-0.9979802839158178,334.0101544133332,342.5559101083239,368.6301438665096,ARG,ARG11,320000,3200,3.0,53.0,47.0,2.0,1.0,167.64897714,Rest of Country,"NEA, Public",Public,Town (15-100k),16-20,Resto del país,Pública,Cuestionario directivo
03200307,11,11,919.1362328347652,ARG09,3200,320000,-1.4303954324203758,354.52419212490634,364.64724636319966,338.87946276001355,ARG,ARG09,320000,3200,2.0,57.0,43.0,4.0,1.0,79.972931429,Rest of Country,"Santa Fe, Public",Public,Small town (3-15k),26-30,Santa Fe,Pública,Cuestionario directivo
03200308,30,29,3737.537260235108,ARG04,3200,320000,-0.4865594304166261,444.09373142074855,461.5970877766741,471.9386309319863,ARG,ARG04,320000,3200,3.0,47.0,53.0,9.0,2.0,35.249813419,Rest of Country,"24 Depts Buenos Aires, Private",Private,Town (15-100k),>50,Buenos Aires,Privada,Cuestionario directivo
03200309,30,23,2962.250157189217,ARG03,3200,320000,-1.3894694476315683,297.8238149132373,324.82806324902,312.1692497561089,ARG,ARG03,320000,3200,3.0,56.0,44.0,9.0,1.0,27.362892434,Rest of Country,"24 Depts Buenos Aires, Public",Public,Town (15-100k),>50,Buenos Aires,Pública,Cuestionario directivo
03200310,32,31,674.2247812135016,ARG07,3202,320200,-0.9764819397378508,365.7820344378353,408.7074941537815,403.2543971636751,ARG,ARG07,320200,3202,4.0,47.0,53.0,1.0,1.0,7.7964703388,Cordoba,"Cordoba, Public",Public,City (100k-1M),≤15,Córdoba,Pública,Cuestionario directivo
03200311,29,25,1196.8422196231843,ARG15,3200,320000,-1.3471120662949363,296.76333647453765,320.0434675985861,343.0541306322769,ARG,ARG15,320000,3200,4.0,45.0,55.0,9.0,1.0,31.82575,Rest of Country,"Cuyo, Public",Public,City (100k-1M),>50,Resto del país,Pública,Cuestionario directivo
03200312,29,29,400.50866079687154,ARG01,3201,320100,0.0188281430498903,448.682429221277,487.2257605660181,487.1554003304826,ARG,ARG01,320100,3201,5.0,52.0,48.0,9.0,1.0,1.2395710784,CABA,"CABA, Public",Public,Large city (1-10M),>50,CABA,Pública,Cuestionario directivo
03200313,31,29,857.080459411295,ARG07,3202,320200,-0.4234539553718917,392.3835129839498,424.3330864692825,424.571951735621,ARG,ARG07,320200,3202,3.0,50.0,50.0,9.0,1.0,7.221389,Cordoba,"Cordoba, Public",Public,Town (15-100k),>50,Córdoba,Pública,Cuestionario directivo
03200314,7,6,173.80523316578777,ARG07,3202,320200,-1.932170653506188,376.3574586189524,371.8876630316561,406.930593535143,ARG,ARG07,320200,3202,6.0,49.0,51.0,4.0,1.0,21.830116949,Cordoba,"Cordoba, Public",Public,Megacity (>10M),26-30,Córdoba,Pública,Cuestionario directivo
03200315,22,17,322.2739725905198,ARG19,3203,320300,-1.3631724972801282,354.4734282070514,380.2738600022666,374.5515530006965,ARG,ARG19,320300,3203,1.0,53.0,47.0,3.0,1.0,11.731608571,Mendoza,"Mendoza, Public",Public,Village/rural (<3k),21-25,Resto del país,Pública,Cuestionario directivo
03200316,31,28,360.9972788669406,ARG19,3203,320300,-0.6224591393959973,413.5731518839749,427.82581637575714,462.66163261914096,ARG,ARG19,320300,3203,,,,,,3.3656254098,Mendoza,"Mendoza, Public",No response,No response,No response,Resto del país,Pública,Estrato muestral (imputado)
03200317,30,27,351.53026152149334,ARG01,3201,320100,-0.1544862811945583,398.65656385193984,431.6415202679474,463.34137143636025,ARG,ARG01,320100,3201,5.0,18.0,82.0,9.0,1.0,6.0207738095,CABA,"CABA, Public",Public,Large city (1-10M),>50,CABA,Pública,Cuestionario directivo
03200318,26,23,340.10353264366523,ARG19,3203,320300,-0.6511337864167378,319.82488935837654,316.6344666030378,334.5263573046696,ARG,ARG19,320300,3203,,,,,,8.212126,Mendoza,"Mendoza, Public",No response,No response,No response,Resto del país,Pública,Estrato muestral (imputado)
03200319,33,32,2466.636413725489,ARG14,3200,320000,-0.4468190286644315,383.2781327326219,407.0790413552941,430.0923377576639,ARG,ARG14,320000,3200,4.0,52.0,48.0,8.0,2.0,66.66584902,Rest of Country,"NOA, Private",Private,City (100k-1M),46-50,Resto del país,Privada,Cuestionario directivo
03200320,32,30,518.8462707805656,ARG01,3201,320100,-0.1627105866275681,392.5429950518544,411.94301736596674,440.8692419009964,ARG,ARG01,320100,3201,5.0,42.0,58.0,3.0,1.0,3.8903461538,CABA,"CABA, Public",Public,Large city (1-10M),21-25,CABA,Pública,Cuestionario directivo
03200321,32,10,2923.3115384615385,ARG10,3200,320000,0.3053411351885299,363.6778011795489,380.4371499453383,408.0025283725263,ARG,ARG10,320000,3200,3.0,45.0,55.0,9.0,2.0,50.401923077,Rest of Country,"Santa Fe, Private",Private,Town (15-100k),>50,Santa Fe,Privada,Cuestionario directivo
03200322,34,34,764.5897730938516,ARG08,3202,320200,-0.4396203858109183,418.4077009340334,462.6621075835079,471.4436964420446,ARG,ARG08,320200,3202,5.0,46.0,54.0,7.0,2.0,3.7079073171,Cordoba,"Cordoba, Private",Private,Large city (1-10M),41-45,Córdoba,Privada,Cuestionario directivo
03200323,34,33,852.6574695652173,ARG08,3202,320200,0.1331000734304029,475.2102914809184,493.2085155443673,536.3129935660205,ARG,ARG08,320200,3202,4.0,54.0,46.0,5.0,2.0,6.6097478261,Cordoba,"Cordoba, Private",Private,City (100k-1M),31-35,Córdoba,Privada,Cuestionario directivo
03200324,23,19,498.7716764685203,ARG07,3202,320200,-1.0021680749850546,378.29478814107176,419.22046267660807,417.8757846230045,ARG,ARG07,320200,3202,1.0,45.0,55.0,4.0,1.0,20.63254,Cordoba,"Cordoba, Public",Public,Village/rural (<3k),26-30,Córdoba,Pública,Cuestionario directivo
03200325,17,12,1748.6903692194603,ARG03,3200,320000,-1.0453712741421652,279.4425486186612,307.19238861562064,290.245477903614,ARG,ARG03,320000,3200,2.0,48.0,52.0,9.0,1.0,52.931496839,Rest of Country,"24 Depts Buenos Aires, Public",Public,Small town (3-15k),>50,Buenos Aires,Pública,Cuestionario directivo
03200326,15,6,2049.6381234957585,ARG03,3200,320000,-0.6810206666514103,352.7171621942324,382.0013790771646,365.488517999356,ARG,ARG03,320000,3200,4.0,53.0,47.0,6.0,1.0,92.252037347,Rest of Country,"24 Depts Buenos Aires, Public",Public,City (100k-1M),36-40,Buenos Aires,Pública,Cuestionario directivo
03200327,34,33,661.6742853904295,ARG02,3201,320100,0.4529301005397217,455.1619985255853,451.6991918123037,495.1067427411723,ARG,ARG02,320100,3201,6.0,41.0,59.0,9.0,2.0,13.958672222,CABA,"CABA, Private",Private,Megacity (>10M),>50,CABA,Privada,Cuestionario directivo
03200328,18,17,315.7365978159537,ARG19,3203,320300,-0.7873627829524761,346.17956404328345,368.374660280688,386.02238065805466,ARG,ARG19,320300,3203,4.0,44.0,56.0,9.0,1.0,2.022691133,Mendoza,"Mendoza, Public",Public,City (100k-1M),>50,Resto del país,Pública,Cuestionario directivo
03200329,34,34,1765.5418822647168,ARG16,3200,320000,0.3380598184936859,435.7080547524689,473.1832563096306,475.62537618122985,ARG,ARG16,320000,3200,4.0,46.0,54.0,4.0,2.0,33.470238095,Rest of Country,"Cuyo, Private",Private,City (100k-1M),26-30,Resto del país,Privada,Cuestionario directivo
03200330,17,10,2271.4109692596708,ARG05,3200,320000,-1.0031718829195926,315.7019110638338,340.8351824995394,311.7336378361445,ARG,ARG05,320000,3200,1.0,53.0,47.0,3.0,1.0,109.54279277,Rest of Country,"Rest of Buenos Aires, Public",Public,Village/rural (<3k),21-25,Buenos Aires,Pública,Cuestionario directivo
03200331,29,26,4290.330791000963,ARG17,3200,320000,-0.8173590449687455,410.85800514612464,427.0083877974138,440.60042959005824,ARG,ARG17,320000,3200,3.0,70.0,30.0,9.0,1.0,37.447888608,Rest of Country,"Patagonia, Public",Public,Town (15-100k),>50,Resto del país,Pública,Cuestionario directivo
03200332,30,27,435.1176550411601,ARG19,3203,320300,-0.9730460498210888,342.8448454843175,345.52223052943145,372.2584513391636,ARG,ARG19,320300,3203,,,,,,5.7831873239,Mendoza,"Mendoza, Public",No response,No response,No response,Resto del país,Pública,Estrato muestral (imputado)
03200333,33,30,690.5276556074406,ARG08,3202,320200,0.6198882714407489,441.2861578582356,459.4070362478179,468.23329604322737,ARG,ARG08,320200,3202,5.0,50.0,50.0,5.0,2.0,12.260016129,Cordoba,"Cordoba, Private",Private,Large city (1-10M),31-35,Córdoba,Privada,Cuestionario directivo
03200334,26,20,4771.0747814591,ARG05,3200,320000,-0.5429748419689883,376.6866192671404,395.64570403197456,397.1966849242296,ARG,ARG05,320000,3200,3.0,71.0,29.0,5.0,1.0,20.612891112,Rest of Country,"Rest of Buenos Aires, Public",Public,Town (15-100k),31-35,Buenos Aires,Pública,Cuestionario directivo
03200335,28,18,374.2889903601584,ARG19,3203,320300,-1.1736290921216312,307.64372156123414,306.7718414656228,339.94925249140493,ARG,ARG19,320300,3203,2.0,58.0,42.0,5.0,1.0,11.731608571,Mendoza,"Mendoza, Public",Public,Small town (3-15k),31-35,Resto del país,Pública,Cuestionario directivo
03200336,28,27,569.342010168775,ARG07,3202,320200,-1.047752003432764,370.3845428444635,384.5270074811496,401.2384411474189,ARG,ARG07,320200,3202,3.0,48.0,52.0,9.0,1.0,4.599610828,Cordoba,"Cordoba, Public",Public,Town (15-100k),>50,Córdoba,Pública,Cuestionario directivo
03200337,34,33,543.139092544131,ARG02,3201,320100,1.0510910921613494,461.2549927253722,453.155386466671,482.6172217835748,ARG,ARG02,320100,3201,5.0,53.0,47.0,9.0,2.0,11.686330233,CABA,"CABA, Private",Private,Large city (1-10M),>50,CABA,Privada,Cuestionario directivo
03200338,20,18,2030.6906479277663,ARG04,3200,320000,-0.4489081290465798,345.9928701834999,378.4278253442812,362.6220815338663,ARG,ARG04,320000,3200,4.0,44.0,56.0,6.0,2.0,92.656652414,Rest of Country,"24 Depts Buenos Aires, Private",Private,City (100k-1M),36-40,Buenos Aires,Privada,Cuestionario directivo
03200339,12,12,1805.599156768437,ARG03,3200,320000,-1.059182556917049,359.8246102017131,394.53066831590456,395.433305469352,ARG,ARG03,320000,3200,4.0,49.0,51.0,9.0,1.0,33.987592707,Rest of Country,"24 Depts Buenos Aires, Public",Public,City (100k-1M),>50,Buenos Aires,Pública,Cuestionario directivo
03200340,24,24,2220.674357947794,ARG17,3200,320000,-0.9594382680833914,376.4221206207925,381.38031628854606,379.03175052578274,ARG,ARG17,320000,3200,2.0,45.0,55.0,9.0,1.0,49.930518144,Rest of Country,"Patagonia, Public",Public,Small town (3-15k),>50,Resto del país,Pública,Cuestionario directivo
03200341,18,17,1316.1506046243098,ARG11,3200,320000,-0.3250843859423915,329.30935615347664,346.4744742319197,360.99028214485327,ARG,ARG11,320000,3200,1.0,38.0,62.0,9.0,1.0,68.229234884,Rest of Country,"NEA, Public",Public,Village/rural (<3k),>50,Resto del país,Pública,Cuestionario directivo
03200342,33,31,440.3485600669285,ARG19,3203,320300,-0.0515354096045578,399.5111579432004,414.7094039155037,436.55215369233537,ARG,ARG19,320300,3203,4.0,30.0,70.0,9.0,1.0,2.1725201058,Mendoza,"Mendoza, Public",Public,City (100k-1M),>50,Resto del país,Pública,Cuestionario directivo
03200343,35,30,3336.859136022401,ARG11,3200,320000,-0.4123368991661402,343.8761189927397,391.3614958633951,373.81369491933737,ARG,ARG11,320000,3200,4.0,37.0,63.0,9.0,1.0,18.106892566,Rest of Country,"NEA, Public",Public,City (100k-1M),>50,Resto del país,Pública,Cuestionario directivo
03200344,28,27,4100.74820344633,ARG11,3200,320000,-1.510738596590124,287.6518014186576,333.09759916509927,283.47061051420565,ARG,ARG11,320000,3200,3.0,49.0,51.0,9.0,1.0,38.207204498,Rest of Country,"NEA, Public",Public,Town (15-100k),>50,Resto del país,Pública,Cuestionario directivo
03200345,31,29,513.2456460894449,ARG01,3201,320100,-0.5740989348413221,463.0506108728509,472.0377665277829,492.457501092462,ARG,ARG01,320100,3201,6.0,87.0,13.0,9.0,1.0,3.2213057325,CABA,"CABA, Public",Public,Megacity (>10M),>50,CABA,Pública,Cuestionario directivo
03200346,27,26,1955.467450504613,ARG09,3200,320000,-0.8251185134192652,333.7615347407228,338.01280365769816,349.3046147676937,ARG,ARG09,320000,3200,2.0,,,9.0,1.0,69.976315,Rest of Country,"Santa Fe, Public",Public,Small town (3-15k),>50,Santa Fe,Pública,Cuestionario directivo
03200347,34,32,554.3103973810415,ARG02,3201,320100,0.3266349874009941,470.0251230705208,478.7768717249161,516.3382807653625,ARG,ARG02,320100,3201,,,,,,7.976384127,CABA,"CABA, Private",No response,No response,No response,CABA,Privada,Estrato muestral (imputado)
03200348,22,22,326.2743670545558,ARG02,3201,320100,0.7755516381576849,544.2097200188266,546.5501371804087,579.0323797522148,ARG,ARG02,320100,3201,5.0,38.0,63.0,8.0,2.0,14.357491429,CABA,"CABA, Private",Private,Large city (1-10M),46-50,CABA,Privada,Cuestionario directivo
03200349,32,28,441.7340237131631,ARG02,3201,320100,0.4944389821252535,432.9000388516685,446.0548945528733,474.2642547256879,ARG,ARG02,320100,3201,6.0,49.0,51.0,4.0,2.0,8.1050354839,CABA,"CABA, Private",Private,Megacity (>10M),26-30,CABA,Privada,Cuestionario directivo
03200350,34,32,339.86865920471047,ARG20,3203,320300,0.0526454344179541,410.76744624288233,429.3108378632902,444.91404174858656,ARG,ARG20,320300,3203,,,,,,6.86875,Mendoza,"Mendoza, Private",No response,No response,No response,Resto del país,Privada,Estrato muestral (imputado)
03200351,20,17,2235.3884076306244,ARG13,3200,320000,-0.689161580358781,367.32921482294313,357.1162739464004,393.84210057202006,ARG,ARG13,320000,3200,3.0,51.0,49.0,8.0,1.0,26.572379837,Rest of Country,"NOA, Public",Public,Town (15-100k),46-50,Resto del país,Pública,Cuestionario directivo
03200352,32,31,457.7523798651649,ARG19,3203,320300,-1.0408821189843915,318.32934785765104,321.7135231054948,341.62853916411007,ARG,ARG19,320300,3203,,,,,,6.5175603175,Mendoza,"Mendoza, Public",No response,No response,No response,Resto del país,Pública,Estrato muestral (imputado)
03200353,35,34,591.8172713523503,ARG07,3202,320200,-0.0531711744195881,419.2869124808798,442.67206363060905,478.4225876118505,ARG,ARG07,320200,3202,5.0,59.0,41.0,9.0,1.0,8.9888716847,Cordoba,"Cordoba, Public",Public,Large city (1-10M),>50,Córdoba,Pública,Cuestionario directivo
03200354,32,32,470.22326673912175,ARG02,3201,320100,0.6350423274696504,458.5010128792055,471.552559753817,486.8924525889816,ARG,ARG02,320100,3201,,,,,,3.6949426471,CABA,"CABA, Private",No response,No response,No response,CABA,Privada,Estrato muestral (imputado)
03200355,31,27,474.6925985641674,ARG02,3201,320100,-0.6610354991441293,409.5766995722435,426.2073323566442,438.4930138224282,ARG,ARG02,320100,3201,5.0,44.0,56.0,9.0,2.0,2.8714982857,CABA,"CABA, Private",Private,Large city (1-10M),>50,CABA,Privada,Cuestionario directivo
03200356,30,28,299.1514670648064,ARG01,3201,320100,-0.6341616102963415,365.8976463489772,394.7070651376001,397.7062779811473,ARG,ARG01,320100,3201,,,,,,4.0138492063,CABA,"CABA, Public",No response,No response,No response,CABA,Pública,Estrato muestral (imputado)
03200357,35,33,532.0717411764707,ARG02,3201,320100,-0.4369570253198285,447.4215115791429,461.2976194177142,480.3810946625714,ARG,ARG02,320100,3201,5.0,40.0,60.0,4.0,2.0,9.8531803922,CABA,"CABA, Private",Private,Large city (1-10M),26-30,CABA,Privada,Cuestionario directivo
03200358,30,22,3076.0922365570577,ARG03,3200,320000,-1.394334713467901,335.5846425937777,350.1701927218454,358.8921917362046,ARG,ARG03,320000,3200,,,,,,19.6879348,Rest of Country,"24 Depts Buenos Aires, Public",No response,No response,No response,Buenos Aires,Pública,Estrato muestral (imputado)
03200359,31,31,347.45560627251075,ARG19,3203,320300,-0.5799393900286189,362.46658979243983,370.8164238045997,398.2426281244979,ARG,ARG19,320300,3203,2.0,57.0,43.0,5.0,1.0,4.8306623529,Mendoza,"Mendoza, Public",Public,Small town (3-15k),31-35,Resto del país,Pública,Cuestionario directivo
03200360,33,30,502.2285714285715,ARG02,3201,320100,0.9497875869546996,512.5235072197231,488.51568846586497,534.1591735271107,ARG,ARG02,320100,3201,5.0,58.0,42.0,9.0,2.0,1.0,CABA,"CABA, Private",Private,Large city (1-10M),>50,CABA,Privada,Cuestionario directivo
03200361,30,30,2605.080810523061,ARG09,3200,320000,0.523965166971147,575.9815866919356,540.9453572992654,611.6481127643973,ARG,ARG09,320000,3200,5.0,63.0,37.0,5.0,1.0,12.7810621,Rest of Country,"Santa Fe, Public",Public,Large city (1-10M),31-35,Santa Fe,Pública,Cuestionario directivo
03200362,29,24,555.7041052618631,ARG07,3202,320200,-0.8346102904679127,388.6990708725054,402.7405440655083,437.1920542894295,ARG,ARG07,320200,3202,2.0,69.0,31.0,6.0,1.0,12.8953375,Cordoba,"Cordoba, Public",Public,Small town (3-15k),36-40,Córdoba,Pública,Cuestionario directivo
03200363,22,21,494.76465901749503,ARG07,3202,320200,-0.6052186225973568,426.8480098320368,425.0977887517517,462.5293436566295,ARG,ARG07,320200,3202,1.0,48.0,52.0,4.0,1.0,20.63254,Cordoba,"Cordoba, Public",Public,Village/rural (<3k),26-30,Córdoba,Pública,Cuestionario directivo
03200364,29,28,2658.7774480601643,ARG13,3200,320000,-0.5319855714338305,349.61740140618303,390.00864292183104,368.3049271256717,ARG,ARG13,320000,3200,4.0,44.0,56.0,9.0,1.0,8.6218892023,Rest of Country,"NOA, Public",Public,City (100k-1M),>50,Resto del país,Pública,Cuestionario directivo
03200365,26,22,3176.715587039412,ARG03,3200,320000,-1.1773046246213703,366.7144932754604,392.7943850625305,391.3292755688109,ARG,ARG03,320000,3200,4.0,47.0,53.0,9.0,1.0,23.397255849,Rest of Country,"24 Depts Buenos Aires, Public",Public,City (100k-1M),>50,Buenos Aires,Pública,Cuestionario directivo
03200366,18,15,2191.114145759243,ARG04,3200,320000,0.7740642092739887,402.9343230566461,435.7192832880393,406.4240132162546,ARG,ARG04,320000,3200,4.0,42.0,58.0,9.0,2.0,46.328326207,Rest of Country,"24 Depts Buenos Aires, Private",Private,City (100k-1M),>50,Buenos Aires,Privada,Cuestionario directivo
03200367,33,32,617.4637982749798,ARG01,3201,320100,-0.3696301384452393,439.9124492499137,466.9889590619642,477.31291714178286,ARG,ARG01,320100,3201,5.0,69.0,31.0,5.0,1.0,1.9451730769,CABA,"CABA, Public",Public,Large city (1-10M),31-35,CABA,Pública,Cuestionario directivo
03200368,34,33,729.9517100450328,ARG07,3202,320200,-0.2117873185394884,435.193834028176,485.1763498628482,492.6920810688116,ARG,ARG07,320200,3202,5.0,28.0,72.0,5.0,1.0,13.643823093,Cordoba,"Cordoba, Public",Public,Large city (1-10M),31-35,Córdoba,Pública,Cuestionario directivo
03200369,16,14,523.9228539760179,ARG07,3202,320200,-0.9676668164298744,324.2814485534521,334.85675868113594,356.01809185752245,ARG,ARG07,320200,3202,2.0,53.0,47.0,5.0,1.0,20.63254,Cordoba,"Cordoba, Public",Public,Small town (3-15k),31-35,Córdoba,Pública,Cuestionario directivo
03200370,31,29,789.5353783355666,ARG08,3202,320200,-0.0336605779677805,409.5134479414221,442.2513221320357,453.0614496608313,ARG,ARG08,320200,3202,5.0,43.0,57.0,5.0,2.0,21.717742857,Cordoba,"Cordoba, Private",Private,Large city (1-10M),31-35,Córdoba,Privada,Cuestionario directivo
03200371,23,13,2158.1797137783683,ARG17,3200,320000,-1.2942792500802387,341.9480973746266,385.19667740627193,357.0709471230569,ARG,ARG17,320000,3200,6.0,40.0,60.0,9.0,1.0,24.197097255,Rest of Country,"Patagonia, Public",Public,Megacity (>10M),>50,Resto del país,Pública,Cuestionario directivo
03200372,32,32,369.1047189321567,ARG19,3203,320300,0.2941645923079367,493.4135688197808,514.243113346173,515.2992138223647,ARG,ARG19,320300,3203,,,,,,4.0654089109,Mendoza,"Mendoza, Public",No response,No response,No response,Resto del país,Pública,Estrato muestral (imputado)
03200373,8,3,251.26927590727288,ARG19,3203,320300,-0.8224135561487709,254.6170027475,264.813800645,247.11727616125,ARG,ARG19,320300,3203,1.0,43.0,57.0,9.0,1.0,23.463217143,Mendoza,"Mendoza, Public",Public,Village/rural (<3k),>50,Resto del país,Pública,Cuestionario directivo
03200374,30,28,3402.7412883159395,ARG13,3200,320000,-0.947085163703695,330.1111612509234,375.7251741554331,362.70088516814127,ARG,ARG13,320000,3200,5.0,47.0,53.0,4.0,1.0,29.205678739,Rest of Country,"NOA, Public",Public,Large city (1-10M),26-30,Resto del país,Pública,Cuestionario directivo
03200375,18,0,917.6934721084448,ARG07,3202,320200,,357.13051738745486,378.4250613399112,410.7095882459311,ARG,ARG07,320200,3202,1.0,58.0,42.0,2.0,1.0,48.24226744,Cordoba,"Cordoba, Public",Public,Village/rural (<3k),16-20,Córdoba,Pública,Cuestionario directivo
03200376,3,2,126.94324356007633,ARG07,3202,320200,-1.1840670141451135,333.78047138,372.43889654,346.71383107,ARG,ARG07,320200,3202,1.0,50.0,50.0,1.0,1.0,41.26508,Cordoba,"Cordoba, Public",Public,Village/rural (<3k),≤15,Córdoba,Pública,Cuestionario directivo
03200377,32,0,682.9852981647982,ARG07,3202,320200,,350.9607243263282,378.0120173187867,381.4988171596624,ARG,ARG07,320200,3202,5.0,49.0,51.0,9.0,1.0,3.7090004524,Cordoba,"Cordoba, Public",Public,Large city (1-10M),>50,Córdoba,Pública,Cuestionario directivo
03200378,30,29,405.8342465753426,ARG20,3203,320300,-0.3399203859589947,371.5018466739999,395.22458608466656,392.04324867666656,ARG,ARG20,320300,3203,4.0,47.0,53.0,9.0,2.0,5.6455479452,Mendoza,"Mendoza, Private",Private,City (100k-1M),>50,Resto del país,Privada,Cuestionario directivo
03200379,16,15,376.85430242435046,ARG07,3202,320200,-1.4460171729576416,383.2394237583311,402.8940462462299,422.82234226290063,ARG,ARG07,320200,3202,1.0,45.0,55.0,2.0,1.0,20.63254,Cordoba,"Cordoba, Public",Public,Village/rural (<3k),16-20,Córdoba,Pública,Cuestionario directivo
03200380,19,9,2489.616532225816,ARG11,3200,320000,-1.2662002673097474,338.1861247312836,349.0682584310166,364.8056744535209,ARG,ARG11,320000,3200,3.0,53.0,47.0,9.0,1.0,118.98815115,Rest of Country,"NEA, Public",Public,Town (15-100k),>50,Resto del país,Pública,Cuestionario directivo
03200381,17,16,3583.698068016497,ARG06,3200,320000,-0.4257194798787292,366.45089980861263,393.5461666196944,415.1958005162702,ARG,ARG06,320000,3200,4.0,49.0,51.0,7.0,2.0,114.29674536,Rest of Country,"Rest of Buenos Aires, Private",Private,City (100k-1M),41-45,Buenos Aires,Privada,Cuestionario directivo
03200382,27,27,1770.1106520613116,ARG17,3200,320000,-0.4841852403603999,426.7732412062825,457.7619250992927,450.5576612455114,ARG,ARG17,320000,3200,4.0,56.0,44.0,9.0,1.0,31.456226431,Rest of Country,"Patagonia, Public",Public,City (100k-1M),>50,Resto del país,Pública,Cuestionario directivo
03200383,26,19,572.2164514795418,ARG07,3202,320200,-1.5768494275074525,294.98531485952765,315.2496747528897,309.90354773324634,ARG,ARG07,320200,3202,2.0,43.0,57.0,9.0,1.0,20.106686663,Cordoba,"Cordoba, Public",Public,Small town (3-15k),>50,Córdoba,Pública,Cuestionario directivo
03200384,24,19,288.8454275192364,ARG01,3201,320100,-0.9258157327377764,333.98861483222606,364.77262138575855,358.89507324662344,ARG,ARG01,320100,3201,5.0,48.0,52.0,3.0,1.0,3.5121180556,CABA,"CABA, Public",Public,Large city (1-10M),21-25,CABA,Pública,Cuestionario directivo
03200385,35,35,495.8415246536274,ARG02,3201,320100,0.7818001215282611,479.1893293688366,490.10227867456297,504.172247484992,ARG,ARG02,320100,3201,5.0,43.0,57.0,3.0,2.0,10.25535102,CABA,"CABA, Private",Private,Large city (1-10M),21-25,CABA,Privada,Cuestionario directivo
03200386,18,15,2292.466149703504,ARG06,3200,320000,-0.5533404770789963,350.42480171166665,350.4225819933333,374.4403993933333,ARG,ARG06,320000,3200,4.0,100.0,0.0,3.0,2.0,127.35923054,Rest of Country,"Rest of Buenos Aires, Private",Private,City (100k-1M),21-25,Buenos Aires,Privada,Cuestionario directivo
03200387,31,29,490.4828487168875,ARG20,3203,320300,-0.0561600718680126,419.0810978649967,403.23523497779104,459.3577640624752,ARG,ARG20,320300,3203,1.0,47.0,53.0,4.0,2.0,7.9254807692,Mendoza,"Mendoza, Private",Private,Village/rural (<3k),26-30,Resto del país,Privada,Cuestionario directivo
03200388,27,26,3546.024490472304,ARG05,3200,320000,-0.3574311491342924,333.0127927177636,365.3776761165661,338.49650624704213,ARG,ARG05,320000,3200,3.0,46.0,54.0,4.0,1.0,109.54279277,Rest of Country,"Rest of Buenos Aires, Public",Public,Town (15-100k),26-30,Buenos Aires,Pública,Cuestionario directivo
03200389,28,27,376.20047162777394,ARG19,3203,320300,-1.1673615986753132,315.67616275726084,321.8219752130881,332.22945990506423,ARG,ARG19,320300,3203,,,,,,5.7028652778,Mendoza,"Mendoza, Public",No response,No response,No response,Resto del país,Pública,Estrato muestral (imputado)
03200390,33,33,492.6681025245148,ARG07,3202,320200,-0.3199783013278282,433.3173529260101,444.4145318547824,472.7106595178892,ARG,ARG07,320200,3202,3.0,87.0,13.0,3.0,1.0,4.8793168919,Cordoba,"Cordoba, Public",Public,Town (15-100k),21-25,Córdoba,Pública,Cuestionario directivo
03200391,34,21,707.3348194444445,ARG08,3202,320200,-0.3895122490540753,353.5534619058929,366.39079178739286,390.32309991496425,ARG,ARG08,320200,3202,2.0,44.0,56.0,6.0,2.0,10.557236111,Cordoba,"Cordoba, Private",Private,Small town (3-15k),36-40,Córdoba,Privada,Cuestionario directivo
03200392,31,24,527.0274004517039,ARG07,3202,320200,-0.7398540544469137,331.30217266052705,347.64401161891413,373.0255841028819,ARG,ARG07,320200,3202,2.0,48.0,52.0,9.0,1.0,10.941498485,Cordoba,"Cordoba, Public",Public,Small town (3-15k),>50,Córdoba,Pública,Cuestionario directivo
03200393,32,30,2736.218463789681,ARG13,3200,320000,-0.7379999596808925,388.91248766611466,413.9567783117667,430.4691384849837,ARG,ARG13,320000,3200,4.0,54.0,46.0,9.0,1.0,17.335991123,Rest of Country,"NOA, Public",Public,City (100k-1M),>50,Resto del país,Pública,Cuestionario directivo
03200394,30,29,524.518301487058,ARG01,3201,320100,-0.7950200675940068,379.7042237501423,401.1065871581008,398.1026492297948,ARG,ARG01,320100,3201,6.0,46.0,54.0,9.0,1.0,6.1676219512,CABA,"CABA, Public",Public,Megacity (>10M),>50,CABA,Pública,Cuestionario directivo
03200395,33,30,2052.65734911095,ARG15,3200,320000,-1.071638449340652,353.70449933413727,368.8705468656144,394.8549274713226,ARG,ARG15,320000,3200,4.0,52.0,48.0,9.0,1.0,25.665927419,Rest of Country,"Cuyo, Public",Public,City (100k-1M),>50,Resto del país,Pública,Cuestionario directivo
03200396,31,24,3121.422621405126,ARG04,3200,320000,-0.7661108240453182,355.06657666070504,386.4380581225957,382.4642247404322,ARG,ARG04,320000,3200,4.0,40.0,60.0,9.0,2.0,49.136103553,Rest of Country,"24 Depts Buenos Aires, Private",Private,City (100k-1M),>50,Buenos Aires,Privada,Cuestionario directivo
03200397,13,13,282.33065714285715,ARG08,3202,320200,-0.4723628663208074,448.4007197284615,477.7597431715385,484.96624059307686,ARG,ARG08,320200,3202,1.0,46.0,54.0,2.0,2.0,21.717742857,Cordoba,"Cordoba, Private",Private,Village/rural (<3k),16-20,Córdoba,Privada,Cuestionario directivo
03200398,34,34,849.0758866745662,ARG08,3202,320200,0.2993869249971523,461.5502328436122,485.29990474525255,507.44979343853913,ARG,ARG08,320200,3202,5.0,48.0,52.0,5.0,2.0,11.516984848,Cordoba,"Cordoba, Private",Private,Large city (1-10M),31-35,Córdoba,Privada,Cuestionario directivo
03200399,27,25,2289.0255866711177,ARG04,3200,320000,-0.4941766737183584,371.314011749971,394.5936506102885,364.81008488585474,ARG,ARG04,320000,3200,3.0,54.0,46.0,9.0,2.0,75.418205454,Rest of Country,"24 Depts Buenos Aires, Private",Private,Town (15-100k),>50,Buenos Aires,Privada,Cuestionario directivo
03200400,31,29,2136.744559408262,ARG13,3200,320000,-0.8076714305638588,349.85711855473926,371.450278050144,380.8012481041449,ARG,ARG13,320000,3200,4.0,36.0,64.0,9.0,1.0,16.128509155,Rest of Country,"NOA, Public",Public,City (100k-1M),>50,Resto del país,Pública,Cuestionario directivo
03200401,30,28,327.0558136705138,ARG19,3203,320300,-1.2952883144154368,364.94469009938285,363.2244566187149,385.878951062064,ARG,ARG19,320300,3203,,,,,,3.4797144068,Mendoza,"Mendoza, Public",No response,No response,No response,Resto del país,Pública,Estrato muestral (imputado)
03200402,34,34,727.9535011019547,ARG07,3202,320200,-0.9362636609529468,379.9611658024304,417.6259299837558,415.5727461341103,ARG,ARG07,320200,3202,5.0,49.0,51.0,6.0,1.0,7.208057483,Cordoba,"Cordoba, Public",Public,Large city (1-10M),36-40,Córdoba,Pública,Cuestionario directivo
03200403,31,30,338.1243227352012,ARG19,3203,320300,-0.581013060702714,391.7416970342569,388.156192285286,423.6120075317655,ARG,ARG19,320300,3203,4.0,88.0,12.0,5.0,1.0,2.3598063218,Mendoza,"Mendoza, Public",Public,City (100k-1M),31-35,Resto del país,Pública,Cuestionario directivo
03200404,29,29,2916.3297816241816,ARG04,3200,320000,0.1922350100852458,505.7117448541917,531.5447997839361,518.7757199300077,ARG,ARG04,320000,3200,3.0,43.0,57.0,5.0,2.0,92.656652414,Rest of Country,"24 Depts Buenos Aires, Private",Private,Town (15-100k),31-35,Buenos Aires,Privada,Cuestionario directivo
03200405,15,15,1489.00865985386,ARG04,3200,320000,-0.9029116365226096,352.9409923112296,384.5961424699223,340.9606709495169,ARG,ARG04,320000,3200,4.0,56.0,44.0,3.0,2.0,92.656652414,Rest of Country,"24 Depts Buenos Aires, Private",Private,City (100k-1M),21-25,Buenos Aires,Privada,Cuestionario directivo
03200406,33,33,372.6061643835616,ARG20,3203,320300,-0.874159138805558,396.0352776240902,406.17908690212033,414.1521496928572,ARG,ARG20,320300,3203,2.0,38.0,63.0,9.0,2.0,5.6455479452,Mendoza,"Mendoza, Private",Private,Small town (3-15k),>50,Resto del país,Privada,Cuestionario directivo
03200407,28,28,327.857661983374,ARG19,3203,320300,-0.7611519035767544,384.8064558997215,398.6134246571281,442.56994503988926,ARG,ARG19,320300,3203,2.0,71.0,29.0,1.0,1.0,2.2685430939,Mendoza,"Mendoza, Public",Public,Small town (3-15k),≤15,Resto del país,Pública,Cuestionario directivo
03200408,31,24,3098.458848771837,ARG05,3200,320000,-1.192984951455758,317.1844236197559,323.200369025862,348.5019422179703,ARG,ARG05,320000,3200,3.0,34.0,66.0,5.0,1.0,31.685931792,Rest of Country,"Rest of Buenos Aires, Public",Public,Town (15-100k),31-35,Buenos Aires,Pública,Cuestionario directivo
03200409,29,24,442.825702817666,ARG02,3201,320100,0.6346816864960433,393.83450296581134,421.6852145426657,418.6348049436568,ARG,ARG02,320100,3201,5.0,33.0,67.0,9.0,2.0,14.357491429,CABA,"CABA, Private",Private,Large city (1-10M),>50,CABA,Privada,Cuestionario directivo
03200410,25,21,3353.8510327572308,ARG05,3200,320000,-0.7134138450459084,394.1690699643437,397.52271052323977,413.1648327447066,ARG,ARG05,320000,3200,3.0,66.0,34.0,9.0,1.0,25.058808803,Rest of Country,"Rest of Buenos Aires, Public",Public,Town (15-100k),>50,Buenos Aires,Pública,Cuestionario directivo
03200411,29,25,4478.884015954863,ARG03,3200,320000,-1.140772224210292,358.12563985618306,390.84827667142974,359.8335818494651,ARG,ARG03,320000,3200,3.0,53.0,47.0,4.0,1.0,44.844740377,Rest of Country,"24 Depts Buenos Aires, Public",Public,Town (15-100k),26-30,Buenos Aires,Pública,Cuestionario directivo
03200412,34,34,2595.058906030856,ARG12,3200,320000,0.8430511537532354,454.8158092092823,487.9937320940072,482.6703850388279,ARG,ARG12,320000,3200,4.0,52.0,48.0,9.0,2.0,29.747983871,Rest of Country,"NEA, Private",Private,City (100k-1M),>50,Resto del país,Privada,Cuestionario directivo
