year,school_id,region,sector,n_stu,n_escs,w_sum,escs,math,read,scie,sd_escs,sd_math,sd_read,sd_scie
2006,1,Buenos Aires,Pública,34,34,3210.61890,-0.82313,372.19582,385.01530,382.79309,0.78161,64.10251,70.71207,58.06371
2006,2,Mendoza,Pública,31,31,2763.14250,-1.62209,357.95502,403.24456,414.39813,1.07338,68.04652,83.45380,61.78555
2006,3,NOA,Pública,29,29,3327.70110,-0.08417,409.16792,354.31923,431.33477,1.08825,63.70484,96.10472,81.60720
2006,4,Buenos Aires,Pública,24,20,2746.04460,-0.19911,447.17366,442.85750,459.26840,0.80659,65.43925,103.24393,68.82370
2006,5,,Pública,13,13,1818.24440,-1.54153,221.68073,228.77408,325.67809,0.71066,43.36976,98.08048,48.16105
2006,6,,Pública,5,4,3713.55680,-0.68503,327.25638,202.24213,271.24942,0.98570,44.16434,68.07349,79.94072
2006,7,NEA,Privada,33,33,4698.46860,0.01463,422.79060,455.03660,455.20484,0.87503,57.83368,67.62182,61.00481
2006,8,,Pública,17,17,2863.00450,-0.87368,298.20383,328.87468,321.84286,0.87911,75.95035,86.60514,60.79883
2006,9,Buenos Aires,Pública,26,26,4546.29160,-1.47734,320.82943,337.16927,336.69818,0.72354,56.88701,62.71200,65.88112
2006,10,Buenos Aires,Pública,15,14,1644.78750,-1.24001,181.46255,243.97387,247.90541,0.68266,48.81795,74.66693,40.97382
2006,11,Córdoba,Pública,27,27,1684.57330,-0.53911,397.28814,456.59954,421.24784,0.77543,65.34905,80.10770,81.73501
2006,12,,Pública,3,3,353.70320,-0.78902,290.37397,235.96958,331.38478,1.15943,44.22400,93.68114,132.83931
2006,13,,Pública,7,7,4655.87300,-0.95920,264.29321,246.80469,285.76596,0.56670,79.96143,121.67422,68.54690
2006,14,Buenos Aires,Privada,29,29,4153.07730,-0.73610,391.88884,416.98986,420.23211,1.15529,54.64841,64.51155,48.52118
2006,15,Córdoba,Privada,30,30,3459.03640,-0.28131,422.82343,435.15391,446.82981,0.92025,59.75407,64.02390,64.78987
2006,16,Santa Fe,Privada,35,35,2498.56970,-0.01796,451.03193,442.64353,447.79594,0.64541,42.07619,72.83278,63.79765
2006,17,Buenos Aires,Privada,33,33,3891.46890,0.44137,510.34691,468.46109,500.40758,0.73790,76.05397,82.60447,70.74309
2006,18,NOA,Pública,34,34,4080.67660,-1.09784,288.25007,321.45966,341.41414,0.87323,67.42031,91.62322,65.43189
2006,19,CABA,Pública,31,28,2507.22300,-1.29416,291.62753,180.21736,287.89066,0.75905,52.00153,83.13161,56.62522
2006,20,NOA,Pública,27,27,2231.19550,-0.82375,387.44770,384.24102,392.65328,1.05639,54.81820,69.99628,71.24308
2006,21,,Privada,19,19,8217.66180,0.92556,408.32392,391.03414,424.58220,0.61367,64.23005,132.37779,78.68595
2006,22,,Pública,31,31,11958.34460,-1.42347,320.46919,321.01119,351.63340,0.74131,56.23321,71.85936,68.95599
2006,23,Mendoza,Privada,34,34,3518.84280,-0.59049,459.31576,420.64076,429.01927,1.00495,62.71506,74.43711,65.18377
2006,24,Buenos Aires,Privada,34,33,2849.13360,-0.24113,449.04349,462.28701,446.01545,0.96451,48.44110,90.51618,81.00701
2006,25,Buenos Aires,Pública,31,31,3708.88330,-0.40154,427.40498,387.76737,435.43993,0.92523,70.48817,68.01596,65.66365
2006,26,Buenos Aires,Pública,23,23,3277.11170,-0.82551,342.50159,305.91182,354.92053,0.87125,55.70469,85.82514,50.76395
2006,27,,Pública,19,19,2254.22140,-1.44067,317.50265,311.22327,309.97680,0.83212,60.72678,88.05313,58.77938
2006,28,Buenos Aires,Pública,27,26,3722.22410,-0.66373,456.36889,387.68103,423.91447,0.81333,69.48499,87.93430,86.77203
2006,29,Patagonia,Pública,32,32,2572.09400,-1.26364,381.66937,386.10020,382.38783,0.85096,69.05082,78.65751,49.01622
2006,30,Patagonia,Pública,27,27,1384.84470,-0.94518,345.46322,311.81220,361.95286,0.93405,52.31753,77.73793,66.88416
2006,31,NOA,Pública,27,27,2041.79750,-0.40686,359.19166,367.40230,394.49806,0.72640,48.58213,82.16325,74.42313
2006,32,Patagonia,Pública,13,13,153.15560,-0.61280,458.47127,425.67777,417.84548,0.78213,54.63986,76.05324,77.97403
2006,33,,Privada,8,8,4447.05020,-1.39748,345.92658,217.64464,302.21158,1.00696,48.07813,43.31411,37.82771
2006,34,Buenos Aires,Pública,35,35,3830.98190,-0.66897,403.29480,378.53544,378.20660,0.86060,62.88233,68.58853,65.43338
2006,35,,Pública,9,9,4274.20930,-1.74217,298.26507,298.57909,331.36037,0.89341,58.57219,71.38884,74.55821
2006,36,NOA,Pública,33,33,1103.53190,-1.18724,336.85693,298.36778,374.06497,0.95098,51.90150,75.42769,52.97085
2006,37,NEA,Pública,26,26,1614.98170,-0.97201,329.40591,265.97871,330.43181,1.04175,80.13631,123.14734,92.55217
2006,38,,Pública,11,11,1425.90200,-2.01078,316.47817,305.73972,308.50373,0.91864,55.97776,108.24031,57.01661
2006,39,,Pública,8,8,3755.47000,-0.59469,250.12966,292.87282,264.01381,0.94332,51.28664,64.09737,48.62196
2006,40,NOA,Pública,34,34,3357.69010,-1.46463,342.69739,355.44285,352.79064,1.15626,55.97523,71.29809,69.94049
2006,41,Mendoza,Pública,33,33,3954.87800,-1.76143,364.64225,376.43624,378.28381,1.04598,64.17943,72.74869,62.17134
2006,42,Santa Fe,Privada,34,33,5683.98630,-0.90418,349.09627,386.93259,366.51514,0.95833,67.16607,82.16401,61.53917
2006,43,Córdoba,Pública,29,29,2501.73800,-0.46983,432.04054,437.74410,433.34418,1.10091,56.99731,85.44903,70.19675
2006,44,Buenos Aires,Pública,22,19,1261.10060,-1.10389,357.54732,278.96043,298.63559,1.39195,63.50230,87.10450,73.57113
2006,45,,Pública,2,2,867.09640,-3.31500,305.49150,268.82192,345.75215,0.78970,46.37667,20.87164,23.93470
2006,46,Patagonia,Pública,30,30,2904.07700,-0.53931,423.29409,424.31222,414.32002,1.02212,71.45906,79.38344,72.84720
2006,47,,Pública,2,2,979.63720,-1.46197,265.16520,216.14112,257.68753,1.32894,101.89653,26.55674,0.98902
2006,48,NOA,Pública,5,5,137.32810,-0.54779,305.03977,302.90918,353.96963,0.95361,75.42289,130.27803,81.50389
2006,49,NEA,Pública,21,21,1893.63560,-1.49087,356.98573,269.27294,365.31208,1.18068,67.86173,74.52819,81.96908
2006,50,Córdoba,Pública,31,31,2481.22770,-0.72389,397.77053,382.73219,400.66868,0.97134,84.59213,86.06962,86.99355
2006,51,Córdoba,Pública,30,30,3635.57210,-0.44721,441.06804,359.32209,460.53855,1.00089,76.01173,98.52486,68.93113
2006,52,CABA,Privada,31,31,3405.70480,0.07643,433.03671,446.74505,450.26036,0.93364,67.88615,85.19349,60.38813
2006,53,Patagonia,Pública,23,23,5242.77800,-0.72207,363.52879,395.80435,393.36740,1.01693,62.85713,110.43375,63.19330
2006,54,,Privada,31,31,3507.88530,0.58799,486.88649,507.14671,500.79991,0.75378,106.31367,108.94090,73.39793
2006,55,Buenos Aires,Pública,29,29,2591.48880,-0.82900,407.03992,410.99866,389.86085,1.23600,61.76397,92.88724,78.80015
2006,56,NEA,Pública,21,21,3286.81890,-1.52469,280.80778,269.25885,321.52549,0.95570,53.84985,106.86796,83.84170
2006,57,,Pública,29,29,1941.31890,-0.53856,355.72884,329.87400,347.45253,0.69512,69.77243,95.99911,62.48518
2006,58,,Privada,18,18,2141.61460,0.64428,445.51706,461.89817,419.65219,0.78605,44.11070,59.79080,50.89066
2006,59,Patagonia,Pública,33,32,1310.09840,-0.43228,424.36496,396.47195,436.48685,1.08725,70.57405,85.40113,75.51831
2006,60,NEA,Pública,32,32,3385.19640,-0.71822,342.08538,386.35061,367.37811,1.16460,60.16729,82.01580,66.84963
2006,61,NEA,Pública,35,35,4134.80860,-1.40104,328.16386,337.56177,339.69595,1.31877,66.54963,99.87020,77.12640
2006,62,Córdoba,Pública,30,30,2466.75620,-1.85101,366.44882,361.53002,333.45942,0.69752,68.17602,83.00983,79.75245
2006,63,,Pública,28,28,1499.55500,-1.19887,328.06823,326.50015,348.88354,1.03725,61.23587,86.69211,64.03146
2006,64,CABA,Privada,35,35,4092.81910,0.43960,493.91615,497.32941,507.44664,0.72872,67.87129,67.56520,57.91735
2006,65,Buenos Aires,Pública,11,10,1463.12350,-1.47076,303.82814,357.95477,302.52504,0.98908,61.17427,95.05432,91.15062
2006,66,Santa Fe,Pública,35,35,4694.61520,0.00542,454.82959,465.51223,455.75299,0.88387,66.91372,70.74725,69.19413
2006,67,Patagonia,Pública,26,26,551.82210,-0.18206,388.95954,432.71043,411.41980,0.84437,75.34866,102.52844,88.74932
2006,68,Buenos Aires,Pública,25,25,3015.93640,-0.99880,338.69616,329.47763,372.06983,1.05337,65.21750,104.99391,71.15376
2006,69,NEA,Privada,33,33,4103.26400,0.49597,445.21846,439.59864,470.57753,0.84371,47.55323,75.40702,61.07832
2006,70,Buenos Aires,Pública,31,31,3626.01420,-1.09220,388.10055,395.77827,411.27462,1.09322,73.83105,87.67831,67.33540
2006,71,,Pública,17,16,7565.27590,-1.46555,240.63493,172.10333,237.24591,0.94358,49.14500,87.05896,71.97470
2006,72,,Pública,11,11,1380.84120,-1.80539,273.66082,295.30916,284.06708,1.03342,48.97866,67.19734,60.27557
2006,73,NEA,Pública,22,22,2781.23140,-1.44506,201.74161,154.42699,194.11145,0.93231,54.69231,83.73645,73.16762
2006,74,,Privada,35,34,4062.98250,0.65031,438.14963,485.45875,467.79736,0.56415,68.70509,70.08405,64.76475
2006,75,Buenos Aires,Privada,30,29,4822.09640,-1.22994,313.03149,336.38970,317.21491,0.76858,63.37438,62.85128,62.35629
2006,76,Buenos Aires,Pública,30,30,3422.61840,-0.37361,434.99185,462.13912,464.91649,0.94026,53.84469,69.54294,63.37025
2006,77,,Pública,3,3,1495.36460,-2.88073,217.76921,241.63291,268.15854,0.18063,24.59484,35.31981,43.27085
2006,78,Buenos Aires,Pública,26,26,2887.96760,-0.51838,454.53770,459.53661,478.23507,0.86466,64.06810,76.63341,60.50627
2006,79,Buenos Aires,Privada,32,30,3409.64640,0.06209,444.51744,464.94554,477.00987,1.04570,64.24680,71.13361,75.07446
2006,80,,Privada,26,26,2934.12650,1.07370,462.57843,472.88715,485.21042,0.72792,62.98656,48.36310,71.50960
2006,81,,Pública,6,6,709.13580,-0.51035,316.48751,324.68922,371.00665,1.50738,70.31638,88.25778,70.33935
2006,82,Buenos Aires,Pública,21,21,1640.00000,-1.04238,423.81735,371.01812,403.64322,1.18339,38.29721,73.37726,48.87821
2006,83,CABA,Privada,33,33,2657.97390,0.55243,485.28287,529.86869,521.01631,0.76949,55.18358,71.47256,61.33547
2006,84,CABA,Pública,33,33,2912.66580,-0.33253,414.09867,470.12457,430.03918,1.00319,81.19130,82.31367,74.13246
2006,85,Buenos Aires,Pública,28,27,3187.38960,-1.49423,365.67426,415.25055,355.65368,1.00642,62.31315,52.73974,56.30001
2006,86,,Pública,5,5,2381.43840,-2.00914,274.13381,289.10975,255.23240,0.61010,38.96757,71.91872,45.19794
2006,87,,Privada,31,31,3282.67990,0.11143,406.16793,338.74613,411.15315,0.85346,70.16745,85.29348,57.47803
2006,88,NOA,Pública,32,32,3497.49620,-0.40636,403.77932,354.91056,407.00245,0.89176,69.47444,107.06884,76.26934
2006,89,NEA,Pública,29,28,2815.34460,-0.89877,315.57595,311.10912,338.12645,0.68493,71.45296,59.48871,59.80336
2006,90,NOA,Pública,32,32,2725.61670,-0.77799,413.57264,377.17062,419.53454,0.82418,48.62448,71.57238,55.84218
2006,91,Buenos Aires,Pública,22,22,2711.34340,-1.39324,333.79524,318.19038,337.80463,0.72889,55.98833,69.44614,59.65009
2006,92,Buenos Aires,Pública,30,30,3742.61520,-0.36529,415.32251,429.38918,436.81826,1.07126,75.79219,90.94055,83.83122
2006,93,,Pública,6,6,802.11000,-1.55143,288.82618,343.38775,346.75816,0.63565,65.22466,65.33790,52.21950
2006,94,,Pública,20,19,2389.79870,-1.11887,320.31435,352.58916,337.18585,1.22682,83.55688,97.52413,99.36983
2006,95,NOA,Pública,31,28,2178.73060,-1.33609,291.44905,321.30822,338.86343,0.92265,48.88105,71.11116,46.66949
2006,96,Buenos Aires,Privada,34,34,3537.62520,0.18387,479.07165,461.16032,449.64940,0.99768,50.60598,63.55947,50.94574
2006,97,Córdoba,Privada,32,32,3612.75420,0.72202,479.92668,465.06993,499.98472,0.66875,53.07202,61.93841,53.49559
2006,98,Buenos Aires,Pública,11,10,1306.67650,-1.82971,292.06607,225.23455,205.98174,1.20412,53.84977,97.67134,57.69404
2006,99,CABA,Pública,25,25,1685.22780,0.13207,394.42042,411.15561,401.74107,0.95618,54.86394,75.41169,79.00399
2006,100,Buenos Aires,Privada,21,21,2643.66510,-1.06558,360.93880,348.92652,367.51506,0.95685,35.75871,86.78626,43.03200
2006,101,Mendoza,Pública,24,24,2037.40090,-1.41868,363.53708,371.43131,373.58996,0.83432,66.20846,94.24355,60.91003
2006,102,,Pública,12,12,1400.22140,-1.86434,313.42440,254.12132,296.23795,0.95350,55.91806,62.59286,52.23919
2006,103,Buenos Aires,Pública,17,17,1363.69820,-0.60480,356.27392,291.29337,358.67226,0.89849,57.21034,72.15087,82.31086
2006,104,,Pública,20,20,2621.20120,-1.72432,182.41356,200.67303,288.62279,1.15526,67.67467,89.86133,83.08669
2006,105,,Privada,31,31,13903.99190,-0.03095,470.75588,459.01039,481.42515,0.77213,55.88516,55.02953,60.17522
2006,106,,Pública,9,9,1455.07290,-1.53556,393.70057,389.97620,362.02649,0.65554,51.10804,56.19249,56.55471
2006,107,Patagonia,Pública,23,20,4093.31760,-0.33030,435.11923,402.34078,435.85860,1.09610,69.76738,74.00987,48.85316
2006,108,Buenos Aires,Privada,28,28,2729.75150,0.18485,452.38606,441.52399,461.93428,0.75366,51.69337,79.42783,65.99583
2006,109,,Pública,7,7,3392.02820,-0.02132,267.30451,118.65345,200.47124,0.73668,81.16039,49.62881,44.27660
2006,110,Buenos Aires,Privada,32,32,3224.48380,0.32669,490.61623,485.01331,497.17863,0.81530,68.33578,74.21300,75.98467
2006,111,,Pública,4,4,690.75040,-0.87498,321.74627,303.73542,329.99627,0.55812,49.16396,79.68692,53.23543
2006,112,Buenos Aires,Pública,31,31,3619.87370,-1.31278,384.02513,359.64520,382.70976,0.89164,62.65472,84.27038,70.66876
2006,113,NOA,Pública,32,32,2520.45440,0.42830,451.17870,430.79238,450.04652,0.78742,55.59274,86.58024,68.77934
2006,114,Santa Fe,Pública,31,31,4136.10010,-0.24172,442.06363,415.73667,444.43328,0.87636,79.50330,90.65739,72.55048
2006,115,Santa Fe,Pública,29,29,2962.21890,-0.54244,446.97197,440.98514,435.90852,0.98368,70.99244,96.83058,94.64004
2006,116,Buenos Aires,Pública,26,25,5021.78980,-1.17324,398.08722,288.53027,374.26789,0.93802,54.34623,84.63827,62.61727
2006,117,NEA,Pública,25,25,2433.49080,-0.73121,336.04233,336.46670,363.98218,1.10100,52.50100,90.03074,80.58324
2006,118,,Pública,20,20,2447.33150,-1.29676,333.61017,279.75473,315.84887,1.07580,59.75877,69.55048,75.56551
2006,119,Patagonia,Pública,32,32,2667.51030,-1.62843,339.44691,371.13072,355.44643,1.02424,62.61076,84.95867,77.64582
2006,120,NEA,Pública,27,27,2494.15330,-1.58511,322.79816,318.03615,322.46183,0.91147,62.88667,103.24138,81.51491
2006,121,Santa Fe,Pública,30,29,4660.62300,-1.03223,345.15426,368.16326,356.11480,0.66594,51.98045,73.56951,64.72769
2006,122,,Pública,7,6,1202.20550,-1.15206,267.64629,250.92914,260.65222,1.00919,58.22008,61.09087,59.94034
2006,123,CABA,Pública,31,31,3620.94580,-0.65723,383.51513,337.66722,381.85781,1.00851,62.93299,75.33387,73.18534
2006,124,Santa Fe,Pública,33,33,6096.21950,-0.88801,395.88292,419.67318,405.16416,0.90497,57.70361,71.57029,60.00920
2006,125,NOA,Pública,32,31,3161.66510,-1.11017,360.90198,341.59114,364.88163,0.98975,62.39207,82.61101,52.38767
2006,126,,Privada,30,30,3262.57560,0.67824,451.89360,482.25947,450.52558,0.78463,62.58301,73.13117,62.93170
2006,127,Córdoba,Privada,27,27,2364.89700,0.04640,399.38283,433.37431,432.11580,0.87164,75.20572,81.49338,86.96809
2006,128,,Privada,14,14,1571.19780,-0.19405,452.29712,444.34404,470.43353,1.06390,86.14355,77.17378,90.05574
2006,129,,Pública,28,28,3090.09620,-0.46881,432.74133,434.87295,395.72412,1.10833,60.92923,102.92791,69.43996
2006,130,Córdoba,Pública,35,35,5144.93610,-0.99347,348.22188,372.90847,374.45809,1.06796,68.01750,77.66669,66.08039
2006,131,NOA,Privada,34,34,2482.37480,0.15235,359.93303,400.07735,378.80439,0.95654,65.41414,79.26069,74.64138
2006,132,Buenos Aires,Privada,32,32,3468.25430,-0.70060,426.35336,425.92663,410.97616,0.87766,46.71014,92.40222,71.45541
2006,133,NOA,Pública,29,29,1630.53260,-1.06851,332.51387,295.91556,320.12785,0.89917,58.90476,80.96459,70.13250
2006,134,Buenos Aires,Privada,33,33,3788.85570,0.32162,440.21081,472.40608,470.16696,1.05464,62.62626,80.54620,69.53312
2006,135,Buenos Aires,Pública,31,29,4234.64930,-0.79179,388.32494,426.00198,410.25671,0.96840,53.42450,65.00852,56.48728
2006,136,,Pública,7,5,1175.77470,-1.25802,310.54394,297.29191,333.58879,0.87183,54.93683,95.42397,69.22235
2006,137,Patagonia,Pública,28,28,1354.43700,-0.89724,340.93492,362.35825,351.76030,0.98803,40.08540,65.53508,56.09240
2006,138,Mendoza,Pública,26,26,2804.86110,-1.42150,299.93834,299.10013,321.77997,0.81252,72.93829,76.02541,52.40710
2006,139,NOA,Pública,31,31,1606.33230,-1.21282,299.27037,245.80944,289.04673,0.74753,54.04344,58.59516,55.45310
2006,140,Córdoba,Privada,34,34,3475.94880,1.27159,510.17775,536.69320,531.87275,0.44745,58.49812,52.80252,55.03232
2006,141,NOA,Pública,33,33,3577.78190,-1.37091,291.85142,318.07724,340.52899,0.83185,61.47326,75.51394,57.87166
2006,142,Patagonia,Pública,29,27,1201.90790,-1.11094,348.82430,349.14449,339.72067,0.74536,61.47991,95.94894,66.56615
2006,143,Buenos Aires,Privada,30,30,3374.41910,-0.61310,385.04450,340.68567,382.02892,0.87240,55.04368,86.18619,79.82065
2006,144,Buenos Aires,Pública,27,27,2491.22520,-1.46610,349.78632,373.50635,370.75358,0.64568,69.12284,72.09846,59.58520
2006,145,,Privada,3,3,1304.42520,-2.03297,368.17002,245.56127,336.97135,0.40680,67.81369,44.20765,107.55932
2006,146,Santa Fe,Privada,25,25,2821.07860,-0.82835,358.41256,355.86729,412.87006,1.06663,67.37371,83.50909,56.55379
2006,147,,Privada,22,22,2412.70300,0.48915,396.40264,357.35816,426.64239,0.63370,66.08831,75.59498,84.19694
2006,148,Buenos Aires,Pública,14,13,2175.38020,-0.79622,315.96974,291.14742,352.54676,0.69272,89.02819,115.28971,82.72647
2006,149,CABA,Pública,30,30,2344.49670,-0.65429,460.77541,374.21956,453.35884,0.88327,53.85483,93.68612,62.30630
2006,150,NEA,Privada,24,24,2248.56390,-0.31010,355.18993,431.12520,391.42044,0.95498,57.24036,70.17226,63.31279
2006,151,Cuyo,Pública,29,29,2321.66180,-0.80058,347.27982,343.92860,342.07646,0.81411,58.48501,60.72131,58.51388
2006,152,Buenos Aires,Pública,18,18,2846.23250,-1.16637,299.73084,158.19124,267.72727,0.85497,38.60748,74.84591,41.00833
2006,153,Cuyo,Pública,30,29,2258.95740,-0.49960,369.46052,370.00275,415.46147,0.72948,55.55638,67.08566,60.94404
2006,154,Buenos Aires,Privada,29,29,3428.73130,0.01556,438.19680,423.91599,473.93557,0.78578,61.17479,77.69604,72.67689
2006,155,Buenos Aires,Privada,33,33,4218.84450,-0.48155,417.63866,443.67560,421.35525,0.89250,50.08255,75.05308,54.58147
2006,156,,Pública,26,26,764.32070,-0.65625,338.31147,298.04741,325.75337,0.87992,62.41977,66.62648,53.44296
2006,157,Buenos Aires,Pública,20,20,3141.69680,-1.08984,420.64306,397.65114,426.91536,0.96979,53.10177,76.28538,57.31301
2006,158,,Pública,8,8,4022.87780,-1.65296,171.50895,188.80153,245.82612,1.14266,71.51493,133.66068,87.69864
2006,159,,Privada,17,17,7343.87120,0.95726,539.49535,513.79883,512.87927,0.67190,55.47459,60.64501,60.08809
2006,160,Buenos Aires,Privada,33,33,4025.35150,-0.04940,435.50308,475.67928,482.04079,0.86757,58.03491,66.04060,58.65390
2006,161,,Pública,18,18,2500.72600,-1.40132,374.92129,346.91091,376.41537,0.79369,53.17221,90.03661,55.25151
2006,162,,Pública,11,11,1452.13420,-0.64175,338.03694,220.82041,341.84848,1.04039,83.93467,76.62345,61.61788
2006,163,Cuyo,Pública,30,30,1898.50320,-0.35437,402.49070,430.05493,410.07726,0.73180,53.51661,77.50256,60.17040
2006,164,NEA,Pública,33,33,3705.77350,-0.46384,449.32881,414.47688,459.01117,1.20341,54.22509,72.83871,73.01515
2006,165,Santa Fe,Pública,29,29,2489.38940,-0.54774,395.51636,394.34880,377.27848,1.08539,74.40756,75.53720,79.24699
2006,166,Buenos Aires,Pública,34,34,2835.20350,0.58109,545.28424,529.73738,551.31183,0.94790,59.16522,59.39502,59.91860
2006,167,CABA,Pública,32,32,1624.19320,0.10700,509.46953,528.04618,516.15454,0.82644,50.45311,70.42213,56.74001
2006,168,Mendoza,Pública,31,31,2707.28150,-0.83671,407.37825,405.39114,385.82187,1.03394,40.77877,68.40787,63.41683
2006,169,,Pública,17,17,1943.47340,-1.35047,383.39212,340.62225,408.46407,1.16184,49.02805,58.79837,57.60692
2006,170,Patagonia,Privada,34,34,3132.89220,0.21589,465.47994,486.71431,480.64801,0.80260,61.20019,70.90274,72.71579
2006,171,Cuyo,Privada,29,28,3489.50580,-1.00167,336.88243,340.26655,358.34981,0.80425,76.62089,95.50248,82.95388
2006,172,CABA,Privada,33,33,3293.53070,0.23784,486.71903,485.18924,464.85827,0.72682,46.79177,65.69630,56.83879
2006,173,NOA,Privada,33,33,3215.00470,0.02076,418.70094,454.86342,437.75803,0.84141,70.95995,73.07992,57.98570
2006,174,,Privada,5,5,2144.20550,-0.06582,377.09144,389.18366,386.54788,0.63882,53.98768,52.86751,40.21108
2006,175,Buenos Aires,Pública,23,21,3745.22620,-1.43990,270.67230,243.24308,258.74519,1.05704,66.22173,88.01491,86.04602
2006,176,,Pública,2,2,874.32000,-2.81260,213.03163,287.65440,265.27965,1.08965,18.50661,4.83118,16.81366
2009,19,Buenos Aires|Córdoba|Santa Fe,Pública,2,2,460.70400,-0.85758,186.08623,269.74216,301.73083,0.26531,8.70307,75.30829,104.97283
2009,22,Buenos Aires|Córdoba|Santa Fe,Pública,34,34,1675.86760,0.49439,515.31821,508.49536,498.12079,0.89934,60.91294,58.13169,59.49325
2009,193,Buenos Aires|Córdoba|Santa Fe,Pública,32,32,2321.48320,-0.01470,500.53270,490.18191,498.55743,0.88147,51.00929,47.70022,54.08946
2009,134,Buenos Aires|Córdoba|Santa Fe,Pública,26,26,2542.07920,-1.67190,354.04881,390.48899,382.97769,0.73287,59.38006,91.82627,74.33398
2009,143,Buenos Aires|Córdoba|Santa Fe,Pública,32,32,3028.42440,-0.90976,414.16931,446.50834,431.04443,0.94379,63.04040,68.89087,66.29244
2009,111,Buenos Aires|Córdoba|Santa Fe,Pública,32,31,1717.86330,-0.87063,406.90827,392.98826,394.98030,0.99901,55.93194,63.71686,63.81165
2009,69,Buenos Aires|Córdoba|Santa Fe,Pública,32,31,3423.58140,-0.64051,410.11194,410.33376,380.48787,0.95626,75.11401,98.37681,86.56088
2009,92,Buenos Aires|Córdoba|Santa Fe,Pública,24,22,3259.20060,-0.65184,389.16970,413.54730,418.02053,1.03213,43.28902,46.72978,43.30666
2009,132,Buenos Aires|Córdoba|Santa Fe,Pública,29,29,3256.85500,-0.94692,405.98012,411.90777,423.05991,1.00369,36.01027,41.67513,45.72580
2009,113,Buenos Aires|Córdoba|Santa Fe,Pública,30,29,2900.46900,-0.97671,418.89926,439.65089,402.80192,0.85646,44.34713,53.75862,59.07714
2009,114,Buenos Aires|Córdoba|Santa Fe,Pública,6,6,333.02020,-1.04314,390.11579,388.15256,389.29830,0.82494,77.82978,61.47358,64.27568
2009,182,Buenos Aires|Córdoba|Santa Fe,Pública,23,22,2736.15180,-0.81269,356.68485,365.99879,380.24579,1.00619,64.29867,86.79084,72.40608
2009,178,Buenos Aires|Córdoba|Santa Fe,Pública,29,29,3481.88160,-1.67984,344.52212,346.84784,329.15587,0.95474,55.56134,72.66389,65.68028
2009,35,Buenos Aires|Córdoba|Santa Fe,Pública,18,18,2007.62040,-0.66118,371.18771,379.35526,455.26504,1.29933,65.48176,96.60613,73.68692
2009,148,Buenos Aires|Córdoba|Santa Fe,Pública,24,24,2397.20820,-1.14268,363.85467,388.09215,406.51773,0.79631,57.54236,85.92483,61.07080
2009,40,Buenos Aires|Córdoba|Santa Fe,Pública,26,26,3157.14870,-1.75033,344.94157,305.74252,326.11444,0.69621,52.63307,77.70344,61.87866
2009,2,Buenos Aires|Córdoba|Santa Fe,Pública,34,33,2795.53360,-0.20639,465.69714,447.09234,457.53439,0.99286,65.19629,66.83949,61.72797
2009,81,Buenos Aires|Córdoba|Santa Fe,Pública,29,29,1850.69700,-0.83024,396.26540,411.57144,406.20569,0.95699,49.16790,69.97893,60.44817
2009,76,Buenos Aires|Córdoba|Santa Fe,Pública,30,30,3989.57680,-1.21805,400.90698,406.92037,410.33294,0.77156,55.94577,80.99143,62.13498
2009,163,Buenos Aires|Córdoba|Santa Fe,Pública,26,25,2956.29640,-1.09765,372.02484,325.82003,349.86173,1.01889,52.11945,63.10556,46.11488
2009,74,Buenos Aires|Córdoba|Santa Fe,Pública,32,32,3703.23410,-0.46230,396.34423,412.47584,421.82164,1.25304,70.02225,96.27481,87.94645
2009,89,Buenos Aires|Córdoba|Santa Fe,Pública,28,28,1191.06580,-0.70443,341.50546,371.64067,353.91996,1.05170,52.75910,63.35341,65.35126
2009,75,Buenos Aires|Córdoba|Santa Fe,Pública,32,32,3519.92920,-0.78647,436.45685,447.54292,442.61423,1.24846,66.56237,85.46450,79.97155
2009,63,Buenos Aires|Córdoba|Santa Fe,Pública,20,20,1374.97510,-0.73307,308.14031,307.74700,261.28788,0.89081,65.37577,90.51824,91.42042
2009,181,Buenos Aires|Córdoba|Santa Fe,Pública,29,28,2593.20210,-0.53841,369.22822,367.63345,394.18481,1.17705,76.76206,95.86719,81.88902
2009,149,Buenos Aires|Córdoba|Santa Fe,Pública,22,22,551.80860,-0.47668,426.72562,414.49459,462.65001,0.82228,59.55192,67.67907,62.27866
2009,55,Buenos Aires|Córdoba|Santa Fe,Pública,31,31,2270.23690,0.04250,464.99206,487.27178,499.97384,0.84666,49.16492,60.91488,49.88616
2009,117,Buenos Aires|Córdoba|Santa Fe,Pública,24,24,2770.19920,-1.13055,380.94601,343.91491,382.20702,0.89300,53.86668,65.82871,62.36379
2009,139,Buenos Aires|Córdoba|Santa Fe,Pública,31,31,2630.64830,-1.18776,367.70054,388.80997,363.54543,0.96422,56.98687,72.31520,55.92640
2009,42,Buenos Aires|Córdoba|Santa Fe,Pública,31,31,3468.42800,-0.53959,394.32334,416.81580,425.98931,0.93243,63.32535,73.74740,69.35195
2009,184,Buenos Aires|Córdoba|Santa Fe,Pública,26,26,2297.58400,-0.99907,395.42590,399.58818,418.56884,0.86064,54.19248,60.38344,54.06173
2009,52,Buenos Aires|Córdoba|Santa Fe,Pública,21,21,2466.46110,-1.56565,293.13608,315.51990,365.36293,1.14391,49.41184,78.34611,60.61236
2009,144,Buenos Aires|Córdoba|Santa Fe,Pública,3,3,376.13910,-1.78433,355.18926,361.51844,346.25451,0.43995,50.22472,60.03082,48.37381
2009,56,Buenos Aires|Córdoba|Santa Fe,Pública,11,10,1404.11040,-0.84605,352.83927,361.39186,391.14411,1.10725,71.15378,68.79355,74.27952
2009,168,Buenos Aires|Córdoba|Santa Fe,Pública,29,29,2765.73320,-1.31974,352.71081,315.84650,318.49585,0.76586,44.02910,60.15808,57.40965
2009,137,Buenos Aires|Córdoba|Santa Fe,Pública,27,27,2266.55380,-0.03090,379.19759,420.96054,381.45958,1.20839,59.21356,71.91005,64.79325
2009,166,Buenos Aires|Córdoba|Santa Fe,Pública,26,26,1385.38330,-0.84799,420.69393,403.72864,423.11070,1.03686,58.32588,53.98856,67.64152
2009,146,Buenos Aires|Córdoba|Santa Fe,Pública,30,30,2797.00090,-0.66397,415.48320,401.00348,433.66237,0.92990,52.83223,68.63231,62.11108
2009,13,Buenos Aires|Córdoba|Santa Fe,Privada,26,25,1508.04180,-0.52976,443.41738,433.91004,433.43419,1.08501,73.73235,71.60359,74.05473
2009,10,Buenos Aires|Córdoba|Santa Fe,Pública,27,27,2289.85990,-0.82865,395.20414,396.72095,402.25141,0.96900,62.44601,77.22542,67.44179
2009,97,Buenos Aires|Córdoba|Santa Fe,Pública,21,21,2496.36290,-0.91090,352.01983,378.68387,362.93118,1.19501,54.55012,79.07896,65.62601
2009,105,Buenos Aires|Córdoba|Santa Fe,Pública,30,29,3547.41600,-0.85930,347.80511,399.25318,402.94676,1.13717,50.48478,58.23294,60.70655
2009,142,Buenos Aires|Córdoba|Santa Fe,Pública,23,23,2200.92680,-0.98379,308.62413,352.77402,357.64548,0.85526,77.45394,83.65293,76.72878
2009,83,Buenos Aires|Córdoba|Santa Fe,Pública,26,26,2038.54740,-0.07752,434.04401,434.65120,442.54419,1.04027,53.02399,65.72181,63.24467
2009,6,Buenos Aires|Córdoba|Santa Fe,Pública,31,31,3004.54610,-0.67671,418.01133,427.11330,415.86614,0.98569,51.53997,70.18853,56.78390
2009,164,Buenos Aires|Córdoba|Santa Fe,Pública,25,25,2972.27060,-1.38306,388.35185,399.43242,378.21033,0.87081,62.88580,62.73010,59.51819
2009,179,Buenos Aires|Córdoba|Santa Fe,Pública,34,34,2593.71440,-1.13424,440.14221,417.87250,394.37512,1.06605,43.21446,51.17717,48.11150
2009,187,Buenos Aires|Córdoba|Santa Fe,Pública,28,26,1132.41380,-0.77394,350.23913,322.72805,318.01537,0.63954,67.07506,81.01210,78.82565
2009,186,Buenos Aires|Córdoba|Santa Fe,Pública,29,29,4571.52470,-1.56669,386.43387,370.43674,365.74192,0.88053,47.20133,61.32380,57.98806
2009,150,Buenos Aires|Córdoba|Santa Fe,Pública,31,30,1970.87420,-1.48561,363.15654,370.83911,377.75553,1.04185,58.77345,81.49053,71.14901
2009,147,Buenos Aires|Córdoba|Santa Fe,Pública,26,25,1858.42220,-1.40185,392.63159,410.36919,411.66806,0.79372,53.08440,54.39111,60.64437
2009,53,Buenos Aires|Córdoba|Santa Fe,Pública,4,4,419.08080,-1.12154,339.98047,324.77595,329.93668,0.42669,18.63722,41.54517,45.78015
2009,156,Buenos Aires|Córdoba|Santa Fe,Pública,5,5,1163.18850,-1.40846,379.31920,374.35120,378.55240,0.45239,66.21663,66.14110,81.13216
2009,160,Buenos Aires|Córdoba|Santa Fe,Pública,2,2,465.27540,-0.65495,225.82100,223.51800,261.83200,0.11872,54.08660,103.56852,71.54224
2009,31,Buenos Aires|Córdoba|Santa Fe,Pública,12,12,2783.57160,-1.15358,334.04987,302.34722,282.73981,0.64626,29.24817,49.21300,35.71355
2009,197,Buenos Aires|Córdoba|Santa Fe,Pública,30,27,1314.87420,-0.44424,345.68603,320.54736,310.10745,0.82646,49.85380,63.97199,52.93578
2009,12,Buenos Aires|Córdoba|Santa Fe,Pública,24,20,3041.16470,-1.20413,309.09823,267.85191,293.31358,0.90106,50.46315,81.58582,58.29772
2009,102,Buenos Aires|Córdoba|Santa Fe,Pública,12,11,1859.80620,-0.95017,321.17382,295.35030,321.74068,0.75103,69.63913,65.48534,61.49285
2009,135,Buenos Aires|Córdoba|Santa Fe,Pública,16,15,1565.06700,-1.49261,236.44433,269.14148,267.02546,0.97533,57.64112,67.71430,61.64576
2009,47,Buenos Aires|Córdoba|Santa Fe,Pública,18,17,2303.55910,-0.84673,301.71838,307.23575,326.46703,0.72830,59.25518,74.74728,64.12627
2009,61,Buenos Aires|Córdoba|Santa Fe,Pública,23,23,3184.61970,-1.25971,293.17178,246.85567,280.53565,0.86454,59.57250,85.95632,67.25515
2009,24,Buenos Aires|Córdoba|Santa Fe,Pública,21,19,2397.31640,-1.15385,294.43035,233.74233,280.05800,0.98693,58.90957,79.92774,63.73872
2009,36,Buenos Aires|Córdoba|Santa Fe,Pública,12,12,1487.06100,-1.30663,256.09316,239.00011,252.25771,0.83741,58.00329,59.72047,62.50831
2009,5,Buenos Aires|Córdoba|Santa Fe,Pública,16,16,2147.70150,-0.74367,272.81653,345.70601,371.30269,0.55969,74.36507,78.93183,72.77851
2009,126,Buenos Aires|Córdoba|Santa Fe,Pública,1,1,108.32460,-1.72890,280.27000,313.92800,296.84800,,,,
2009,94,Buenos Aires|Córdoba|Santa Fe,Pública,21,20,2562.64370,-1.20205,332.45569,287.50680,287.39257,0.88828,68.19546,85.41654,65.98182
2009,112,Buenos Aires|Córdoba|Santa Fe,Pública,13,13,1571.77500,-1.08644,331.19907,275.95210,267.94891,0.90600,75.26743,103.34352,72.08321
2009,192,Buenos Aires|Córdoba|Santa Fe,Pública,10,10,1190.37940,-1.26005,325.61843,334.28236,342.88899,0.79029,52.24206,39.90154,46.82339
2009,17,Buenos Aires|Córdoba|Santa Fe,Pública,24,20,3098.39140,-1.76380,212.30615,180.14237,168.76382,1.27087,60.82884,88.51948,61.42561
2009,110,Buenos Aires|Córdoba|Santa Fe,Pública,21,16,2644.96820,-0.48938,174.66784,127.30619,133.06559,1.30918,57.03316,62.27951,52.64894
2009,98,Buenos Aires|Córdoba|Santa Fe,Pública,27,27,3879.20340,-1.07316,376.74541,377.42218,385.49662,0.84819,43.58065,57.96525,40.43533
2009,129,Buenos Aires|Córdoba|Santa Fe,Pública,4,4,472.99240,-0.18635,362.54400,335.04850,343.68300,0.66783,33.60618,77.35564,44.12050
2009,128,Buenos Aires|Córdoba|Santa Fe,Pública,13,13,1462.68450,-1.54355,310.89374,293.30091,291.79269,0.75267,47.59383,62.91714,49.63577
2009,21,Buenos Aires|Córdoba|Santa Fe,Pública,11,11,1263.45870,-1.20532,247.32822,245.54184,303.07953,0.83662,41.32121,47.89058,55.85404
2009,115,Buenos Aires|Córdoba|Santa Fe,Pública,13,13,3059.76880,-1.78034,247.66747,294.54038,307.60489,0.93186,60.74461,65.62757,61.37218
2009,196,Buenos Aires|Córdoba|Santa Fe,Pública,5,5,1126.57540,-0.46845,447.58525,530.82518,549.37408,0.74705,80.47188,49.27276,56.07248
2009,195,Buenos Aires|Córdoba|Santa Fe,Pública,2,1,472.99240,-0.86230,200.07700,145.47300,227.65800,,22.74763,17.45847,61.71628
2009,29,Buenos Aires|Córdoba|Santa Fe,Pública,27,27,3174.00770,-0.06510,364.11652,426.90899,403.66519,0.97548,62.73726,72.17745,64.26996
2009,32,Buenos Aires|Córdoba|Santa Fe,Privada,4,4,450.18280,-1.93812,275.69250,269.37100,284.28250,0.64125,37.23985,18.29335,24.32525
2009,106,Buenos Aires|Córdoba|Santa Fe,Privada,15,15,3453.26910,0.99771,480.35954,516.68585,498.41775,0.49084,54.62070,66.90122,54.83917
2009,194,Buenos Aires|Córdoba|Santa Fe,Privada,24,24,5452.64920,0.63157,465.66626,481.55706,466.91575,0.66850,78.11282,98.01046,83.65065
2009,172,Buenos Aires|Córdoba|Santa Fe,Privada,33,33,8780.15240,-0.71339,369.90354,394.08199,400.24778,0.85323,54.63326,67.30459,63.46218
2009,96,Buenos Aires|Córdoba|Santa Fe,Privada,9,9,2115.53620,-0.96060,321.18289,356.92056,330.35909,0.90204,43.47668,41.58557,47.33162
2009,123,Buenos Aires|Córdoba|Santa Fe,Privada,29,29,7773.77470,-1.37262,366.02270,364.57615,368.83039,1.08907,54.90028,69.45476,62.69303
2009,133,Buenos Aires|Córdoba|Santa Fe,Privada,7,7,1626.90490,-0.29425,290.97199,274.76205,289.59513,0.74804,27.07492,52.45405,28.65515
2009,41,Buenos Aires|Córdoba|Santa Fe,Privada,30,30,8001.99280,-0.04201,462.36034,470.62500,474.92701,0.80040,71.41402,77.63074,70.67105
2009,20,Buenos Aires|Córdoba|Santa Fe,Privada,7,7,1563.70060,-1.74031,423.24107,455.82751,441.32285,1.01566,88.01884,83.22978,70.02954
2009,175,Buenos Aires|Córdoba|Santa Fe,Privada,33,33,3505.41150,-0.54276,496.02204,489.36093,502.72364,0.94789,54.74308,47.74992,59.51952
2009,170,Buenos Aires|Córdoba|Santa Fe,Privada,35,35,2491.48270,0.30077,449.19253,479.81665,465.60850,0.96248,50.30153,62.82924,62.15953
2009,49,Buenos Aires|Córdoba|Santa Fe,Privada,21,21,2006.52240,-1.80640,338.30426,355.87737,374.19484,0.95152,44.13447,73.18013,54.34131
2009,191,Buenos Aires|Córdoba|Santa Fe,Privada,32,32,2830.13260,0.35356,474.55184,494.32681,493.59354,0.83734,49.18767,60.86962,51.54929
2009,16,Buenos Aires|Córdoba|Santa Fe,Privada,34,34,3456.71850,-0.25370,444.46603,443.97723,457.88616,0.76660,58.62170,54.98260,55.16480
2009,107,Buenos Aires|Córdoba|Santa Fe,Privada,33,33,3285.04110,1.29612,512.96848,538.14576,519.20145,0.53453,48.12307,65.34006,45.06976
2009,180,Buenos Aires|Córdoba|Santa Fe,Privada,28,28,1706.00620,-0.29957,426.02626,448.23232,470.39518,0.75981,56.50090,35.96167,50.57659
2009,158,Buenos Aires|Córdoba|Santa Fe,Privada,30,30,3354.88760,-0.03000,404.42359,494.28472,469.58689,0.90579,53.88711,55.56910,62.37312
2009,183,Buenos Aires|Córdoba|Santa Fe,Privada,32,32,4569.95230,0.03969,439.41754,464.31591,452.49861,0.99086,62.38891,62.86673,69.10516
2009,64,Buenos Aires|Córdoba|Santa Fe,Pública,32,32,4231.95000,-0.01965,467.12488,519.41223,513.93352,0.60126,59.14008,60.75823,58.91416
2009,78,Buenos Aires|Córdoba|Santa Fe,Privada,5,5,572.76280,-0.86548,392.54625,414.79388,364.00335,1.31999,46.40570,27.51552,34.47680
2009,44,Buenos Aires|Córdoba|Santa Fe,Privada,26,26,2228.91670,-0.08799,393.43097,424.25674,424.71046,0.90170,41.18519,46.23803,52.03062
2009,145,Buenos Aires|Córdoba|Santa Fe,Privada,31,31,2808.25580,0.06882,428.81823,462.08341,452.43755,0.73396,48.30799,57.72874,50.36410
2009,199,Buenos Aires|Córdoba|Santa Fe,Privada,32,32,2934.90840,0.44819,459.78210,473.10766,496.96314,0.66385,39.17157,63.19667,51.63506
2009,88,Buenos Aires|Córdoba|Santa Fe,Privada,31,30,1772.78090,-1.06250,342.51192,359.53330,346.10683,0.90667,58.56003,81.12977,73.08071
2009,46,Buenos Aires|Córdoba|Santa Fe,Privada,22,22,3525.50720,-0.81392,381.77125,374.96078,399.86531,0.92440,59.32065,61.57976,59.23887
2009,177,Buenos Aires|Córdoba|Santa Fe,Privada,27,26,1745.59450,0.28965,441.72250,436.37342,454.47749,0.90027,58.45921,73.57884,63.14164
2009,176,Buenos Aires|Córdoba|Santa Fe,Privada,35,35,3078.87230,1.29427,540.34875,542.94619,557.45342,0.50827,50.45891,56.32855,53.98081
2009,38,Buenos Aires|Córdoba|Santa Fe,Privada,24,23,2441.09880,-0.54264,381.84127,408.87601,397.37753,1.11145,65.30932,77.71580,81.21911
2009,109,Buenos Aires|Córdoba|Santa Fe,Privada,16,16,3274.59370,1.21058,534.56339,570.43920,527.61376,0.52380,57.21426,49.60182,55.42856
2009,71,Buenos Aires|Córdoba|Santa Fe,Privada,15,15,1579.80940,1.24936,461.95898,491.50587,494.98528,0.53518,47.35830,68.92740,52.16416
2009,23,Buenos Aires|Córdoba|Santa Fe,Privada,28,28,2361.89520,1.31037,547.58860,557.75086,574.24296,0.62682,59.05303,46.16004,60.98605
2009,37,Buenos Aires|Córdoba|Santa Fe,Privada,34,34,3328.83940,0.28114,431.33587,485.60730,456.27865,0.85126,47.14429,68.75804,53.22624
2009,51,Buenos Aires|Córdoba|Santa Fe,Privada,32,31,3730.13080,0.25827,422.15337,465.26999,458.11079,0.83349,62.15306,66.52470,70.09428
2009,80,Buenos Aires|Córdoba|Santa Fe,Privada,30,30,3571.69240,0.08611,477.16734,498.41660,471.85715,0.92006,46.90738,51.09867,53.28858
2009,151,Buenos Aires|Córdoba|Santa Fe,Privada,34,34,2937.83030,1.22506,525.13124,523.36608,547.01670,0.66229,49.36513,55.31977,55.87916
2009,169,Buenos Aires|Córdoba|Santa Fe,Privada,33,33,2821.29990,1.61936,511.16373,530.92458,528.02765,0.59740,58.36932,69.82893,55.58040
2009,119,Buenos Aires|Córdoba|Santa Fe,Privada,33,33,2445.82020,0.40054,484.93498,478.79269,479.39214,0.91835,57.87550,62.23329,57.16014
2009,162,Buenos Aires|Córdoba|Santa Fe,Privada,34,34,3804.59570,0.36097,466.87992,505.39260,499.91520,0.64363,54.74524,66.70309,60.50192
2009,3,Buenos Aires|Córdoba|Santa Fe,Privada,16,16,1685.37120,-0.62108,395.05916,399.76295,436.82892,0.73140,60.05529,78.29013,69.30227
2009,45,Buenos Aires|Córdoba|Santa Fe,Privada,32,32,3997.26150,0.50217,487.73522,500.66719,509.93091,0.70925,60.62445,57.71398,54.76480
2009,27,Buenos Aires|Córdoba|Santa Fe,Privada,29,29,1601.02490,0.85847,502.11719,534.72401,524.75510,0.68117,54.16762,65.49606,58.91931
2009,174,Buenos Aires|Córdoba|Santa Fe,Privada,25,25,2720.54000,-0.85235,408.14912,457.11664,416.13976,0.81151,63.47350,60.89344,65.39884
2009,138,Buenos Aires|Córdoba|Santa Fe,Pública,34,34,2500.60200,0.67651,475.06381,451.34758,494.85763,0.67845,65.41829,74.45236,74.13491
2009,124,Buenos Aires|Córdoba|Santa Fe,Privada,33,33,2338.94650,0.05553,425.66751,443.29302,432.69255,0.73579,52.13721,68.34009,59.69745
2009,85,Buenos Aires|Córdoba|Santa Fe,Privada,20,19,4238.16870,0.37683,473.54085,474.38134,463.52740,0.81560,59.77781,62.46680,59.44228
2009,34,Buenos Aires|Córdoba|Santa Fe,Privada,34,34,3690.68160,0.43848,484.61911,505.37297,475.06937,0.86868,54.25999,57.48319,59.45393
2009,25,NEA,Pública,17,16,2110.19860,-1.70251,299.65107,227.27913,210.07370,0.83287,56.38094,74.69143,80.31464
2009,165,NEA,Pública,17,14,1563.17220,-0.48898,393.87610,382.76003,388.29013,0.96366,58.22343,70.40462,57.67475
2009,173,NEA,Pública,25,24,1081.29850,-0.54195,363.03174,362.14755,400.10750,1.01322,53.83647,60.46911,56.78806
2009,198,NEA,Pública,32,32,1441.80190,-0.89077,367.57678,378.82422,371.68322,0.96193,52.75972,64.99507,57.77259
2009,155,NEA,Pública,31,30,2270.18290,-1.01859,334.40719,348.74822,350.02344,0.97674,42.23271,51.69740,47.48873
2009,90,NEA,Pública,35,35,2744.24790,-0.53991,368.01202,388.14406,402.39832,0.91338,42.92003,63.75005,50.98671
2009,190,NEA,Pública,25,23,2945.93690,-1.64760,282.55011,299.27781,309.51505,0.96325,57.49906,59.60939,62.87901
2009,30,NEA,Pública,27,27,2222.85430,-0.93113,372.10628,373.45838,365.39736,0.95530,45.09281,60.65723,54.07168
2009,79,NEA,Pública,28,28,3160.33690,-0.87165,372.08812,376.73540,348.10808,1.29315,55.02253,78.97721,63.96505
2009,62,NEA,Pública,29,29,2853.38080,-1.79234,323.83673,316.15185,335.21950,1.12036,65.94836,83.04418,82.66553
2009,67,NEA,Pública,23,23,1946.88230,-0.55956,302.13755,251.32556,273.04178,1.07551,72.81328,75.84049,76.44070
2009,48,NEA,Pública,19,19,2101.84530,-1.49310,306.21102,297.68162,339.53398,1.31840,79.22428,105.78876,103.87251
2009,99,NEA,Pública,24,24,328.19370,-0.82709,377.15100,398.06877,438.77375,0.76406,51.26292,64.18052,52.47688
2009,33,NEA,Pública,27,26,2108.57630,-1.24804,311.71320,337.56727,333.73766,1.05823,52.69964,70.21014,57.56996
2009,14,NEA,Pública,6,6,1395.90820,-2.39504,293.87200,238.43806,241.32872,0.40177,21.17335,29.26951,43.43480
2009,136,NEA,Pública,3,2,701.67510,-1.74423,297.63924,265.19318,258.30416,0.76643,11.82426,12.91893,15.45339
2009,104,NEA,Pública,23,23,2497.53300,-1.39967,336.83821,329.97164,350.31698,1.07205,71.81123,87.90286,86.79816
2009,39,NEA,Pública,20,20,1140.06000,0.19231,424.02058,442.96830,475.07966,0.85779,50.05214,77.55214,50.01990
2009,86,NEA,Privada,15,15,3187.81080,-1.51474,296.87225,321.09784,326.46899,0.91246,72.74176,79.78358,70.38264
2009,82,NEA,Privada,31,31,3169.00730,-0.67073,292.81747,305.94703,314.34982,1.17094,49.87461,67.98086,62.75561
2009,95,NEA,Privada,31,31,2619.02250,-0.03211,369.81274,398.17069,392.06361,0.75440,60.36044,69.25187,62.41087
2009,73,NOA,Pública,2,2,420.42430,-2.78790,209.89780,193.00676,206.22201,0.26205,14.32174,56.42571,47.47515
2009,59,NOA,Pública,16,16,1587.42810,-1.07701,356.33044,397.79120,354.20926,0.85881,66.78231,86.73497,69.36712
2009,72,NOA,Pública,30,30,2921.41940,-1.19190,328.51495,337.85374,324.60515,0.75594,58.19901,70.79228,70.51855
2009,159,NOA,Pública,30,29,2680.65150,-1.12367,393.21040,377.64548,392.87387,0.89829,45.36864,65.93959,49.53332
2009,108,NOA,Pública,32,32,979.34490,-0.84076,363.42892,393.95643,371.88638,1.03037,58.12695,67.89587,66.12004
2009,87,NOA,Pública,30,29,788.75440,-1.20057,372.51962,372.26022,377.69474,1.01190,56.81397,71.36509,65.60163
2009,68,NOA,Pública,33,33,2354.48790,-0.93551,376.61069,381.68204,381.06392,0.93660,51.36725,49.04952,52.55720
2009,185,NOA,Pública,29,29,1891.41670,-0.96006,401.06578,408.63486,404.55491,1.00911,65.56869,73.62837,71.54096
2009,66,NOA,Pública,32,32,2117.55790,-0.97466,314.37154,362.29232,363.54307,1.06595,65.92294,65.00225,62.42454
2009,161,NOA,Pública,31,31,3643.51120,-1.18553,334.57536,334.96935,370.13968,0.94629,57.05398,78.44035,62.12846
2009,103,NOA,Pública,22,21,1256.20840,-1.00206,294.15982,211.80551,238.91501,0.98877,55.25795,82.19305,70.17323
2009,54,NOA,Pública,29,29,1883.94420,-1.25351,291.83157,297.47097,300.23690,0.91351,47.77349,75.17633,59.80011
2009,43,NOA,Pública,34,34,3800.72100,-2.21411,330.10532,332.52804,358.79651,1.32217,53.61262,42.34692,48.50999
2009,131,NOA,Pública,31,31,2393.18660,-0.33296,343.05820,378.39388,369.91120,0.86452,59.13791,67.88619,69.09722
2009,7,NOA,Pública,29,29,1549.88150,-0.90770,370.04507,372.34733,391.26367,0.97653,68.52711,72.90052,66.63900
2009,116,NOA,Pública,33,33,3036.82880,-1.48928,382.48851,398.52146,431.25182,0.95405,62.65950,77.00176,68.29569
2009,9,NOA,Pública,5,5,1302.98250,-2.56259,249.79799,231.87513,256.43068,0.69245,40.66162,71.35198,55.72641
2009,130,NOA,Pública,16,15,1842.50880,-1.59351,296.30540,280.86061,288.88838,1.13253,69.06731,83.29499,65.48643
2009,60,NOA,Pública,31,30,2057.11140,-0.75054,359.17178,359.91120,399.43955,0.73180,44.54724,56.15959,45.48933
2009,11,NOA,Pública,6,6,1274.48780,-1.57258,279.98561,329.08406,330.48644,0.98351,45.39191,69.43273,74.57797
2009,57,NOA,Privada,13,9,508.48530,-0.34274,348.88879,405.08985,360.68159,0.85142,50.77386,61.91028,56.74555
2009,167,NOA,Privada,28,27,2006.39170,0.08877,362.08382,389.40830,418.45234,0.69038,45.63901,67.82497,51.80584
2009,189,NOA,Privada,31,30,1956.43890,-0.64399,398.11905,451.24734,440.39079,1.05254,53.12208,57.88937,59.00562
2009,8,NOA,Privada,30,30,895.65780,-1.46038,383.60474,403.19165,415.14364,0.88678,44.62393,44.41600,45.75643
2009,26,NOA,Privada,34,34,2218.00260,-0.83328,396.44121,406.42057,391.22631,0.83461,62.15117,65.85192,66.31944
2009,50,NOA,Privada,32,32,2557.14090,0.92657,479.49892,499.33000,510.48779,0.72258,53.94720,75.39931,56.87030
2009,157,Patagonia,Pública,5,5,1072.99300,-0.82042,353.91035,376.04574,340.08542,1.53156,11.25141,50.39365,21.34189
2009,153,Patagonia,Pública,32,32,2303.15780,0.09673,349.89860,397.36999,419.39666,0.82184,61.28080,68.60270,71.77574
2009,121,Patagonia,Pública,3,3,139.05190,0.64523,424.37879,409.50039,433.61429,1.01861,13.27125,60.50342,28.76611
2009,28,Patagonia,Pública,32,32,2680.98190,-0.70732,397.47404,394.61678,397.76734,0.96688,43.22685,59.98304,52.56463
2009,118,Patagonia,Pública,18,16,1613.59580,-0.80134,386.07222,409.60653,392.06511,1.01324,74.90839,83.81362,81.85315
2009,101,Patagonia,Pública,24,24,541.38840,-1.51900,421.41805,444.55848,408.42296,0.56579,48.42844,69.14983,60.76759
2009,127,Patagonia,Pública,34,33,3256.79490,-0.45275,348.84063,364.86353,360.31161,1.14076,52.98652,79.15638,64.81494
2009,120,Patagonia,Pública,33,33,1845.71400,-1.20950,337.63695,333.08302,352.35276,0.85224,46.40195,71.10019,52.71301
2009,93,Patagonia,Pública,29,29,2021.86170,-1.18984,365.01923,392.38314,422.09804,0.97653,47.13110,62.92044,56.65977
2009,58,Patagonia,Pública,23,23,2438.02980,-0.78402,343.46893,380.13003,400.92428,1.00843,53.47180,64.79199,58.08680
2009,100,Patagonia,Privada,29,29,3045.12540,-0.50474,421.06416,420.29314,433.53076,1.11502,55.08353,71.73811,65.71606
2009,141,Patagonia,Privada,31,8,2208.03870,-0.03878,405.81238,436.46055,447.28261,1.42262,57.06743,70.05679,56.29836
2012,1,Buenos Aires|Córdoba|Santa Fe,Privada,34,34,8104.56650,0.30627,454.84557,468.41234,479.83916,0.81490,59.84739,50.05428,52.39922
2012,2,CABA,Privada,33,32,532.09340,-0.08794,464.92106,467.98018,467.84114,0.82936,47.60708,69.50813,66.51901
2012,3,CABA,Privada,32,32,608.40670,0.56821,475.37274,495.66275,512.35582,0.68383,56.79220,62.81493,62.24602
2012,4,Buenos Aires|Córdoba|Santa Fe,Privada,32,32,3883.17140,0.05545,470.79580,481.33013,496.76745,0.86757,49.97159,53.39664,48.06712
2012,5,Cuyo,Pública,32,32,2929.74690,-1.42176,388.02664,377.84825,390.03237,0.94891,44.63344,62.09719,51.54893
2012,6,NEA,Pública,29,29,2199.75180,0.27029,472.17328,492.26282,510.79759,0.87958,50.75928,59.91951,56.13043
2012,7,CABA,Pública,23,23,1101.59960,-1.25508,312.05843,336.79402,296.50871,0.86807,72.65153,77.06761,78.10493
2012,8,NOA,Pública,35,35,2803.48950,-1.47842,374.89905,384.23712,392.22716,1.10182,46.26277,53.57650,46.32327
2012,9,Buenos Aires|Córdoba|Santa Fe,Pública,8,7,1282.67940,-0.88686,302.26079,285.95882,231.24021,0.69754,34.90683,41.25176,39.68261
2012,10,Buenos Aires|Córdoba|Santa Fe,Pública,30,28,2673.37950,-0.49855,382.58705,418.39070,438.75990,0.90203,60.95591,71.29934,58.96073
2012,11,Cuyo,Pública,27,27,3138.98990,-0.13545,463.22361,458.42006,484.44797,1.18127,44.02797,59.13596,41.53403
2012,12,Cuyo,Privada,31,31,3221.82080,-0.48945,438.71491,442.44546,453.76497,0.89952,49.81210,68.24563,51.14701
2012,13,Cuyo,Privada,28,27,2375.09110,-0.00439,423.01672,440.46425,450.63220,1.02907,43.09363,59.57536,36.63726
2012,14,NOA,Pública,35,35,3990.04690,0.22326,420.12032,444.60031,468.26950,0.77995,55.24928,81.87774,58.85960
2012,15,Cuyo,Pública,30,30,2499.85740,-0.21191,378.39027,390.11227,397.59657,0.88948,53.29272,51.15708,53.19062
2012,16,Buenos Aires|Córdoba|Santa Fe,Pública,26,26,2962.70650,-0.61003,366.04130,352.04750,366.13366,1.32178,61.86507,74.19545,62.47430
2012,17,Buenos Aires|Córdoba|Santa Fe,Pública,27,27,2564.20650,-0.41595,421.88909,394.84233,458.37297,0.80757,53.39316,57.89045,52.89493
2012,18,Patagonia,Pública,32,32,2107.26720,-0.29664,429.04416,434.31936,429.83660,0.88784,54.60354,70.60139,62.31818
2012,19,Cuyo,Pública,27,27,3374.89510,-1.81895,327.15764,288.34819,311.57948,0.95309,54.58473,76.61968,54.74311
2012,20,CABA,Pública,22,22,257.60180,-1.36000,354.58917,285.86630,362.13949,1.04846,41.62936,58.70746,52.54865
2012,21,NOA,Pública,33,33,1612.29730,-0.43668,425.78401,466.13504,449.87184,0.89874,43.66748,47.82486,49.89613
2012,22,Buenos Aires|Córdoba|Santa Fe,Pública,22,22,1951.95630,-0.87229,385.07650,346.96043,416.82202,0.97788,53.01036,73.49279,54.54343
2012,23,NOA,Pública,30,30,2459.83870,-1.55053,330.21995,313.17052,331.33570,0.69179,42.77169,62.68905,49.84724
2012,24,Buenos Aires|Córdoba|Santa Fe,Pública,22,22,2084.81260,-1.54806,381.51644,373.69630,411.46745,0.78035,51.79170,51.25960,46.95194
2012,25,NOA,Privada,35,35,2756.04650,-0.86960,427.33028,449.02371,440.50853,0.90578,39.23899,61.43290,45.19637
2012,26,Buenos Aires|Córdoba|Santa Fe,Pública,33,33,2106.11340,-0.11205,450.34104,506.52998,489.62308,1.01516,54.09910,48.61883,49.85441
2012,27,Cuyo,Pública,31,31,3720.28010,-1.44784,313.61312,301.42056,337.86756,0.79462,46.72036,63.19635,47.89448
2012,28,CABA,Privada,33,33,517.70820,1.06223,512.83348,573.68948,542.01516,0.43260,48.80938,69.20190,52.86059
2012,29,Buenos Aires|Córdoba|Santa Fe,Privada,34,34,2768.75430,-0.26581,438.00220,456.99682,475.37607,0.81464,57.77842,67.70626,56.41992
2012,30,NOA,Pública,35,35,3229.70350,-1.11916,360.94837,382.44431,369.87853,1.03247,43.12101,58.58025,49.44936
2012,31,Cuyo,Pública,28,28,2966.35370,-0.75838,337.68641,301.67734,339.75194,0.89370,41.07694,45.18443,37.42713
2012,32,NOA,Privada,33,33,3481.55090,0.10141,434.62327,427.00130,445.96931,0.81446,51.48953,57.40285,53.84851
2012,33,Buenos Aires|Córdoba|Santa Fe,Pública,26,24,1903.12010,-1.59257,326.11377,312.00703,324.94657,0.72207,63.24178,91.40629,71.72665
2012,34,NEA,Pública,26,26,1994.17200,-1.52741,272.53949,249.40951,317.91936,0.92117,52.11367,67.30879,53.02272
2012,35,Buenos Aires|Córdoba|Santa Fe,Privada,31,31,2821.98100,-1.12022,387.84422,451.32070,407.82501,0.69273,49.23579,53.58656,47.18035
2012,36,Buenos Aires|Córdoba|Santa Fe,Pública,25,24,3480.72180,-1.18789,319.37216,265.70682,315.45764,0.82812,56.30364,69.29893,56.08088
2012,37,Buenos Aires|Córdoba|Santa Fe,Pública,28,27,2799.53140,-1.10834,352.66949,356.29437,389.89529,0.96999,52.19633,73.28392,61.56470
2012,38,Buenos Aires|Córdoba|Santa Fe,Privada,34,34,3351.62440,0.21690,467.22519,496.65330,467.93468,0.95378,58.32767,57.95862,61.40735
2012,39,Patagonia,Privada,31,29,2773.57890,0.71329,463.41869,477.17107,479.96034,0.74118,74.01225,87.11761,78.15989
2012,40,Buenos Aires|Córdoba|Santa Fe,Privada,33,31,2992.88310,-0.50753,411.90716,389.96942,407.17031,1.18365,64.72018,90.11826,72.85625
2012,41,Buenos Aires|Córdoba|Santa Fe,Pública,28,28,2865.07540,-0.87647,393.34675,398.48877,388.35746,0.86048,66.05253,53.40911,55.46179
2012,42,NEA,Pública,7,7,781.34110,-1.64233,345.42609,356.34331,349.53434,0.97688,41.33018,61.32124,71.59572
2012,43,CABA,Privada,31,30,841.91060,0.45741,479.03583,486.13827,503.19458,0.74337,48.17133,60.93649,50.32100
2012,44,Buenos Aires|Córdoba|Santa Fe,Privada,23,23,2183.18410,-0.93170,339.02623,339.24066,369.81446,0.79881,60.69397,56.69126,54.70662
2012,45,Buenos Aires|Córdoba|Santa Fe,Pública,24,24,2527.24340,-1.09135,407.52063,397.39841,419.17429,0.99775,69.56542,73.24905,62.51265
2012,46,Buenos Aires|Córdoba|Santa Fe,Privada,35,34,4243.23740,0.42894,464.64726,497.93027,472.98519,0.85092,52.02645,55.57784,53.94151
2012,47,Buenos Aires|Córdoba|Santa Fe,Pública,15,14,5232.12420,-0.97674,322.91075,324.66787,383.80960,1.03990,69.82822,104.22259,73.91365
2012,48,NOA,Pública,30,29,2903.94080,-1.39337,379.47929,341.56545,359.17100,1.22073,49.15094,55.78941,56.23226
2012,49,NOA,Privada,29,29,2194.85480,-1.24794,367.33948,389.42096,404.27547,0.84546,49.18878,56.37363,46.66356
2012,50,Buenos Aires|Córdoba|Santa Fe,Privada,35,35,4316.84540,-0.65400,415.60648,481.80661,457.69081,0.70909,43.89490,62.43239,45.48075
2012,51,Patagonia,Pública,24,24,3538.55780,-0.17256,387.49668,383.61372,402.19779,1.09791,71.46900,87.64280,72.17253
2012,52,CABA,Privada,34,33,892.99320,0.31295,448.08629,480.10792,462.72720,0.71118,53.94774,76.81458,69.66337
2012,53,Patagonia,Pública,4,4,901.39260,-1.26030,373.52771,372.31369,375.46330,1.03310,35.95582,39.79052,42.82821
2012,54,Buenos Aires|Córdoba|Santa Fe,Pública,9,5,1480.30020,-0.87366,334.11890,270.57027,195.00282,0.80581,44.94220,60.02735,63.17421
2012,55,CABA,Pública,25,25,514.19000,-1.49494,349.83401,346.50566,368.80890,0.73392,53.45564,64.46042,65.30188
2012,56,Buenos Aires|Córdoba|Santa Fe,Pública,22,22,3286.65950,-1.43715,324.53332,287.38672,324.08456,0.96661,67.37396,71.11177,63.39032
2012,57,Buenos Aires|Córdoba|Santa Fe,Pública,27,27,1103.36060,-1.21595,404.42681,398.33497,411.24732,0.81785,47.30786,47.45701,45.16227
2012,58,Patagonia,Pública,31,31,4509.99790,-0.89823,375.55459,368.20102,407.46825,0.77627,44.23841,51.91423,49.86431
2012,59,Buenos Aires|Córdoba|Santa Fe,Pública,31,31,3237.30020,-1.18132,348.14512,364.02808,377.57556,0.95279,41.82018,55.31393,43.19035
2012,60,Buenos Aires|Córdoba|Santa Fe,Pública,9,9,466.21950,-1.62329,363.71626,309.03361,398.57035,0.83065,62.11886,81.83841,76.94847
2012,61,NEA,Pública,30,30,3540.38820,-1.27692,351.73944,349.66684,389.73438,1.40250,51.24055,65.60128,62.65104
2012,62,CABA,Privada,31,30,948.52240,1.08500,476.52386,499.82803,540.29713,0.86015,40.92070,65.32836,63.23077
2012,63,NOA,Pública,35,35,2322.13840,-1.30464,309.55215,302.90920,334.01611,1.05491,60.55938,75.39976,68.81786
2012,64,Patagonia,Pública,24,22,3249.87620,-0.82663,374.71605,387.87145,402.65582,0.98473,58.15563,70.49281,72.76156
2012,65,Buenos Aires|Córdoba|Santa Fe,Pública,16,16,2335.38160,-1.09181,370.23252,338.69610,352.63676,0.98178,53.70099,67.81361,51.85405
2012,66,Buenos Aires|Córdoba|Santa Fe,Pública,20,20,1914.28410,-0.58577,356.93220,364.10256,360.32685,1.21295,55.27449,49.25186,44.56475
2012,67,Buenos Aires|Córdoba|Santa Fe,Privada,33,33,8437.49040,-0.44447,434.23666,455.27540,485.67540,0.73090,50.79014,61.43356,50.39147
2012,68,CABA,Pública,23,23,598.79590,-1.04963,374.60213,422.28160,398.29390,1.15979,52.61174,68.32688,71.55329
2012,69,Buenos Aires|Córdoba|Santa Fe,Pública,17,16,1909.34160,-1.70014,316.56360,332.43299,347.26711,0.96930,46.33268,70.36464,64.81715
2012,70,Cuyo,Pública,29,28,2952.75310,-1.33684,396.01844,371.93023,418.28230,0.92609,52.78516,64.73383,56.03317
2012,71,Buenos Aires|Córdoba|Santa Fe,Pública,26,25,3008.22960,-1.70572,354.56928,351.43111,348.55161,1.09088,50.03532,61.23969,53.25366
2012,72,Buenos Aires|Córdoba|Santa Fe,Pública,16,16,3052.32200,-1.31694,342.74066,385.83231,370.56843,0.86641,46.84386,61.25429,54.59876
2012,73,NEA,Privada,33,33,3001.15420,0.00019,445.31465,458.60687,467.21821,1.07213,55.74108,54.82847,56.95445
2012,74,Cuyo,Pública,33,33,3666.21020,-1.69588,332.93372,301.85075,346.44881,1.02200,42.98756,66.60257,51.98950
2012,75,CABA,Pública,25,23,668.16800,-1.13192,378.87302,349.28559,346.42045,1.08940,53.55461,93.99878,71.95704
2012,76,CABA,Privada,1,1,24.40040,-0.24000,569.64480,446.56508,625.45690,,,,
2012,77,NEA,Pública,28,28,2025.95600,-0.85002,328.89393,299.87987,332.67167,1.01190,71.38152,82.04798,62.80783
2012,78,Buenos Aires|Córdoba|Santa Fe,Pública,13,13,1767.14170,-1.34000,287.73891,305.47751,251.69756,0.90974,51.19573,42.00217,50.64509
2012,79,CABA,Pública,29,27,854.01120,-1.03497,289.77920,190.61975,290.10204,0.92384,52.99425,74.16523,65.94861
2012,80,CABA,Privada,35,34,900.48300,0.42442,449.22463,494.31766,437.56971,0.76940,61.60674,75.25323,70.17287
2012,81,NEA,Pública,30,30,1902.51290,-1.13206,384.25266,370.28236,403.11627,1.15937,57.75945,68.24595,51.12992
2012,82,Buenos Aires|Córdoba|Santa Fe,Pública,15,15,1674.03900,-1.58618,384.42122,397.38837,371.57513,0.73234,49.86129,49.88564,58.30795
2012,83,Cuyo,Pública,2,2,886.61260,-1.85000,373.66411,424.21068,401.14695,0.93338,34.69989,46.95263,60.59598
2012,84,Buenos Aires|Córdoba|Santa Fe,Pública,26,25,2447.83380,-1.26348,354.08699,359.80588,365.68801,0.69124,45.54465,54.72065,39.79130
2012,85,Buenos Aires|Córdoba|Santa Fe,Pública,26,24,2320.58710,-1.22293,288.95594,237.57768,266.71484,0.78918,52.54977,84.29815,62.48397
2012,86,Cuyo,Pública,29,28,2232.24010,-1.18106,321.44108,332.84197,335.96697,0.97260,46.53559,64.28439,60.17375
2012,87,Buenos Aires|Córdoba|Santa Fe,Pública,26,26,3001.18050,-1.12057,403.99582,419.96681,427.14857,0.77762,47.65163,36.12539,39.49509
2012,88,Buenos Aires|Córdoba|Santa Fe,Pública,29,29,3185.80930,-0.98880,363.17880,376.70400,412.21135,0.87356,44.18261,65.14770,49.24387
2012,89,CABA,Pública,22,21,374.69800,-1.00709,358.65946,362.28205,366.76190,1.09134,65.81589,81.78412,82.71083
2012,90,Buenos Aires|Córdoba|Santa Fe,Pública,30,30,6405.64840,-1.23969,340.10182,373.80140,371.34643,0.97931,50.05289,57.87289,51.00296
2012,91,Buenos Aires|Córdoba|Santa Fe,Privada,12,11,1357.10200,-0.86041,337.71344,257.83708,355.75814,1.30111,80.90775,106.80325,88.91798
2012,92,CABA,Privada,33,33,628.95570,0.32029,457.51446,459.03847,471.95798,0.71617,49.72773,77.24775,56.36277
2012,93,CABA,Privada,18,17,402.46090,0.77009,402.12571,432.47118,435.70701,0.52426,47.10240,63.14561,56.52181
2012,94,Buenos Aires|Córdoba|Santa Fe,Pública,28,28,2145.47680,-1.69944,370.20129,378.63051,388.21471,0.70374,46.81942,52.69370,44.39779
2012,95,CABA,Privada,22,22,469.64880,0.69834,453.34110,470.77127,457.45933,0.57641,62.24704,77.32450,67.02421
2012,96,CABA,Pública,32,31,980.30480,-0.88887,419.37047,438.87606,413.27804,0.84329,67.38484,72.92555,68.67587
2012,97,Buenos Aires|Córdoba|Santa Fe,Pública,14,14,3134.86110,-0.10393,398.57146,403.75924,434.47635,1.26656,55.32646,67.95252,63.45538
2012,98,Buenos Aires|Córdoba|Santa Fe,Pública,30,28,3446.46380,-1.28084,372.29650,355.20329,341.71993,0.95191,64.53458,81.29577,64.74693
2012,99,NOA,Pública,31,31,3034.86750,-1.15255,397.81944,369.75691,397.60024,0.96919,59.64353,62.15874,60.78432
2012,100,CABA,Privada,35,35,813.86550,0.11086,474.65671,508.99877,489.56946,0.87529,46.99810,61.28339,61.24030
2012,101,CABA,Pública,30,30,886.41850,-1.30105,359.97899,368.50789,364.94251,0.95475,56.00556,77.66306,70.30164
2012,102,NOA,Privada,18,18,1940.77580,-0.52462,367.20240,336.20222,369.16121,1.00577,68.61442,96.56960,69.50852
2012,103,Cuyo,Pública,21,19,2834.96070,-1.47524,260.06686,186.68813,188.40691,0.99150,53.08454,74.70084,57.91329
2012,104,NOA,Pública,15,15,1595.62600,-1.42943,333.92351,336.73153,379.31623,0.83958,34.73493,44.15059,30.07184
2012,105,CABA,Privada,31,31,830.67510,0.06689,457.40792,469.47800,470.91153,0.77955,59.07938,60.96567,52.77167
2012,106,Buenos Aires|Córdoba|Santa Fe,Pública,12,12,1545.43710,-1.44466,318.38872,305.77928,330.33205,0.65506,45.07252,70.03866,64.74825
2012,107,NEA,Pública,30,30,2715.28660,-0.17141,378.32433,341.52207,371.53664,1.13399,64.06917,85.89727,63.63690
2012,108,Buenos Aires|Córdoba|Santa Fe,Privada,30,30,2687.75850,0.05379,444.19860,451.71702,475.77928,0.91462,51.21248,48.66902,44.48936
2012,109,Patagonia,Privada,23,23,2712.87580,-0.10990,450.99505,443.17319,453.41192,0.94745,53.42070,50.39052,51.58251
2012,110,Cuyo,Pública,34,34,2281.79840,-0.48119,441.58203,450.86132,464.00045,0.87821,49.48273,50.83562,50.43650
2012,111,Patagonia,Pública,20,19,2476.36320,-0.91325,354.64939,344.71710,353.28742,0.72745,49.71646,62.49774,53.83154
2012,112,Buenos Aires|Córdoba|Santa Fe,Pública,24,24,6021.44390,-0.69926,437.87694,408.11273,446.04069,0.77767,58.36700,66.72994,58.22243
2012,113,NOA,Pública,30,30,2814.85380,-1.45183,309.71207,355.18811,370.65719,0.84026,45.64158,55.64862,43.85328
2012,114,Buenos Aires|Córdoba|Santa Fe,Privada,30,30,2496.89310,-0.86134,420.49334,467.21414,437.31484,0.66207,43.72498,55.28411,47.28497
2012,115,Buenos Aires|Córdoba|Santa Fe,Pública,29,28,4471.90720,-0.84978,370.34698,385.41558,396.04272,0.86786,49.76631,62.42209,51.72362
2012,116,CABA,Pública,29,29,549.08340,-0.59677,381.67729,409.49473,391.25710,0.88474,46.22765,54.04488,54.66559
2012,117,CABA,Privada,29,28,774.15970,0.53396,385.10078,409.61359,388.92409,0.69837,58.43405,66.37226,68.78415
2012,118,Buenos Aires|Córdoba|Santa Fe,Pública,25,25,1839.53770,-1.20527,348.93867,390.87176,383.76966,0.83859,46.35517,54.82805,41.02318
2012,119,CABA,Pública,31,31,613.28900,-0.97287,384.64201,358.31715,379.44941,0.90354,79.16784,97.58722,87.87224
2012,120,NOA,Pública,33,33,2455.95450,-1.58311,324.04598,324.02562,337.70414,0.86547,52.66880,64.16246,59.10364
2012,121,NEA,Pública,25,24,2380.20820,-1.50701,355.77591,368.92908,365.07930,1.04940,48.34807,64.97772,56.82954
2012,122,Buenos Aires|Córdoba|Santa Fe,Privada,33,33,3375.13910,0.21317,417.63611,451.19457,462.63419,0.78300,48.58714,43.16323,49.94960
2012,123,CABA,Pública,31,31,619.73680,-1.25285,357.71481,330.54147,353.37344,0.60147,57.03301,67.65252,75.01750
2012,124,Buenos Aires|Córdoba|Santa Fe,Pública,30,30,4421.47830,0.04312,409.55883,430.54871,437.11424,0.68610,39.36255,51.52650,42.50666
2012,125,CABA,Pública,23,21,558.81750,-1.64328,250.53625,228.13598,222.14883,1.10125,65.71891,69.50449,60.26387
2012,126,Buenos Aires|Córdoba|Santa Fe,Privada,27,27,2699.22150,-0.52907,410.30132,404.35371,439.99430,0.79711,46.85269,57.78009,55.88738
2012,127,CABA,Privada,31,30,437.10070,0.28680,469.96275,477.03587,469.66972,0.83744,45.58468,73.11615,50.27912
2012,128,CABA,Pública,30,30,580.63660,-0.18981,491.89852,505.20450,507.67066,0.91891,60.98084,71.33432,63.85259
2012,129,Buenos Aires|Córdoba|Santa Fe,Privada,33,33,3473.79560,-0.41990,486.00576,500.83692,496.16127,0.72350,52.87438,51.37965,49.42023
2012,130,CABA,Privada,34,32,876.68600,0.62447,442.89354,435.41791,443.88730,0.68055,60.80191,86.40446,77.61295
2012,131,Buenos Aires|Córdoba|Santa Fe,Pública,25,23,7308.97050,-1.46763,334.78573,378.75078,346.30904,0.97801,42.58866,40.18591,49.71456
2012,132,Buenos Aires|Córdoba|Santa Fe,Pública,17,17,1370.75640,-1.34418,310.88116,337.94354,295.12688,0.73807,51.08346,66.91672,51.75120
2012,133,CABA,Pública,19,19,421.24000,-1.45602,356.41229,346.41027,330.95288,0.96377,69.25113,91.03782,86.78517
2012,134,Buenos Aires|Córdoba|Santa Fe,Pública,11,11,1247.06700,-1.57328,429.57030,322.50755,390.43188,0.92758,54.85091,75.33022,56.66810
2012,135,CABA,Privada,29,29,967.06250,0.86597,514.35955,513.90586,495.90447,0.54426,53.65224,72.58219,59.28807
2012,136,CABA,Privada,32,32,845.05050,0.58283,447.36088,489.05335,435.44724,0.62406,68.89858,64.63882,75.39212
2012,137,Buenos Aires|Córdoba|Santa Fe,Privada,30,30,8744.96000,-0.36211,379.05042,410.74856,378.37602,0.76976,46.06149,62.75341,47.51302
2012,138,Buenos Aires|Córdoba|Santa Fe,Pública,26,26,4730.26060,-1.31114,330.53103,322.64498,335.54713,0.76624,51.52157,60.22845,56.52353
2012,139,Patagonia,Pública,27,27,3183.51520,-1.09368,368.78632,371.03063,364.58720,1.06259,56.08556,65.96809,62.29880
2012,140,Buenos Aires|Córdoba|Santa Fe,Pública,31,31,4467.24610,-0.92146,365.26718,381.15178,388.32882,0.95433,43.47399,65.53457,52.28820
2012,141,CABA,Privada,30,29,392.68500,0.45241,515.92927,507.25843,489.73953,0.76353,53.58962,74.39660,61.06846
2012,142,Buenos Aires|Córdoba|Santa Fe,Pública,32,32,2671.31650,-0.66331,448.48738,473.28835,462.29553,0.84240,52.63562,56.31891,52.07668
2012,143,Buenos Aires|Córdoba|Santa Fe,Pública,26,26,2507.73240,-1.19119,313.83256,313.41891,313.39799,0.90481,32.76965,52.61477,39.58833
2012,144,NEA,Pública,24,21,1700.66760,-1.72678,286.02072,311.24205,336.18579,1.12924,64.36475,85.24176,77.08158
2012,145,Buenos Aires|Córdoba|Santa Fe,Privada,33,33,2294.71620,0.16477,477.69349,514.97944,524.49853,0.83963,38.49349,49.27085,42.13761
2012,146,CABA,Pública,26,25,1928.00250,0.53576,449.72827,497.87809,487.88916,0.69923,52.89671,73.86323,74.51555
2012,147,Buenos Aires|Córdoba|Santa Fe,Privada,28,28,2738.35580,-0.16031,416.41506,445.43000,445.80928,0.93475,36.57319,51.89534,44.72335
2012,148,Buenos Aires|Córdoba|Santa Fe,Privada,20,20,2224.26480,-0.55066,398.74568,401.16209,424.93655,1.02640,58.98329,66.11486,59.66905
2012,149,Buenos Aires|Córdoba|Santa Fe,Privada,12,12,2665.42480,-0.15020,427.24544,483.06831,484.18639,0.72772,79.97374,75.72394,65.70507
2012,150,Buenos Aires|Córdoba|Santa Fe,Pública,13,13,6206.05460,-0.94782,433.70781,408.26570,456.94287,0.99511,51.18550,86.41888,62.80268
2012,151,CABA,Pública,30,30,510.84820,-0.15958,456.94291,453.95959,485.74252,1.00029,43.98079,67.10339,57.28514
2012,152,Buenos Aires|Córdoba|Santa Fe,Privada,29,29,7613.55010,-0.24828,409.48144,374.48589,436.14267,0.87798,52.55923,67.27214,53.52151
2012,153,Buenos Aires|Córdoba|Santa Fe,Pública,28,28,4064.26700,-0.30534,382.44726,358.12407,390.43350,1.24257,45.92649,69.16023,54.71288
2012,154,NEA,Privada,23,22,2748.94050,-1.38923,323.51661,340.33765,352.86556,0.94777,37.41984,56.13620,42.18684
2012,155,Buenos Aires|Córdoba|Santa Fe,Pública,21,21,881.99550,-0.74029,363.54544,355.80329,370.24897,0.86072,34.17927,61.17985,45.65988
2012,156,Patagonia,Pública,31,30,4165.72460,-0.77125,379.25994,360.01860,393.10310,0.92811,53.83520,60.89763,57.54227
2012,157,Buenos Aires|Córdoba|Santa Fe,Pública,34,34,3749.11020,-0.50375,421.58100,408.49618,412.37053,1.09477,55.14223,68.68013,52.88790
2012,158,Buenos Aires|Córdoba|Santa Fe,Privada,32,32,2384.71560,-0.45411,451.64358,449.39222,435.79230,0.76478,50.71855,55.75033,46.96114
2012,159,Buenos Aires|Córdoba|Santa Fe,Pública,25,25,2103.91890,-1.00130,312.39684,320.96225,307.47619,0.75255,47.20770,64.64029,58.57677
2012,160,Patagonia,Pública,32,32,1859.17380,-0.48589,392.09427,388.87579,398.64506,0.76214,60.59512,83.94425,73.17514
2012,161,Buenos Aires|Córdoba|Santa Fe,Pública,34,34,2520.62900,-0.61082,430.65399,483.31351,450.49479,1.09820,54.48696,71.90824,59.75000
2012,162,Buenos Aires|Córdoba|Santa Fe,Privada,16,15,1670.68350,0.08248,383.66600,429.12383,472.10686,1.01509,49.05993,74.41814,64.34630
2012,163,NEA,Pública,31,31,2448.48330,-0.05874,407.19693,422.52778,442.35222,0.72329,51.13418,70.18083,51.33852
2012,164,NEA,Pública,30,30,2634.35540,0.33005,410.79825,447.86145,416.36575,0.81791,45.50647,55.27347,45.46313
2012,165,NEA,Pública,30,30,3303.92180,-1.42247,388.95671,383.44259,382.94312,1.27587,45.91780,55.05065,42.30137
2012,166,Buenos Aires|Córdoba|Santa Fe,Privada,32,32,4569.41150,0.44936,480.59052,513.44536,510.78115,0.63305,57.20355,67.34088,55.05355
2012,167,Buenos Aires|Córdoba|Santa Fe,Pública,28,27,1534.35550,-1.66176,328.91888,301.87422,334.28527,0.87147,59.68833,78.60531,62.77395
2012,168,NEA,Pública,27,27,2139.70530,-0.67515,402.59106,364.73150,384.57666,0.79897,53.86304,54.34607,58.50398
2012,169,CABA,Pública,27,27,689.06100,-1.17176,353.38516,338.25606,369.28154,0.94182,66.07345,91.76742,84.64173
2012,170,CABA,Privada,13,13,560.72350,0.94041,524.68877,539.04872,545.15480,0.47029,56.28639,58.54157,61.31019
2012,171,NEA,Pública,25,25,2153.87180,-1.30034,392.65613,405.76076,381.59361,0.97906,58.70680,64.72238,45.82958
2012,172,NOA,Privada,25,25,1583.50570,-1.15894,365.12744,382.12911,398.20933,0.91632,46.15742,52.58921,50.78084
2012,173,Buenos Aires|Córdoba|Santa Fe,Pública,30,30,3058.02610,-0.78085,409.04015,406.24927,401.39331,0.82540,53.67642,71.19572,55.72623
2012,174,Buenos Aires|Córdoba|Santa Fe,Privada,29,29,3536.13060,0.06113,434.05103,456.53171,450.04901,0.71841,42.42892,46.82939,47.04934
2012,175,NEA,Pública,7,5,1660.74910,-1.78733,264.72756,276.89246,278.07869,0.95293,16.78554,37.73326,47.85464
2012,176,Buenos Aires|Córdoba|Santa Fe,Pública,27,27,2551.49480,-1.20921,320.72353,336.43431,363.78252,0.91691,46.88613,67.87544,56.83117
2012,177,NOA,Privada,24,24,5167.36400,-2.69539,381.08894,371.89026,416.05786,0.97468,49.69482,64.07500,56.50530
2012,178,NEA,Pública,28,28,1634.64090,-0.59821,326.62113,352.21553,362.64112,0.88491,53.05189,69.16187,52.01914
2012,179,Buenos Aires|Córdoba|Santa Fe,Privada,32,32,4507.70850,-0.57161,414.99208,461.98690,445.15108,0.87061,55.20028,56.65542,53.96642
2012,180,CABA,Privada,26,26,519.20090,0.29443,495.68844,537.55649,538.45775,0.85978,58.24803,53.35109,66.16701
2012,181,CABA,Pública,16,16,423.38210,-1.62730,300.95126,303.98717,298.93292,1.27239,71.53962,88.11503,85.85273
2012,182,Buenos Aires|Córdoba|Santa Fe,Pública,30,30,2982.45640,-1.32535,364.00255,378.54039,390.88888,0.85060,51.55375,71.71151,56.79627
2012,183,Buenos Aires|Córdoba|Santa Fe,Privada,17,17,1890.91160,0.32644,444.64513,450.39505,461.54070,0.65404,38.52421,52.15130,40.92159
2012,184,Buenos Aires|Córdoba|Santa Fe,Pública,29,29,3074.40790,-0.73779,365.21063,372.08842,399.13460,0.76203,46.99282,47.05744,46.97507
2012,185,CABA,Pública,30,30,755.82930,-1.20765,393.28176,400.79246,398.73715,0.85155,54.14259,80.80462,59.10297
2012,186,Buenos Aires|Córdoba|Santa Fe,Pública,27,26,2090.22690,-0.96216,401.87855,407.15719,398.02280,0.72479,44.90787,63.65702,55.05221
2012,187,Buenos Aires|Córdoba|Santa Fe,Pública,13,7,2478.09050,-1.38001,246.50560,295.89131,310.16997,0.94249,44.90643,61.73332,48.40892
2012,188,Buenos Aires|Córdoba|Santa Fe,Pública,24,24,3276.62250,-1.50313,323.44625,325.29424,327.28438,0.54678,52.94704,70.84581,55.02821
2012,189,Buenos Aires|Córdoba|Santa Fe,Privada,35,35,3634.03950,0.58257,469.11290,506.24433,481.68061,0.77887,48.22470,53.52698,43.05345
2012,190,Buenos Aires|Córdoba|Santa Fe,Privada,33,33,3081.36330,-0.56189,422.91048,472.76216,452.03039,0.57157,51.32886,61.22833,54.85933
2012,191,CABA,Privada,30,30,665.71080,-0.87073,434.25792,448.66136,405.12811,0.86080,50.21911,66.33900,59.95899
2012,192,Buenos Aires|Córdoba|Santa Fe,Pública,11,9,1003.16250,-1.57740,251.78357,305.47935,311.79074,1.18138,44.85231,83.13420,64.43993
2012,193,CABA,Privada,26,26,578.17110,-0.07963,422.44082,451.35084,446.96497,0.97091,53.14945,70.01301,70.30166
2012,194,NOA,Pública,33,32,4371.33450,-0.79815,377.22498,407.55646,402.38551,0.75385,41.95036,58.70608,50.68025
2012,195,Buenos Aires|Córdoba|Santa Fe,Pública,16,15,1772.72800,-0.26629,377.26894,353.14259,379.13925,0.93350,46.15791,79.55199,48.72366
2012,196,Buenos Aires|Córdoba|Santa Fe,Pública,3,3,648.79270,-0.65799,383.84544,382.56652,382.87836,1.27673,72.01286,71.76974,61.68866
2012,197,Buenos Aires|Córdoba|Santa Fe,Privada,32,32,2977.53280,-0.55219,434.35796,420.31690,439.48970,1.07558,34.07770,48.56341,33.19938
2012,198,Buenos Aires|Córdoba|Santa Fe,Pública,20,18,1964.19180,-1.47036,345.80716,326.06734,297.05096,0.77502,47.65057,67.66753,57.23988
2012,199,Buenos Aires|Córdoba|Santa Fe,Privada,28,28,3713.46840,-0.00649,453.49889,497.90244,499.02418,0.89248,48.44495,63.29393,48.85248
2012,200,Buenos Aires|Córdoba|Santa Fe,Pública,19,19,1516.74160,-0.79260,318.79218,319.90307,315.04775,0.93690,30.61845,52.84289,43.04166
2012,201,Buenos Aires|Córdoba|Santa Fe,Privada,35,35,2716.04540,-0.32666,419.78435,444.46067,450.00708,1.01318,49.44240,56.42370,51.80317
2012,202,NOA,Pública,12,11,1225.69260,-2.36403,320.06969,349.53301,401.72921,0.45730,24.43513,48.97896,36.03838
2012,203,CABA,Pública,25,25,810.77990,-0.82187,416.80098,430.38855,407.10888,1.07837,43.42325,67.49502,60.79156
2012,204,CABA,Privada,29,29,411.73710,0.10300,420.62019,448.88014,460.77864,0.84878,53.93999,70.94336,69.23377
2012,205,Buenos Aires|Córdoba|Santa Fe,Pública,27,27,2531.64980,-0.08205,437.18368,450.85393,466.08347,0.82653,47.15017,53.66943,53.25032
2012,206,CABA,Privada,31,30,605.86080,-0.14490,408.55231,432.27851,436.39220,0.81425,65.04383,70.35412,53.04319
2012,207,Buenos Aires|Córdoba|Santa Fe,Pública,17,13,1913.81770,-1.08283,335.15640,297.31358,317.51968,0.91998,45.94590,67.69929,45.03558
2012,208,Buenos Aires|Córdoba|Santa Fe,Pública,30,30,3103.29820,-0.49534,401.66684,426.49286,378.70118,0.89918,65.40888,83.86023,65.38897
2012,209,CABA,Pública,29,29,858.09350,0.72215,522.30759,521.59802,495.50604,0.84332,72.17301,100.66581,96.14209
2012,210,Buenos Aires|Córdoba|Santa Fe,Privada,31,31,3845.23920,-0.81976,444.81207,486.27554,477.44778,0.75722,50.48955,54.47682,47.29993
2012,211,NOA,Privada,35,35,2125.30410,0.59253,499.07019,500.24467,494.86231,0.81130,56.85077,57.84199,55.57008
2012,212,Buenos Aires|Córdoba|Santa Fe,Pública,25,25,2302.16320,-1.10946,395.07127,397.12677,417.92724,0.85388,56.50692,63.92590,55.53136
2012,213,NOA,Pública,10,10,4192.19070,-1.23087,346.37617,370.10940,402.39938,1.13591,63.83711,67.39520,69.04161
2012,214,CABA,Pública,30,29,728.14540,0.28184,417.57824,438.88895,424.31089,0.78241,75.52456,79.13119,89.31788
2012,215,Buenos Aires|Córdoba|Santa Fe,Pública,33,33,2963.17840,-0.24542,426.90520,466.25263,446.83827,0.97693,52.02762,61.82181,44.77590
2012,216,Buenos Aires|Córdoba|Santa Fe,Privada,35,35,2549.52500,-0.62716,421.24937,452.87510,457.22025,1.02834,53.01051,56.53319,51.43269
2012,217,NOA,Pública,32,31,1355.66120,-1.31483,330.19212,331.96772,370.63384,0.93219,47.06463,69.91605,53.45856
2012,218,Cuyo,Pública,28,28,3406.13140,-0.30824,387.29227,422.70401,445.63992,0.90013,53.63377,73.27586,61.64444
2012,219,Buenos Aires|Córdoba|Santa Fe,Pública,30,30,2672.82840,-1.29435,327.95554,348.19401,334.24179,0.85506,46.64766,57.87066,56.54060
2012,220,NEA,Privada,17,17,1916.11030,-1.74546,332.03659,380.09538,383.07138,1.27693,59.46690,57.26689,59.60889
2012,221,CABA,Pública,20,20,680.36570,-1.85425,161.90046,160.02764,122.69859,0.64228,56.67669,80.16097,67.62128
2012,222,Buenos Aires|Córdoba|Santa Fe,Privada,33,33,2817.60870,0.17918,459.23403,506.08678,494.79838,0.79640,59.12560,65.41855,64.78218
2012,223,Buenos Aires|Córdoba|Santa Fe,Pública,24,24,4029.97060,-0.92597,356.38784,355.95068,347.17317,1.07374,43.16960,63.84720,42.90399
2012,224,Buenos Aires|Córdoba|Santa Fe,Pública,32,32,8297.90500,0.09261,408.93968,440.75407,445.69836,0.94969,57.59090,65.98825,60.53746
2012,225,Patagonia,Pública,7,7,1524.03330,-1.27729,401.90403,435.49731,423.30528,1.13455,62.34415,61.89795,76.04191
2012,226,Buenos Aires|Córdoba|Santa Fe,Pública,25,24,1922.45620,-0.95969,333.09457,301.71256,313.40050,0.94761,53.80356,79.38010,61.86523
2018,3200001,Buenos Aires,Pública,24,24,2232.21739,-1.57572,350.24885,412.00945,387.54257,0.64166,49.98573,67.39484,73.25078
2018,3200002,NOA,Pública,35,35,280.92980,-0.53419,404.92797,438.80079,426.94422,1.00428,59.63316,73.78178,75.00552
2018,3200003,Buenos Aires,Pública,6,6,1205.45137,-2.65315,331.85769,379.76679,393.92260,0.68137,50.75643,63.04069,43.99610
2018,3200004,NEA,Pública,1,1,353.90292,-3.13670,293.76870,287.63920,321.87570,,,,
2018,3200005,Buenos Aires,Privada,34,33,2443.10522,-0.33398,417.27645,432.87673,429.54629,1.07283,55.21666,84.08847,65.79298
2018,3200006,Buenos Aires,Privada,34,34,3059.06479,0.25538,481.44844,498.73814,492.11654,0.66393,57.87862,63.01997,68.54453
2018,3200007,Córdoba,Pública,19,19,371.70612,-1.14683,369.82644,382.51876,380.28248,1.00574,32.60293,41.03333,50.63580
2018,3200008,Córdoba,Privada,35,35,685.25595,0.03038,443.20995,503.20882,493.58340,0.77236,58.66525,59.82715,68.07265
2018,3200009,CABA,Pública,27,27,425.61950,-1.16285,400.04197,430.62772,419.47777,0.92749,57.81147,70.05218,66.13667
2018,3200010,Buenos Aires,Pública,20,19,2684.92359,-2.01908,344.66457,373.39040,372.29114,0.64420,42.70837,56.43837,35.67889
2018,3200011,CABA,Pública,20,20,342.33681,-1.44989,365.36315,374.07611,385.14211,1.06228,61.81781,64.57649,54.07825
2018,3200012,Buenos Aires,Privada,7,7,1310.88085,-0.67122,349.44935,363.49252,370.30640,0.99804,39.88843,59.14980,34.94072
2018,3200013,CABA,Pública,22,22,436.02294,-1.14120,412.53708,420.33093,431.29537,0.97911,61.67219,73.43524,70.85264
2018,3200014,Córdoba,Pública,31,31,656.98550,-0.86648,379.81146,396.11690,391.49501,0.97550,61.01987,81.66307,63.03955
2018,3200015,NOA,Pública,34,34,2722.61806,-0.98253,359.94500,365.66436,369.07136,1.13286,54.54574,62.86215,50.80133
2018,3200016,CABA,Pública,28,28,292.37648,-0.43616,475.20081,491.99780,503.75002,1.13072,55.41225,49.78204,62.87966
2018,3200017,Córdoba,Pública,27,27,530.63372,-1.31396,347.83501,362.01533,372.43267,0.89655,41.51815,50.52477,43.11744
2018,3200018,Cuyo,Privada,32,32,3671.70713,-0.09488,422.09952,475.18124,459.97746,0.71060,59.17977,74.40236,69.38449
2018,3200019,NOA,Privada,33,33,359.11132,0.95671,499.94169,519.69529,518.46502,0.44837,54.73450,53.57134,49.35511
2018,3200020,CABA,Pública,18,16,290.06130,-1.29894,434.64242,440.99277,450.76985,0.81107,44.93592,50.01906,41.27482
2018,3200021,NOA,Pública,32,32,398.88936,-1.48777,306.47605,324.43201,327.41762,1.02903,47.94666,66.47438,52.56418
2018,3200022,Córdoba,Privada,29,29,581.16098,-0.30653,436.48142,473.37219,462.37418,0.65357,48.33714,62.96037,58.47460
2018,3200023,Buenos Aires,Pública,18,17,2235.44826,-1.79014,344.19570,369.06021,366.08681,0.95744,50.88878,72.11331,49.91719
2018,3200024,Buenos Aires,Pública,26,25,3181.40208,-1.58790,302.05269,321.30888,336.19473,0.88566,61.80710,72.23507,65.48303
2018,3200025,Patagonia,Pública,17,17,2097.24278,-0.98404,348.77785,334.82635,356.08524,1.36498,61.84169,88.57692,81.18319
2018,3200026,Buenos Aires,Pública,26,26,1383.45328,-0.70495,384.69191,400.80751,410.72301,0.74897,49.82304,79.76694,66.47270
2018,3200027,Buenos Aires,Privada,30,30,2830.90025,-0.13465,429.16802,467.39096,458.65922,0.73958,56.34170,54.37709,57.35629
2018,3200028,NOA,Pública,6,6,154.87476,-1.83835,302.44478,315.95333,342.18718,1.34650,59.13486,46.31946,42.49722
2018,3200029,CABA,Pública,31,30,516.65506,-0.49488,449.71334,455.55896,467.83262,1.17143,47.46067,71.08052,59.65919
2018,3200030,NOA,Pública,8,8,205.45172,-1.59279,280.42832,267.44188,301.91904,1.29379,46.19217,62.15734,37.27059
2018,3200031,Córdoba,Privada,32,32,755.77350,-0.74665,418.62292,451.53956,443.64148,1.10123,56.45139,78.13188,70.59440
2018,3200032,CABA,Privada,32,31,503.85016,0.15689,408.98991,401.41502,404.41585,0.69031,50.22120,81.82222,59.56844
2018,3200033,Buenos Aires,Privada,6,6,1233.90510,-2.08630,326.35462,343.73613,322.42543,0.59455,51.78865,76.58088,49.70056
2018,3200034,CABA,Privada,24,24,345.78770,0.75459,463.87483,488.34381,483.15782,0.64754,55.65434,78.28876,67.66457
2018,3200035,CABA,Pública,26,25,204.83948,-1.14956,366.79984,388.11178,389.71667,0.88868,53.15564,64.71387,51.15121
2018,3200036,NOA,Privada,35,35,188.40570,0.66220,481.38855,540.40224,525.93884,0.64627,51.02818,57.22498,58.70955
2018,3200037,Patagonia,Pública,29,29,4119.28911,-0.98381,381.52456,403.20153,410.35991,1.15730,55.87437,82.00980,71.17665
2018,3200038,Cuyo,Pública,34,34,2213.18777,-1.25579,402.77356,452.08545,440.53262,0.96070,44.83843,56.61625,55.79456
2018,3200039,Cuyo,Privada,32,32,2651.72900,0.14498,449.89566,454.56032,469.46039,0.99976,55.30653,75.92046,65.85251
2018,3200041,Buenos Aires,Privada,31,31,3985.03579,0.00011,444.68337,486.16479,479.18160,0.75200,57.14888,59.56813,56.01487
2018,3200042,Córdoba,Privada,30,30,557.74150,0.18427,474.23940,511.87817,506.71734,0.94479,43.49306,54.57415,48.48047
2018,3200043,Santa Fe,Privada,35,35,1702.72565,-0.06494,424.98647,465.29235,453.38479,0.92322,59.41704,67.03076,52.41722
2018,3200044,NOA,Pública,27,26,2978.94387,-1.55640,364.31039,362.26879,368.41078,1.02991,51.57521,77.85374,58.34044
2018,3200045,CABA,Pública,26,26,358.90789,-1.58077,362.99361,388.64496,383.36013,1.02646,50.01364,68.73616,61.50224
2018,3200046,Patagonia,Privada,32,32,2390.04233,-0.55564,395.89967,423.13168,426.95727,0.93833,49.85664,67.29425,59.19759
2018,3200047,Buenos Aires,Pública,3,3,374.27765,-2.10831,295.89080,317.08678,348.61888,1.23930,37.35609,34.85071,41.44702
2018,3200048,NOA,Pública,27,27,218.24372,-2.00775,338.01133,349.16203,356.92426,0.78930,43.62442,44.68226,49.78503
2018,3200049,CABA,Pública,26,25,358.45650,-1.19502,357.76880,393.79993,394.44302,0.98643,67.31761,71.14964,84.64738
2018,3200050,Córdoba,Privada,27,27,500.01114,-0.64736,406.28189,436.27025,439.76026,1.19532,55.81095,73.65917,60.68047
2018,3200051,NOA,Pública,30,29,273.67174,-1.67508,329.33941,334.95077,347.22590,1.07778,62.09254,79.77544,71.29454
2018,3200052,NOA,Pública,29,28,271.67698,-1.79459,320.61319,334.13490,340.73335,0.99196,39.98898,63.66466,49.26864
2018,3200053,NOA,Pública,29,28,1941.71481,-1.28565,362.74379,386.39995,381.10099,1.19292,55.44597,70.88689,59.36040
2018,3200054,NOA,Privada,11,11,160.35340,-0.66584,409.28541,444.87579,427.17362,0.88443,55.68760,76.11899,69.17783
2018,3200055,Córdoba,Privada,31,31,568.73902,-0.14529,433.95378,462.03092,454.56163,0.96997,55.18882,77.47191,59.49288
2018,3200056,NOA,Pública,34,34,3559.35162,-1.64614,362.85023,391.75370,388.32219,1.12881,54.87103,74.33688,68.53765
2018,3200057,Córdoba,Pública,21,21,420.77246,-0.52815,356.56212,364.27058,383.55922,1.03039,71.25064,85.33571,61.73534
2018,3200058,Córdoba,Pública,29,29,486.37284,-1.58141,349.61535,376.09325,380.07214,0.85352,48.17298,56.90196,56.65956
2018,3200059,NOA,Privada,35,35,386.56995,-0.66002,386.78896,423.69268,412.53386,0.76407,56.18624,76.08555,63.57876
2018,3200060,CABA,Pública,20,20,342.50993,-0.74419,386.32504,420.77289,413.36320,0.77855,85.11300,87.63410,89.75619
2018,3200061,Buenos Aires,Privada,34,34,3266.50471,-0.41323,418.08617,432.80683,425.14999,0.83443,63.63892,57.62993,46.16514
2018,3200062,NOA,Privada,31,31,206.71014,-0.40299,359.25583,391.86933,383.21181,0.90485,42.06937,70.82110,44.20028
2018,3200063,Cuyo,Pública,34,34,2612.04641,-1.43129,366.56834,380.46013,389.11523,1.01711,50.24415,61.10738,55.78320
2018,3200065,NOA,Pública,34,34,283.80324,-0.79394,394.44470,400.18388,411.47331,0.78440,47.90734,61.25259,54.00583
2018,3200066,Buenos Aires,Pública,31,29,2856.26698,-0.69751,401.43875,423.59781,431.95234,0.90585,48.43042,62.66398,57.60398
2018,3200067,Santa Fe,Pública,28,28,1707.47740,-1.77929,311.72446,317.20671,341.27352,1.27944,57.48210,74.67479,61.81131
2018,3200068,Córdoba,Privada,29,29,555.49794,-0.63844,429.10368,465.96204,457.53897,0.78173,59.80112,62.60607,57.11040
2018,3200069,Córdoba,Privada,35,35,538.90278,-0.18104,435.67784,474.21363,460.87703,0.82596,48.50176,65.41895,61.83442
2018,3200070,Córdoba,Privada,24,24,453.78252,-0.73237,366.82656,402.72370,397.57983,0.88043,52.58147,67.43219,53.02033
2018,3200071,Cuyo,Privada,34,34,2666.06206,0.30166,425.92971,463.29714,448.05402,0.83936,56.82984,52.00136,61.83176
2018,3200072,Buenos Aires,Pública,13,13,2691.92235,-1.53322,363.24403,380.42591,379.86533,1.03975,74.85290,79.60045,64.28879
2018,3200073,Córdoba,Privada,32,32,788.78228,0.20893,521.51642,543.96665,543.01368,0.66239,52.69862,52.73618,51.92026
2018,3200074,Buenos Aires,Pública,26,26,3372.24500,-1.64514,298.08025,317.50731,316.30687,0.82495,50.91260,87.10334,79.81631
2018,3200075,CABA,Pública,32,31,519.23394,0.30853,475.01996,511.65063,518.82493,0.64436,47.56831,64.39051,63.31907
2018,3200076,Buenos Aires,Pública,32,32,2644.56908,0.08670,496.50913,511.82234,521.31636,0.83809,52.43311,64.23552,59.44938
2018,3200077,Córdoba,Privada,32,32,568.34936,-0.54571,408.09007,450.95892,436.06049,1.12980,66.23121,81.00860,64.91713
2018,3200078,NOA,Pública,28,28,1654.95373,-1.61429,315.34704,313.72030,324.98488,1.44550,60.40584,77.28076,66.35111
2018,3200079,NOA,Pública,30,29,271.87212,-1.65878,359.67210,386.16446,376.41039,1.00854,54.24733,65.13391,54.18806
2018,3200080,CABA,Privada,34,34,460.80744,0.16789,449.22913,484.84696,468.86230,0.73624,52.69396,65.80673,67.35274
2018,3200081,NOA,Pública,26,25,241.94268,-1.69479,341.24267,360.31541,368.47344,1.23915,39.91080,69.16256,53.32494
2018,3200082,Buenos Aires,Pública,16,16,1761.15255,-1.52491,355.74175,362.53657,374.40316,1.00011,60.22316,72.67600,49.91079
2018,3200083,Córdoba,Pública,27,27,445.45631,-1.90088,316.44911,308.76144,326.32384,1.01575,45.87978,62.40696,45.02696
2018,3200084,Córdoba,Pública,24,24,306.24540,-0.30332,412.34749,449.15114,457.55258,1.03444,59.27114,80.56527,69.88784
2018,3200085,NOA,Pública,27,27,342.61464,-2.20908,284.67206,293.65180,313.22623,0.84592,46.18144,54.31092,44.76968
2018,3200086,CABA,Pública,28,28,614.68223,-1.26059,398.73622,439.49076,434.66696,0.89557,63.58071,93.23973,74.39237
2018,3200087,CABA,Pública,30,29,493.52642,-0.19486,462.45631,481.39795,489.60075,0.73553,62.67646,75.14903,64.56221
2018,3200088,Buenos Aires,Pública,14,14,2085.79788,-1.45556,329.76015,355.67522,353.24796,1.19439,71.65555,79.17650,80.93918
2018,3200089,Buenos Aires,Pública,30,29,3416.38583,-0.80192,414.83416,427.48177,444.50515,1.03547,56.11759,80.58864,62.64218
2018,3200090,Buenos Aires,Privada,33,33,3193.10381,-0.95385,341.05010,350.18200,359.62093,1.11641,56.75907,49.07369,50.53921
2018,3200091,CABA,Pública,27,27,481.88134,-0.83478,376.98650,400.53446,404.58280,1.00604,55.67542,72.44068,68.66443
2018,3200092,Córdoba,Pública,30,30,436.42740,-1.24004,355.09877,388.20061,392.61153,1.17497,51.36339,76.55606,69.59322
2018,3200093,Córdoba,Pública,31,31,567.96135,-1.21261,359.93994,398.33552,392.67428,0.79703,68.62157,72.29988,68.44119
2018,3200094,Santa Fe,Privada,18,18,1505.10264,-2.40009,298.57924,301.31398,319.37394,0.60208,54.61871,62.14098,44.66731
2018,3200095,CABA,Pública,30,29,512.35979,-0.89019,420.14154,438.84542,443.31829,0.92382,59.05019,66.88274,70.31430
2018,3200096,NOA,Pública,14,14,2745.00099,-2.45904,274.24464,265.25375,306.91829,0.97632,54.16399,66.56939,52.53045
2018,3200097,Cuyo,Pública,35,35,3040.26882,-1.05543,365.11966,391.40150,389.38861,1.00499,52.76701,66.41518,55.72779
2018,3200098,Buenos Aires,Privada,31,31,3275.11578,0.27958,461.76014,506.55343,495.00523,0.81054,64.98374,69.40395,54.77875
2018,3200099,NOA,Pública,29,28,236.63117,-1.30336,378.97208,403.95419,399.11172,1.05958,53.69895,75.64450,70.60477
2018,3200100,NOA,Pública,33,33,286.75823,-0.10909,423.74430,457.62702,451.74170,0.83009,55.89091,70.08816,65.28956
2018,3200101,NOA,Pública,30,30,250.25067,-1.18166,391.55639,433.12312,430.57587,1.24464,43.41122,57.68307,50.18512
2018,3200102,Cuyo,Pública,18,16,1384.72314,-0.44719,430.09054,453.53339,458.45587,0.84153,66.18804,75.18804,74.38653
2018,3200103,Córdoba,Privada,29,29,567.50574,-0.56300,419.88895,467.57003,449.76877,0.81844,52.10151,59.40241,55.33711
2018,3200104,Buenos Aires,Pública,20,20,1902.82418,-0.63661,382.68904,405.78521,411.04984,0.73985,67.05266,75.29954,69.55781
2018,3200105,CABA,Pública,22,22,437.23683,-0.64149,358.70277,372.16655,368.00634,0.87892,49.50178,62.82452,62.96187
2018,3200106,NEA,Pública,6,6,1411.07930,-3.27279,272.47978,280.43829,310.01529,0.50867,45.12403,48.41123,20.49006
2018,3200107,NOA,Pública,2,2,827.50232,-1.85785,268.30485,227.62940,263.12255,1.65102,47.29774,61.21211,14.99102
2018,3200108,NEA,Pública,1,1,439.98828,-3.08470,263.63570,347.74340,379.64080,,,,
2018,3200109,NOA,Privada,34,34,3539.11934,0.41607,443.38924,478.24481,466.73254,0.67048,44.59894,52.84417,57.99765
2018,3200110,Córdoba,Privada,34,34,625.05126,0.03642,466.03543,508.03122,499.76495,0.83425,57.89782,52.38421,64.74535
2018,3200111,CABA,Pública,31,31,283.29546,-0.43464,415.58397,409.08585,436.38511,0.85882,67.06466,81.28626,79.30499
2018,3200112,Córdoba,Privada,34,34,594.27580,-0.72416,442.68132,491.46486,481.27013,1.11944,50.48366,54.31585,55.65508
2018,3200113,NEA,Pública,32,31,2245.64584,-1.13560,329.28228,337.49660,362.49718,1.27940,55.56295,78.00815,58.64882
2018,3200114,CABA,Privada,33,33,446.80404,0.76047,482.11351,495.26153,486.82478,0.50607,52.73279,64.14895,54.89546
2018,3200115,Buenos Aires,Privada,34,34,3277.53411,-0.07000,448.90702,501.64056,477.81768,0.73046,61.59126,63.69957,62.33128
2018,3200116,NOA,Pública,26,26,1521.59702,-0.74165,345.18747,350.46255,360.80292,1.07230,53.48776,66.97983,58.71528
2018,3200117,Santa Fe,Pública,31,31,2119.77480,-1.80516,350.96633,388.41420,379.77209,1.08325,47.96277,59.62651,49.63148
2018,3200118,CABA,Privada,33,32,476.91582,-0.12810,413.09444,430.55819,426.56453,0.92919,55.28405,95.04640,71.10603
2018,3200119,NEA,Privada,27,27,2668.25885,-0.46186,365.79600,377.71103,383.88355,0.78383,63.19364,82.96128,73.63104
2018,3200120,Córdoba,Pública,30,29,563.83243,-1.04887,404.28676,419.66445,418.91588,0.92558,58.91972,65.00368,58.33435
2018,3200121,Córdoba,Pública,30,30,494.53793,-0.95721,417.05371,441.54593,437.90794,1.12383,54.09344,76.27274,75.87082
2018,3200122,NOA,Pública,29,29,2931.64400,-1.85100,292.89598,289.44472,303.66407,1.04864,62.90854,67.97043,62.48329
2018,3200123,NOA,Privada,33,33,458.99562,0.21311,445.57482,486.65758,482.22828,0.82343,61.92419,68.64746,53.13592
2018,3200124,CABA,Privada,31,31,521.38006,0.39949,464.47267,481.96723,482.92623,0.57703,54.96087,74.10349,54.80920
2018,3200125,Córdoba,Pública,30,29,522.96992,-1.20556,368.29656,392.48205,399.43340,0.88862,59.64750,81.20005,68.67472
2018,3200126,NEA,Pública,30,29,2640.61819,-2.00733,331.20953,345.40346,365.42351,0.85526,50.15013,73.28172,64.21851
2018,3200127,Córdoba,Privada,35,35,662.37568,0.21690,463.33447,515.84285,505.92821,0.66164,50.82532,63.18909,65.49728
2018,3200128,NEA,Pública,30,30,2172.53765,-1.74978,323.60605,341.66703,352.46212,0.83328,52.46410,65.70627,46.70918
2018,3200129,CABA,Pública,33,33,597.24955,-1.04203,416.25434,420.44268,428.53272,1.00300,60.79456,82.22198,72.90065
2018,3200130,NEA,Pública,29,29,2846.99859,0.00456,435.02877,481.60499,464.18627,0.84948,54.18447,58.13224,48.39525
2018,3200131,CABA,Privada,32,32,422.08431,0.90438,517.77464,539.07841,533.06916,0.52872,53.08836,63.54095,62.52933
2018,3200132,NOA,Pública,34,30,321.31227,-0.95058,336.81687,356.54039,365.36575,0.97763,40.76337,62.14952,38.38936
2018,3200133,CABA,Privada,28,28,342.97298,0.39997,500.73824,529.56892,524.12636,0.65360,36.54859,57.85187,43.83700
2018,3200134,CABA,Pública,18,16,323.32357,-0.58364,450.01464,453.11578,467.61074,0.70887,53.76875,72.39003,62.31732
2018,3200136,Córdoba,Pública,26,25,505.31820,-1.36629,376.25292,396.65600,388.50443,1.17864,53.17621,77.42731,71.86354
2018,3200137,Córdoba,Pública,30,30,551.81058,-1.26517,348.12387,362.62221,368.41406,0.81785,57.41907,74.25744,62.34350
2018,3200138,CABA,Pública,34,34,541.07382,-0.63488,398.30700,432.71060,423.50604,0.97902,51.29554,69.88907,63.97201
2018,3200139,NEA,Pública,29,28,2746.09239,-0.79782,347.82573,370.94430,360.96887,1.10960,50.17669,70.02424,63.54240
2018,3200140,Buenos Aires,Privada,32,32,3134.87486,-1.08934,420.71861,454.01905,453.89850,0.92722,61.79471,76.76185,58.23828
2018,3200141,CABA,Pública,28,26,257.74310,-0.95662,334.92051,324.19789,349.04922,0.84765,51.51995,64.82578,49.34009
2018,3200142,Córdoba,Privada,34,34,696.85828,0.41748,475.99231,483.52247,491.89942,0.51060,56.87343,66.57527,59.30453
2018,3200143,Santa Fe,Pública,3,3,491.82134,-2.91038,370.85271,401.24296,383.94380,1.22622,39.81688,10.45720,59.94253
2018,3200144,Buenos Aires,Pública,21,21,1676.18469,-1.78490,293.61630,309.74354,319.64169,0.79846,47.70243,73.40969,53.90458
2018,3200145,Córdoba,Privada,34,34,579.47575,-0.22361,424.66615,465.45896,455.70224,0.95686,41.42381,65.66283,65.71626
2018,3200146,Cuyo,Pública,30,30,1603.34010,-1.22164,331.04605,333.11717,364.76475,1.20552,44.08149,64.86464,65.99864
2018,3200147,Santa Fe,Privada,31,31,2616.93692,-0.08786,432.73541,449.16070,440.34809,0.79771,49.77947,69.58446,62.98819
2018,3200148,NEA,Pública,12,11,2156.08592,-2.15070,277.63922,270.26739,307.89962,1.18914,46.14884,82.45383,61.46889
2018,3200149,CABA,Privada,11,11,245.13962,0.82100,462.34502,513.30809,500.22892,0.51513,41.68965,58.10519,51.06602
2018,3200150,Buenos Aires,Privada,33,33,3387.23880,0.96463,527.39060,537.20219,545.21910,0.45904,46.71600,53.30506,59.96484
2018,3200151,Cuyo,Pública,29,29,2649.80999,-1.24660,319.97386,326.51818,344.80377,0.99364,65.77929,76.61316,73.97747
2018,3200152,CABA,Privada,35,34,542.16327,0.14056,411.31982,407.12060,414.49981,0.78432,50.44558,81.64043,53.04986
2018,3200153,Santa Fe,Pública,29,29,2573.77174,-1.37127,368.70097,379.38855,392.91028,0.86025,62.49988,80.81384,68.27794
2018,3200154,Córdoba,Pública,14,14,286.14560,-1.55611,367.88219,379.93265,387.27527,0.90707,42.55466,79.62993,58.65193
2018,3200155,NOA,Privada,31,31,282.93838,0.28637,443.31672,478.84014,477.76451,0.75674,51.41122,72.05772,64.38192
2018,3200156,Buenos Aires,Privada,32,31,2556.31584,-1.05297,406.23230,452.56621,444.44260,0.75996,53.12198,65.62135,58.11166
2018,3200157,Córdoba,Pública,11,11,463.41281,-2.61169,309.46387,333.92279,345.48145,0.81692,58.06816,65.06362,53.51046
2018,3200158,Buenos Aires,Pública,11,11,1603.14186,-1.51961,316.59871,309.40727,339.38342,0.64590,58.27239,89.06704,49.72008
2018,3200159,Córdoba,Pública,19,18,382.47343,-2.31070,345.46077,360.99296,372.57004,0.61436,49.81160,61.79440,45.11481
2018,3200160,CABA,Privada,24,22,260.00300,-0.77524,329.00322,303.93322,337.13010,0.92927,53.53282,74.07208,61.31455
2018,3200161,Buenos Aires,Pública,17,17,2016.55461,-0.80390,341.24254,361.48672,360.25338,0.77824,50.04366,91.93052,73.63781
2018,3200162,Buenos Aires,Pública,30,28,7049.49959,-0.87620,414.56601,448.78944,450.71132,0.92517,53.06766,69.03730,60.78058
2018,3200163,Santa Fe,Pública,1,1,362.06807,-3.88220,350.69890,345.94860,333.92110,,,,
2018,3200164,NOA,Pública,33,33,278.84911,-0.08060,434.00424,496.06120,472.58985,0.97953,46.37718,58.48596,60.26953
2018,3200165,NOA,Pública,24,23,138.15918,-1.63722,312.92194,317.34730,338.56743,0.98401,42.04889,51.81034,38.49494
2018,3200166,CABA,Pública,29,29,443.62313,-0.23157,406.28668,430.68528,434.19471,0.78870,54.83399,74.40421,54.43733
2018,3200167,Córdoba,Pública,23,23,419.60819,-0.01002,526.81472,581.00092,557.20236,0.82214,51.52113,42.16171,49.66732
2018,3200168,CABA,Pública,31,31,570.92086,0.33283,518.85721,536.82656,541.86949,0.71501,51.13223,54.99029,48.60873
2018,3200169,Córdoba,Pública,29,29,413.20037,-0.33315,440.19931,452.05286,458.01779,0.96080,57.90227,65.65816,69.16833
2018,3200170,CABA,Privada,24,24,357.86851,0.74788,463.76025,489.38998,495.02042,0.49961,46.42765,69.80421,63.48023
2018,3200171,Cuyo,Pública,34,34,2108.63696,-1.57886,358.44722,385.69963,383.58994,0.82079,50.23253,66.53873,54.19458
2018,3200172,Santa Fe,Privada,33,33,2224.88642,-0.33635,431.49840,462.78709,453.59996,0.96883,47.74060,69.69248,58.76413
2018,3200173,Buenos Aires,Pública,30,30,2480.48766,-0.57375,385.95872,368.91110,400.47424,0.63156,36.14074,64.65976,42.58138
2018,3200174,NOA,Pública,2,2,86.54798,-1.51815,249.09990,240.99490,285.81275,0.42674,1.52919,89.78418,44.71156
2018,3200175,NEA,Pública,33,33,2741.95636,-0.27345,397.88663,419.88083,426.95820,0.94115,62.94635,71.04542,58.85192
2018,3200176,NOA,Pública,29,29,302.31217,-1.64793,317.59944,341.57396,352.57199,1.12770,51.74904,63.32813,64.48449
2018,3200177,CABA,Privada,33,33,579.79272,0.06791,448.85988,468.72664,462.97684,0.79327,58.18219,85.54989,76.58810
2018,3200178,NOA,Pública,23,22,88.46232,-1.79521,305.73094,341.17265,336.36418,0.98439,59.19646,72.55372,58.07623
2018,3200179,Cuyo,Pública,32,32,2277.80048,-1.37425,354.97911,372.57473,382.72970,0.96853,48.45306,64.44797,54.58511
2018,3200180,Córdoba,Privada,34,34,618.98446,0.15377,450.13683,480.38665,477.66344,0.85423,56.94977,66.40623,61.30358
2018,3200181,Santa Fe,Pública,28,27,2418.43582,-1.41223,361.82607,379.24696,379.62625,0.87719,54.81594,79.19732,59.35050
2018,3200182,NOA,Privada,34,33,268.96650,-0.36568,395.87507,431.35564,423.88164,0.75291,51.13530,72.79099,67.13396
2018,3200183,Santa Fe,Pública,13,13,2272.99969,-2.06800,296.20140,289.95986,309.50776,1.03702,39.31776,64.19090,35.35819
2018,3200184,CABA,Privada,34,32,576.01866,0.80158,521.08426,553.16858,548.94198,0.52480,45.40508,57.05619,53.64235
2018,3200185,NEA,Pública,25,25,2427.53577,-1.75672,338.06439,342.40180,358.92619,1.33359,66.84686,74.77371,70.34540
2018,3200186,NEA,Pública,15,14,1968.59434,-1.17115,283.34781,285.90174,297.80285,1.26981,32.29017,68.34071,36.75602
2018,3200187,NOA,Pública,23,22,185.64860,-1.67799,330.08109,364.38758,363.79076,1.28754,61.61124,81.12404,56.78012
2018,3200188,Córdoba,Privada,32,32,429.41615,-0.33624,403.50355,437.07805,433.52212,0.98874,59.01653,71.71458,64.01342
2018,3200189,Patagonia,Privada,26,26,2358.21322,0.28981,430.49757,456.47822,456.29203,0.59712,51.08090,65.48817,55.21713
2018,3200190,Buenos Aires,Pública,22,22,2562.23011,-0.71746,398.54469,437.92187,446.42123,0.84883,49.04614,63.34686,64.62246
2018,3200191,Buenos Aires,Pública,21,20,1968.33634,-1.38576,367.59717,400.75357,409.60019,0.91608,62.43351,70.32926,71.74105
2018,3200192,Córdoba,Pública,24,24,487.22868,-1.20129,343.94984,354.79773,363.50927,0.99968,55.93174,72.04573,62.21566
2018,3200193,Patagonia,Pública,30,28,1677.08602,-0.78771,394.98722,431.06228,429.14802,1.17790,69.60187,89.10881,78.95672
2018,3200194,NEA,Pública,7,5,974.86879,-1.21757,269.20182,252.01429,312.30460,1.22770,16.23287,20.80643,47.11864
2018,3200195,Buenos Aires,Pública,17,16,1768.13672,-1.91343,330.09868,341.91096,340.38395,1.01744,58.26470,70.17776,50.49990
2018,3200196,Patagonia,Pública,22,22,1710.20801,-0.69472,379.37333,387.84785,409.75450,1.13589,46.21624,78.80764,73.29822
2018,3200197,NEA,Privada,15,15,1326.70945,-1.60132,281.08943,287.05169,299.67794,1.52172,32.02863,70.11477,35.69596
2018,3200198,Cuyo,Pública,22,21,1769.54783,-1.70410,342.29165,369.94742,378.52340,0.93361,53.74548,61.08172,54.31872
2018,3200199,Patagonia,Pública,24,24,1782.64225,-1.32112,361.80845,375.66017,385.30023,1.16647,47.98169,64.17428,69.01282
2018,3200200,Córdoba,Privada,32,32,738.62306,-0.66754,420.81162,449.54433,440.92078,1.12430,70.07078,73.31060,69.13893
2018,3200201,NOA,Pública,22,22,165.65794,-1.81513,318.79466,344.44763,343.91407,1.06870,51.64320,61.03948,48.36265
2018,3200202,Buenos Aires,Pública,19,19,3500.14064,-1.04846,413.02289,426.70027,444.37581,1.00197,37.36163,59.89408,41.45204
2018,3200203,NOA,Privada,33,33,301.31554,-0.25423,424.45698,478.40336,455.70781,0.80867,53.21365,57.46477,55.84238
2018,3200204,Córdoba,Privada,31,31,676.61234,-0.53506,439.31594,474.41137,472.68778,1.12609,62.48490,65.38212,58.48139
2018,3200205,Córdoba,Pública,28,28,550.13596,-1.46759,335.11300,359.77105,355.91277,1.01052,68.58385,80.02132,68.48078
2018,3200206,NOA,Pública,27,27,208.35406,-1.49770,343.70104,361.56105,369.07219,1.00249,63.85541,78.27510,54.85926
2018,3200207,CABA,Privada,28,28,487.84836,-1.31293,369.79151,388.93962,385.40527,0.92032,49.17417,60.18077,47.96460
2018,3200208,Córdoba,Privada,22,22,402.84244,-0.86072,421.11804,449.16287,437.53015,0.96292,41.10198,42.88160,51.83655
2018,3200209,NOA,Pública,32,32,257.76178,-1.41456,387.09681,409.30209,415.71073,0.98500,55.86587,74.80631,58.35362
2018,3200210,Santa Fe,Pública,30,30,3361.14450,-1.25737,390.40788,386.55461,393.44345,1.16939,59.46944,70.43973,75.87360
2018,3200211,Buenos Aires,Pública,17,17,1749.71935,-1.27720,347.89815,348.17849,369.25146,0.97237,44.63728,78.77168,51.41813
2018,3200212,Buenos Aires,Privada,22,22,2129.93113,-0.32568,416.03046,436.90354,433.52334,0.85388,45.46122,71.82643,64.88300
2018,3200213,Santa Fe,Pública,21,20,1924.00896,-2.01884,285.94044,287.72128,309.42823,0.93360,59.12923,79.55397,69.09542
2018,3200214,CABA,Privada,34,34,486.96483,0.80396,490.14786,507.40460,515.09323,0.53085,49.57177,63.71788,63.03727
2018,3200215,NOA,Privada,33,33,240.79539,-0.65592,430.28477,442.67732,443.76565,0.89089,65.35682,76.44770,70.58918
2018,3200216,Buenos Aires,Pública,26,26,2603.28709,-1.05405,384.47757,389.12640,404.52144,0.92134,58.88846,73.17129,60.58859
2018,3200217,NEA,Pública,29,29,2968.10893,-1.10459,348.43900,359.01885,372.14995,1.05274,65.25187,73.87380,61.96761
2018,3200218,Córdoba,Pública,29,29,592.18506,-0.95918,374.04079,398.66884,394.44599,0.99262,52.69297,65.97600,50.59528
2018,3200219,NEA,Pública,13,13,2321.75633,-2.68022,267.64581,286.92062,312.95988,0.71273,36.35460,56.41591,51.41692
2018,3200220,Buenos Aires,Pública,13,13,1244.62919,-1.84038,312.65038,322.57909,328.28993,0.92711,53.48987,70.50368,63.29831
2018,3200221,Córdoba,Pública,31,30,624.27764,-2.13920,329.00503,353.85937,351.12126,0.90537,49.67861,47.96209,47.87637
2018,3200222,NOA,Pública,29,29,241.32712,-1.31300,366.85414,399.82362,398.73464,0.98565,45.35611,62.79859,66.30038
2018,3200223,NEA,Pública,23,23,2089.64636,0.17677,438.65751,489.45890,441.01763,0.63927,52.49949,66.89994,55.74612
2018,3200224,CABA,Pública,30,27,376.15801,-0.74921,414.72633,427.95983,436.26706,1.01981,55.00330,75.31759,64.62843
2018,3200225,NEA,Pública,20,20,3651.23532,-1.79657,284.33204,298.00456,302.59345,0.88898,59.99185,73.33096,65.52821
2018,3200226,NOA,Pública,30,30,164.12497,-1.26285,341.51009,372.48188,369.76104,1.02299,52.05139,73.74903,57.44267
2018,3200227,Córdoba,Privada,30,30,673.47187,-0.11088,435.11299,487.76095,481.76567,0.66547,54.66881,69.40408,60.75851
2018,3200228,Córdoba,Privada,28,28,524.02171,-0.83436,391.20016,415.15571,412.45710,1.01659,52.56301,66.67526,62.94141
2018,3200229,NOA,Pública,23,23,2278.66756,-2.13863,302.04514,321.86293,337.41263,1.42699,44.39359,49.42522,55.61934
2018,3200230,NOA,Pública,29,29,330.88693,-1.45967,332.08803,350.00522,354.41024,0.98523,42.53067,64.46062,57.36249
2018,3200231,Córdoba,Pública,28,28,487.45848,-1.50486,327.47566,323.19028,338.92213,0.91751,46.67332,57.19374,47.84809
2018,3200232,NOA,Pública,29,29,163.62029,-1.59562,270.48480,280.64763,305.54367,1.14007,44.27099,62.01393,52.16440
2018,3200233,Córdoba,Pública,30,28,700.37491,-1.43529,326.43284,337.13690,349.41104,0.96223,54.10883,59.96446,57.58772
2018,3200234,NEA,Privada,35,35,3019.42708,-0.07799,453.60402,475.76821,490.53812,0.97519,61.69986,75.02133,59.93246
2018,3200235,Buenos Aires,Pública,17,17,1686.52044,-1.55558,318.55540,320.98715,317.18289,0.95289,48.95190,53.36907,58.82981
2018,3200236,CABA,Pública,31,31,410.48571,-0.64405,451.76384,467.07392,465.64522,0.95726,60.80846,63.46927,66.30215
2018,3200237,Buenos Aires,Pública,31,31,2423.58551,-0.35700,394.17011,410.78868,421.19298,0.87051,47.76272,74.50914,58.05095
2018,3200238,Buenos Aires,Pública,28,28,2247.92655,-0.93724,403.02661,449.95820,445.33747,0.74526,44.09007,68.77157,55.97263
2018,3200239,CABA,Pública,28,26,535.11139,-1.14034,427.72495,458.61120,455.76082,0.62994,67.82643,74.61207,59.85938
2018,3200240,CABA,Privada,30,26,789.51376,0.30630,368.52468,376.37685,391.72078,0.73529,70.59737,84.38312,61.49002
2018,3200241,CABA,Pública,32,31,395.52330,-0.95567,375.69133,387.59850,393.27947,1.01241,58.65447,72.98765,64.36277
2018,3200242,NOA,Privada,31,31,2211.49475,-1.37359,341.42278,370.76564,367.33838,0.91424,48.36335,75.67324,54.06785
2018,3200243,NOA,Pública,29,29,260.92504,-1.80779,320.84877,335.20933,352.62568,1.03319,47.87320,71.21893,49.21470
2018,3200244,Córdoba,Pública,30,30,512.07605,-1.43072,391.62148,400.43767,414.25491,0.98001,47.71714,62.58405,53.53981
2018,3200245,NOA,Pública,30,30,329.48766,-1.47224,329.92916,353.54015,360.92309,0.80309,39.20604,63.62774,50.54685
2018,3200246,Buenos Aires,Pública,29,27,3044.93903,-1.97086,324.12972,334.58078,345.82210,0.81848,60.47753,65.27763,51.84213
2018,3200247,NOA,Privada,29,29,328.38210,0.00197,432.47667,454.92014,449.30093,0.79755,50.93677,75.52237,68.41861
2018,3200248,Córdoba,Privada,33,33,632.94473,-0.47018,426.96130,465.49753,455.56364,0.79494,43.94936,71.08047,52.09581
2018,3200250,NEA,Pública,26,25,1658.96852,-1.73473,313.41986,328.00118,338.80809,1.44912,54.65839,72.60115,48.07633
2018,3200251,NOA,Pública,25,25,288.47365,-2.40196,286.09095,288.20218,316.39950,0.83169,47.83271,64.02627,51.39211
2018,3200252,Córdoba,Pública,32,31,1002.99692,-0.73333,461.93631,477.86333,492.35369,0.90262,57.11109,62.98264,62.12310
2018,3200253,NOA,Privada,30,30,152.17056,-0.73478,395.70315,418.97969,425.16230,1.04478,45.59033,62.79794,48.84121
2018,3200254,Buenos Aires,Pública,20,20,2024.96806,-1.26229,352.01488,382.47618,371.91121,0.79287,46.33751,73.60749,70.48121
2018,3200255,Buenos Aires,Pública,27,25,1438.86759,-1.24206,350.78060,367.64136,372.18669,0.81258,48.70123,71.86691,45.65328
2018,3200256,Buenos Aires,Pública,23,22,2232.79869,-1.16693,381.10402,378.76989,394.11350,0.98094,71.31716,75.17599,59.21357
2018,3200257,CABA,Privada,35,35,528.25290,0.00859,453.25886,476.75236,481.34618,0.85848,49.63352,72.22116,66.15663
2018,3200258,NOA,Pública,28,28,248.36844,-0.58697,380.86291,416.31860,408.61178,0.90282,52.22469,75.45537,62.10993
2018,3200259,NOA,Privada,31,30,3504.66666,-0.96963,395.41894,423.74296,404.35310,0.75458,55.87543,87.79734,68.33483
2018,3200260,NOA,Pública,31,30,282.06463,-1.60126,327.50436,351.32823,350.85051,1.05505,48.97179,69.14258,56.00598
2018,3200261,Santa Fe,Pública,33,33,2511.77467,-1.04271,389.59498,401.20270,401.93519,1.05175,54.09579,66.20843,55.83411
2018,3200262,NOA,Pública,30,30,253.87911,-1.19572,382.59443,414.05366,405.86961,0.93263,48.73475,67.18221,52.77066
2018,3200263,CABA,Privada,33,33,329.67889,-0.05917,423.83166,442.23057,428.68792,0.68602,46.30871,65.28017,62.90339
2018,3200264,CABA,Privada,33,33,395.88273,0.12421,432.98124,455.19321,448.77371,0.77306,52.68865,55.45688,60.04960
2018,3200265,Buenos Aires,Privada,31,30,2325.54765,-1.07153,343.49513,383.27396,380.76518,0.82696,64.51847,76.43676,62.61159
2018,3200266,NOA,Pública,30,30,280.57795,-1.94428,315.74121,343.45473,338.88797,0.99555,45.38596,66.99980,47.61756
2018,3200267,NOA,Pública,26,24,226.54907,-1.84714,341.53096,361.77955,374.16364,0.93254,51.39840,68.70240,48.20629
2018,3200268,CABA,Pública,22,22,288.80923,-1.13724,383.81331,392.45775,397.98560,1.19797,47.48020,63.53350,64.51891
2018,3200269,Santa Fe,Pública,29,29,2023.24974,-0.81075,411.28412,413.47660,427.87323,1.02394,48.75430,55.18608,45.39395
2018,3200270,NOA,Pública,1,1,18.91734,-3.88650,287.04140,352.50900,323.45200,,,,
2018,3200271,Córdoba,Pública,30,30,464.49894,-1.45532,360.10443,395.54723,395.11858,0.83188,44.27092,59.24901,55.50254
2018,3200272,NEA,Privada,11,8,1933.02513,-1.42066,307.06264,337.48055,337.99423,0.88439,33.30365,63.92854,42.93676
2018,3200273,NOA,Privada,32,32,366.02609,0.14125,418.38433,458.56813,456.72487,0.76652,47.24462,70.06223,57.64833
2018,3200274,NOA,Pública,29,28,220.16079,-1.42581,341.93975,363.72522,363.30030,1.07057,56.03268,71.09925,67.80428
2018,3200275,Buenos Aires,Pública,11,11,1224.77196,-2.15821,329.64286,354.20758,342.22790,0.78926,58.04317,67.54688,63.97437
2018,3200276,Córdoba,Pública,34,34,649.58584,-1.06372,333.15629,335.75794,350.20942,1.03700,51.20553,64.04032,53.97146
2018,3200277,Córdoba,Pública,30,30,696.56196,-1.39516,356.19921,389.87067,389.62899,0.83157,54.72810,66.00398,58.78126
2018,3200278,Buenos Aires,Pública,9,9,1172.80261,-1.57511,341.44725,370.39616,376.46737,0.38616,48.34404,72.57764,59.12582
2018,3200279,Buenos Aires,Pública,17,17,1548.27982,-1.90851,342.28016,372.50911,378.35828,0.65461,40.15653,41.04957,50.97629
2018,3200280,CABA,Privada,33,33,413.18736,0.35645,460.88467,489.00998,484.03593,0.80352,63.41350,78.02340,69.49679
2018,3200281,CABA,Privada,34,34,457.61140,0.73872,487.30018,507.34506,503.65847,0.39049,49.73007,57.59339,57.29468
2018,3200282,NOA,Pública,15,15,310.64190,-2.56717,301.64183,325.35976,325.70849,0.83473,37.59919,72.38094,52.67767
2018,3200283,Buenos Aires,Privada,31,31,2868.40251,0.10007,446.77500,482.81964,469.96833,0.72549,58.64926,64.02986,70.65948
2018,3200284,Patagonia,Pública,20,20,1421.06220,-0.88309,388.76815,408.67571,399.81537,0.65423,49.23098,80.86677,72.66989
2018,3200285,NEA,Pública,30,30,2169.06942,-0.94879,367.56677,399.43500,407.44847,0.99739,57.48589,82.05718,66.05244
2018,3200286,Córdoba,Pública,24,24,484.16473,-1.52616,345.20400,357.34838,371.07975,0.99417,56.34694,60.60418,54.89378
2018,3200287,Córdoba,Pública,6,6,238.14610,-2.41730,329.17969,360.93855,354.44516,0.35446,59.23696,71.60951,67.30761
2018,3200288,Buenos Aires,Privada,30,30,3175.86396,-0.57227,436.85616,480.50476,469.32349,0.74499,53.26422,69.64590,60.14394
2018,3200289,NOA,Pública,14,14,145.00172,-1.85716,316.99584,314.48448,338.91562,0.81825,39.76061,36.40335,38.68856
2018,3200290,NOA,Pública,35,35,303.22142,0.06918,462.45414,479.79061,488.84896,1.03142,53.13270,64.46581,63.00706
2018,3200291,CABA,Pública,25,25,387.93319,-1.38867,433.25800,452.53033,454.37216,0.85249,52.94601,59.82232,49.17758
2018,3200292,Córdoba,Privada,34,34,657.14728,-1.44369,391.63402,434.67870,419.81406,0.81817,55.81112,65.74106,55.72524
2018,3200293,Buenos Aires,Privada,32,32,3390.16345,-0.15193,411.18720,438.31657,427.60964,0.72183,65.91998,92.12072,71.30235
2018,3200294,Santa Fe,Pública,32,32,1842.48626,-0.56122,395.49662,429.97298,406.52468,0.87642,49.14151,59.85700,64.53081
2018,3200295,NOA,Pública,30,29,274.89561,-1.10652,336.54235,359.48197,356.91966,1.02719,42.78650,63.65573,52.92378
2018,3200296,CABA,Pública,19,19,274.65454,-1.28917,341.98636,367.06230,366.50476,0.76601,49.22286,63.17953,46.34949
2018,3200297,CABA,Privada,31,31,466.76699,-0.13327,420.74785,423.49056,426.04690,0.83167,61.34014,91.57575,75.93601
2018,3200298,NEA,Pública,20,20,2774.34846,-1.76088,335.58460,358.94574,359.14245,0.87216,45.42819,64.41156,44.20539
2018,3200299,Buenos Aires,Privada,33,33,2537.01448,0.24516,459.79279,497.05972,499.12941,0.86322,52.71069,62.57790,50.00861
2018,3200300,CABA,Pública,31,30,419.49866,-1.05403,388.88855,415.65914,415.37610,1.12135,64.51375,73.10054,68.34223
2018,3200301,CABA,Privada,32,32,460.95276,0.84469,500.85206,510.55952,513.67769,0.50803,55.81944,52.77950,54.80397
2018,3200302,Buenos Aires,Pública,26,26,3093.35421,-1.41640,335.68077,373.97404,361.86874,0.85397,50.82792,75.04012,57.57947
2018,3200303,NOA,Pública,30,30,279.92051,-1.06426,351.31113,378.80178,366.21379,0.91656,48.16824,69.70859,56.78739
2018,3200304,NOA,Pública,26,26,234.47860,-1.88977,300.12164,310.24388,311.40179,0.99313,44.98851,59.37460,43.96691
2018,3200305,Córdoba,Pública,32,30,826.38919,-0.97777,380.99752,392.18457,400.18159,0.84176,43.81377,58.05352,54.18702
2018,3200306,Buenos Aires,Pública,29,28,2608.82157,-0.72051,395.31273,411.25691,414.74466,1.08019,51.17367,72.54514,59.60060
2018,3200307,Córdoba,Pública,14,14,526.73301,-0.90956,415.29992,448.55316,458.23539,1.48864,51.49271,65.50774,60.03041
2018,3200308,Buenos Aires,Pública,29,29,2229.32487,-1.42676,355.50378,383.93516,376.46021,0.89759,48.89498,68.20799,52.13835
2018,3200309,Buenos Aires,Pública,17,17,1823.70014,-1.30794,354.58789,365.06473,381.14378,0.59202,88.76751,98.71482,79.25723
2018,3200310,Córdoba,Pública,27,27,534.17519,-1.31862,377.81427,404.89393,402.95102,1.01145,47.58835,66.21786,56.75791
2018,3200311,Córdoba,Pública,18,18,362.94113,-1.71248,313.44851,326.93407,350.54101,1.06041,50.79487,63.07002,58.13430
2018,3200312,Córdoba,Pública,29,29,627.08223,-0.68057,379.59495,409.72746,412.14439,1.29595,70.21708,93.34558,78.08371
2018,3200313,NOA,Privada,28,28,359.53195,-1.52987,333.07886,356.40920,360.06581,0.94950,54.74104,85.38071,67.01370
2018,3200314,Buenos Aires,Pública,25,25,2724.79063,-1.52576,359.13583,381.07616,384.74123,0.90246,66.68247,77.26733,60.33119
2018,3200315,NOA,Pública,12,10,1479.86382,-1.78146,251.36693,296.62769,297.15067,1.19516,38.95914,47.89124,44.31570
2018,3200316,NEA,Pública,31,31,2041.80913,-0.75705,389.70737,437.86914,416.76982,0.88916,47.14317,63.13516,54.22570
2018,3200317,Córdoba,Pública,34,34,565.00408,-1.18941,395.60052,431.86799,424.96265,1.05144,57.81740,77.79078,72.90292
2018,3200318,Cuyo,Pública,1,1,313.59077,-1.21840,336.43630,357.63700,322.20820,,,,
2018,3200319,CABA,Privada,18,18,276.61910,0.80843,493.46135,512.02075,526.77340,0.87117,43.74576,63.15976,61.79539
2018,3200320,Cuyo,Pública,30,30,1780.39156,-0.74697,355.60845,377.49824,382.92003,1.04839,45.98185,73.41523,63.99337
2018,3200321,Buenos Aires,Privada,16,16,1574.91058,-1.45506,367.45665,422.17493,411.67218,0.98171,48.61362,73.51586,48.93276
2018,3200322,NOA,Pública,31,31,299.18079,-1.42860,378.63093,409.70093,409.74411,0.85855,46.71271,60.15080,49.48042
2018,3200323,Córdoba,Pública,31,31,604.59092,-1.60783,361.61183,387.58927,383.25368,0.98407,57.88053,70.85222,63.39068
2018,3200324,NOA,Privada,21,21,221.53096,-0.44072,370.87755,366.91959,389.49960,0.83004,54.08335,63.20540,54.77614
2018,3200325,Buenos Aires,Pública,29,29,2555.13627,-1.32655,329.16325,337.22050,346.56244,0.90615,57.96105,69.61621,51.11439
2018,3200326,NEA,Privada,35,35,2364.39232,-0.71812,416.07664,438.90495,442.42170,1.20429,62.89190,80.38713,65.96739
2018,3200327,NEA,Pública,15,15,1154.68976,-1.20047,318.30944,335.52867,333.81082,0.94155,62.10917,67.35820,49.34485
2018,3200328,Córdoba,Privada,34,34,560.31728,-0.14970,437.26183,468.11809,470.94223,0.90519,43.72492,59.88056,52.38371
2018,3200329,Buenos Aires,Pública,15,15,1919.04781,-1.52820,327.27919,319.54905,343.08289,1.15878,50.58520,71.58827,56.25999
2018,3200330,Buenos Aires,Privada,32,32,3309.11355,0.21927,470.54946,523.05042,504.60707,0.83177,50.48986,70.86402,57.21589
2018,3200331,NOA,Pública,33,30,2455.47595,-1.98535,301.26523,268.84296,310.39284,1.61656,41.50497,67.35724,55.05672
2018,3200332,NOA,Pública,35,35,366.67275,-1.12687,416.58767,450.82445,440.91595,1.17414,41.64132,59.21633,61.59678
2018,3200333,Buenos Aires,Pública,24,24,2302.71849,-0.95695,363.31033,405.93995,398.65836,0.83982,62.76087,59.98788,54.90793
2018,3200334,Córdoba,Pública,28,28,308.05370,-1.29398,337.53914,355.29144,369.72878,1.05457,49.86046,64.71580,63.11784
2018,3200335,NOA,Privada,29,29,263.44320,-2.12653,316.38084,319.96032,336.40363,0.86604,45.78024,72.29635,41.25112
2018,3200336,Cuyo,Pública,27,27,2672.09141,-1.75169,370.97793,403.84953,399.52345,1.04679,58.22514,70.07771,65.69087
2018,3200337,Córdoba,Pública,31,31,562.21287,-0.90334,417.19936,439.13213,440.38590,1.11599,53.03573,73.68509,60.90160
2018,3200338,CABA,Privada,34,34,423.28492,-0.16553,410.60227,425.52888,421.18157,1.10524,49.32847,64.13158,59.17493
2018,3200339,Córdoba,Pública,31,31,710.51807,-0.64614,451.56100,455.04768,466.80713,0.75352,46.27292,66.55226,60.44337
2018,3200340,CABA,Pública,33,33,512.68612,-0.85962,358.12515,363.24808,370.82454,0.94617,40.71933,60.23059,55.17428
2018,3200341,Buenos Aires,Pública,33,33,3715.03584,-0.35596,426.41560,467.99265,447.88143,0.74272,57.58613,75.59415,59.19233
2018,3200342,CABA,Privada,28,28,401.34109,-0.42206,471.89217,505.59262,496.08520,0.99804,51.03389,67.66279,62.41945
2018,3200343,NOA,Privada,19,19,192.50634,-0.65787,383.10634,427.65452,424.81043,1.06988,62.26363,80.12799,70.90390
2018,3200344,Buenos Aires,Privada,27,27,1907.09508,0.03812,414.96106,455.21936,436.94589,0.81896,57.85120,83.26260,64.14005
2018,3200345,NEA,Pública,28,27,1501.81608,-1.79200,317.64661,340.34416,342.01769,1.38017,55.80071,76.18694,58.29128
2018,3200346,CABA,Pública,32,32,472.41546,0.54190,511.15961,536.19664,542.21606,0.65204,53.22556,54.44155,46.97705
2018,3200347,CABA,Privada,24,23,344.08202,0.35400,476.26384,507.67721,504.39445,0.67589,53.51503,62.29313,72.06513
2018,3200348,NOA,Pública,30,30,293.27449,-2.26783,328.24100,337.64749,358.90762,0.84028,42.44535,60.50333,50.58734
2018,3200349,Patagonia,Privada,32,32,2390.67776,-0.35327,401.92674,426.05345,435.74350,0.56271,47.90711,70.50613,64.18910
2018,3200350,Santa Fe,Pública,27,27,1485.48981,-1.06820,391.04792,426.49384,414.41218,1.18314,59.58821,90.40428,65.21061
2018,3200351,NOA,Pública,30,30,275.70325,-1.75005,364.77693,409.10106,392.07108,1.18528,67.01622,79.63913,80.80230
2018,3200352,Cuyo,Pública,28,28,2447.24055,-1.37821,356.64206,363.63601,368.48360,0.96593,49.62070,63.32244,58.17800
2018,3200353,Buenos Aires,Pública,13,12,1367.43660,-1.45269,354.66391,374.26758,376.85675,1.07446,57.35192,48.38010,39.47691
2018,3200354,Patagonia,Privada,27,27,2445.12129,-0.01041,402.41970,422.53722,428.19091,0.92581,55.32377,63.08040,56.78032
2018,3200355,CABA,Pública,31,31,408.37201,-0.43756,403.86269,425.84879,423.81571,0.65155,51.49441,79.36713,62.45134
2018,3200356,Cuyo,Privada,9,9,729.36104,-0.27913,401.38315,434.54451,441.26370,0.88282,47.06446,53.62812,62.79193
2018,3200357,Buenos Aires,Privada,21,21,2061.61491,-0.63915,420.98816,476.12118,474.30657,0.98405,57.13952,57.93130,58.69177
2018,3200358,NOA,Pública,23,23,2295.61212,-1.00550,370.27025,373.28499,390.28653,1.09783,57.36565,74.07241,65.03223
2018,3200359,Patagonia,Pública,19,19,1424.84363,-1.24276,361.35944,365.57437,385.07164,1.25336,72.44072,86.91192,70.24909
2018,3200360,NEA,Pública,21,20,2142.30676,-0.38840,402.75724,421.63069,438.48606,1.09162,58.90990,72.24399,69.11266
2018,3200361,CABA,Pública,30,30,551.50834,-0.04019,451.86948,480.41689,468.95589,0.98349,63.99656,74.72860,67.87098
2018,3200362,NOA,Privada,24,24,1722.95150,0.25535,430.52858,466.49345,461.50638,0.52960,51.80311,86.05615,68.43020
2018,3200363,CABA,Privada,30,30,379.33230,1.10749,523.66910,569.89488,555.61496,0.31703,46.94686,50.45521,48.14173
2018,3200364,Patagonia,Pública,23,23,1605.69469,-0.42098,409.45043,446.78014,444.79660,1.01311,59.07052,74.24049,64.68161
2018,3200365,Patagonia,Privada,31,31,2765.18244,-0.07899,450.61383,484.63198,489.22139,0.61926,47.53752,70.49454,62.81136
2018,3200366,NEA,Pública,10,10,991.41455,-1.13840,329.12687,363.14666,368.47487,1.01725,33.81532,66.15336,33.30148
2018,3200367,NOA,Pública,25,25,288.08013,-1.71762,298.61929,312.59537,326.55903,1.03979,44.44348,59.30036,50.85443
2018,3200368,Córdoba,Pública,32,32,434.12348,-1.37964,374.33509,396.59476,403.45251,1.10379,63.57525,84.90271,71.34483
2018,3200369,NOA,Pública,22,22,3002.21323,-1.61753,323.61997,334.72381,343.58252,0.94916,41.37698,62.71935,51.64502
2018,3200370,Buenos Aires,Pública,32,31,3137.27888,-1.38909,370.15629,374.81442,381.57522,0.93647,59.62306,71.94336,60.56529
2018,3200371,Buenos Aires,Privada,32,32,3068.51300,0.69344,528.39053,559.45509,551.00399,0.53933,46.72787,57.82667,57.26090
2018,3200372,NEA,Privada,22,22,3627.02550,-0.32116,443.47556,460.85511,444.78304,0.92386,60.47427,71.88731,74.17303
2018,3200373,Buenos Aires,Pública,12,12,1495.84788,-1.59035,345.09400,370.69471,379.82933,0.57823,34.34912,54.97656,30.21828
2018,3200374,CABA,Pública,29,29,380.63531,-0.91695,407.43177,445.87011,433.14132,1.11754,49.90596,60.98513,59.86383
2018,3200375,Patagonia,Pública,27,27,1816.68923,-1.86386,361.11061,354.17364,369.38818,0.99883,48.93894,64.95486,58.29894
2018,3200376,CABA,Pública,29,29,461.78601,0.55594,541.17405,576.18078,568.56636,0.78242,44.24647,47.30381,36.55581
2018,3200377,NEA,Pública,28,28,2463.75844,-0.67459,386.18467,411.55697,405.16717,0.95763,74.84493,79.28767,79.10744
2018,3200378,Cuyo,Pública,31,30,2135.37403,-0.67560,375.31433,386.15590,414.12496,1.04580,61.65839,73.31836,64.80478
2018,3200379,CABA,Privada,32,32,372.29126,0.95337,525.51658,552.09516,540.73826,0.50957,49.49767,61.32195,55.82485
2018,3200380,CABA,Privada,33,33,445.85128,0.08397,459.92155,473.77124,475.72179,0.68585,62.39573,77.69905,63.64745
2018,3200381,Buenos Aires,Privada,31,31,2558.52287,-0.56381,424.13778,475.57247,476.97873,0.86612,38.71853,54.91324,57.27444
2018,3200382,CABA,Privada,34,34,481.41193,0.24293,460.48415,474.34406,474.14686,0.84532,43.52992,64.31053,63.12314
2018,3200383,NEA,Pública,30,28,1837.50392,-1.30692,258.37562,292.06397,311.04299,1.17539,61.86087,69.46788,59.32891
2018,3200384,Córdoba,Privada,32,32,699.98711,-0.15597,465.61218,491.26279,492.93310,0.83532,40.73002,52.39736,51.15336
2018,3200385,Córdoba,Pública,30,30,648.74469,-0.94839,333.71046,331.01138,341.06404,1.06849,41.99950,68.12249,50.89822
2018,3200386,Córdoba,Pública,32,32,645.99695,-1.23145,374.00436,400.56734,408.86958,1.06270,65.30116,79.95387,67.77967
2018,3200387,NOA,Pública,26,26,264.85835,-1.52233,320.38199,341.36082,360.39715,0.87578,46.33704,60.59834,48.68589
2018,3200388,Santa Fe,Pública,26,26,2832.55448,-1.44850,336.32650,339.02911,347.21531,0.78439,70.23658,82.85792,58.22783
2018,3200389,Cuyo,Pública,29,29,1843.21309,-0.80193,409.15731,416.48630,438.35913,1.01849,50.72628,55.79943,55.13716
2018,3200390,NOA,Pública,33,32,409.61698,-1.79660,314.86417,326.85650,331.90925,0.84173,40.48523,56.49262,60.79571
2018,3200391,NOA,Privada,35,34,327.67326,0.13924,435.67842,480.46140,463.70463,0.78943,52.80004,64.21288,62.33837
2018,3200392,Buenos Aires,Pública,26,26,3033.96374,-1.44688,342.49074,355.19089,361.79071,1.03224,49.07195,79.73204,57.31555
2018,3200393,Buenos Aires,Pública,22,21,2482.83512,-1.24497,351.09692,388.62661,379.79082,0.87516,66.94784,91.45456,80.00151
2018,3200394,NOA,Pública,30,30,238.51804,-0.44850,411.04583,447.45973,438.57990,0.95567,57.64965,76.29937,58.42242
2018,3200395,Santa Fe,Privada,31,30,2458.98983,-0.41466,368.27513,373.39933,383.42945,0.73382,58.06591,78.95651,60.67905
2018,3200396,NOA,Privada,35,35,322.29680,0.16061,449.70003,493.13191,480.06359,0.73472,54.09669,66.89008,51.84126
2018,3200398,NOA,Pública,26,26,3260.76534,-1.62148,317.43488,330.79658,324.12654,1.10247,47.90501,65.83044,47.17821
2018,3200399,Córdoba,Pública,31,31,513.69892,-0.91026,396.16154,430.79604,431.93934,0.99998,52.22515,72.41247,62.16945
2018,3200400,Córdoba,Privada,33,33,572.63899,-0.29522,402.31067,433.26352,435.55967,0.78450,45.09917,71.36789,56.64282
2018,3200401,NOA,Pública,13,13,289.09287,-2.52812,327.45376,347.42985,359.40365,1.01429,54.91246,69.01015,61.72683
2018,3200402,Buenos Aires,Pública,27,27,1979.64831,-1.55604,336.34136,383.00531,376.70832,0.85934,54.88384,80.67268,68.17794
2018,3200403,CABA,Privada,34,34,376.23939,0.15119,440.99589,472.49174,464.01924,0.89996,49.96847,72.73396,63.77058
2018,3200404,CABA,Pública,25,25,423.79834,-0.82241,409.61243,395.93320,421.47987,1.12566,70.10134,86.29913,74.50416
2018,3200405,CABA,Pública,16,15,392.10855,-0.62267,384.94000,379.20811,390.77711,0.88084,70.03436,96.94326,76.06755
2018,3200406,Córdoba,Privada,32,32,652.59372,-0.47411,477.86664,495.68086,505.72678,0.93319,51.54736,62.06877,56.28908
2018,3200407,CABA,Privada,29,27,632.40354,-0.99154,379.18162,387.59483,391.45489,0.78671,47.30184,71.84542,60.00552
2018,3200408,NOA,Pública,6,6,131.78752,-2.46154,318.93855,348.20572,338.52717,0.63555,40.34723,45.37166,52.30848
2018,3200409,NEA,Pública,7,7,797.13064,-1.90200,264.57668,282.94295,313.37016,0.65933,50.64606,54.72779,50.21560
2018,3200410,Córdoba,Privada,33,33,569.10594,0.11514,446.92331,480.11590,474.88944,0.77284,41.54569,49.90884,47.16055
2018,3200411,NOA,Pública,17,17,97.07205,-1.23817,309.70493,351.56070,340.36690,1.24322,56.35010,78.33171,73.36533
2018,3200412,NEA,Pública,1,1,353.90292,-3.92570,353.00310,358.90720,344.89170,,,,
2018,3200413,Buenos Aires,Pública,29,28,2272.10010,-1.60129,363.02497,384.50649,396.80799,0.95093,38.12846,56.25536,46.81731
2018,3200414,Buenos Aires,Pública,12,12,1337.39269,-1.41679,336.37497,377.04423,373.04186,0.92954,57.11322,67.95253,52.57330
2018,3200415,CABA,Pública,28,26,364.28592,-1.15682,379.40241,389.86857,394.64767,0.88859,65.33575,78.73882,71.13600
2018,3200416,Patagonia,Pública,17,17,1828.28707,-1.52202,329.96702,347.79651,360.30848,1.01657,59.40266,56.86162,63.67347
2018,3200417,Patagonia,Pública,26,25,1710.38076,-1.08373,385.06944,407.52584,407.01637,0.88783,42.41905,76.73847,62.72963
2018,3200418,Buenos Aires,Pública,21,21,2814.12850,-1.57746,340.73589,345.77616,349.73603,1.00919,62.04030,83.88859,71.10036
2018,3200419,NOA,Pública,31,31,346.13255,-1.13397,378.54696,396.82584,398.14971,0.78579,40.39503,48.20438,47.35065
2018,3200420,Buenos Aires,Pública,26,26,2367.96546,-1.27231,367.97841,411.15774,397.56742,1.12561,52.06533,84.44314,66.65675
2018,3200421,NOA,Pública,25,25,244.77417,-2.14089,317.85866,330.55581,333.44903,0.78389,47.28331,61.64607,47.43463
2018,3200422,Cuyo,Pública,31,31,2076.88884,-0.82390,378.64129,406.39112,404.61685,0.99094,55.21109,60.61497,64.00752
2018,3200423,CABA,Privada,33,33,417.87359,0.25002,480.76571,507.49716,499.58824,0.68581,45.24301,59.15242,55.05782
2018,3200424,NOA,Pública,24,24,240.71926,-1.79124,301.88997,312.47190,333.47643,1.15029,48.06383,78.16446,48.22436
2018,3200425,NOA,Privada,32,32,228.63728,0.12995,426.91433,453.76723,452.74571,0.62293,50.39346,71.40062,56.65510
2018,3200426,NOA,Privada,18,17,178.84258,0.10714,358.63464,398.16075,383.34472,0.79702,61.39241,83.74224,74.12761
2018,3200427,Córdoba,Privada,35,35,629.01755,-0.33407,448.35992,478.18922,471.94581,1.07858,45.68856,56.53528,58.26807
2018,3200428,CABA,Pública,30,29,419.32957,-0.41887,454.92982,485.70171,485.75650,0.81148,44.99339,52.97685,47.43900
2018,3200430,NEA,Pública,26,26,2848.67977,-1.57948,299.68423,319.70863,320.54052,1.16081,56.51237,76.56419,63.72569
2018,3200431,Santa Fe,Privada,28,28,2385.50386,-0.63048,379.65071,400.00551,404.38516,1.11058,60.85070,73.97694,66.84867
2018,3200432,Córdoba,Pública,33,33,552.21117,-1.13653,396.30467,418.69268,422.69308,0.87495,53.45380,65.51076,53.51533
2018,3200433,Córdoba,Privada,34,34,812.09019,-0.61781,426.17664,455.62880,458.47052,0.75696,54.85259,59.03902,59.25715
2018,3200434,NOA,Pública,30,29,263.77379,-1.84164,317.85548,321.39322,344.37979,1.11114,37.96141,49.49341,48.48145
2018,3200435,Córdoba,Pública,25,24,574.85521,-1.54481,324.54338,355.30135,352.59964,1.07771,52.09424,56.61677,53.98421
2018,3200436,Buenos Aires,Privada,30,30,2454.85311,0.00732,433.55614,454.55012,454.89457,0.73095,48.10761,81.39989,65.87806
2018,3200437,NOA,Pública,6,6,134.30920,-1.07654,353.74760,391.29074,383.97200,0.95969,50.27372,58.76014,37.40434
2018,3200438,NOA,Privada,33,33,331.59379,0.43187,419.75289,460.69249,455.20374,0.76013,54.84129,72.26535,71.61774
2018,3200439,NOA,Pública,29,29,2413.36525,-1.17691,386.18215,412.90859,395.12412,1.06022,51.39792,63.23924,53.59299
2018,3200440,CABA,Privada,33,33,480.88755,0.61994,454.44279,478.30231,475.59798,0.59045,54.57433,86.80615,62.38766
2018,3200441,Córdoba,Pública,22,22,362.44786,-1.62331,319.26685,349.04587,356.77266,0.88003,48.71201,74.97474,62.73538
2018,3200442,Buenos Aires,Privada,34,33,2932.62742,-0.32175,423.11349,475.16132,466.49003,0.76283,68.72959,93.08779,82.97343
2018,3200443,NOA,Pública,24,24,3466.00866,-1.21182,367.23486,384.65750,378.86832,0.86983,60.89944,65.77205,60.69652
2018,3200444,Buenos Aires,Pública,24,24,2225.13226,-1.62429,346.71218,386.76181,373.94847,0.97405,60.61705,80.87992,68.44010
2018,3200445,Buenos Aires,Pública,19,19,1693.91351,-0.92215,375.19137,378.40295,387.20186,1.44648,40.47205,70.98306,61.21908
2018,3200446,CABA,Privada,31,31,297.37110,-0.21231,417.32748,432.26687,430.34025,0.94316,64.08493,87.93956,77.06606
2018,3200447,Buenos Aires,Pública,29,29,2379.13733,-1.46142,378.55643,407.32399,397.44707,0.85804,78.63224,79.86845,70.42612
2018,3200448,Cuyo,Pública,13,13,1023.01519,-1.88310,283.45312,323.96230,326.93322,1.23755,40.60407,47.81967,30.90319
2018,3200449,NEA,Pública,22,22,1872.30052,-1.95283,319.27853,341.24269,343.22019,0.94979,54.06337,73.87260,65.03995
2018,3200450,Córdoba,Privada,29,29,400.45919,-1.05074,369.58509,408.82525,402.04750,0.79716,47.81424,70.48803,51.79121
2018,3200451,NOA,Pública,28,28,199.86722,-0.99950,422.88507,431.92273,439.10996,0.99256,46.88238,63.57871,50.49445
2018,3200452,CABA,Pública,35,33,637.17938,0.46231,471.05916,501.92230,490.80772,0.55965,47.39447,57.61015,56.89610
2018,3200453,Patagonia,Pública,30,30,2269.79353,-0.61750,424.37739,450.83892,458.68281,0.82465,38.55413,45.73281,43.19939
2018,3200454,CABA,Privada,28,28,293.35394,0.00576,432.81986,452.75849,461.06427,0.80003,42.41542,58.08309,51.15370
2018,3200455,CABA,Privada,25,25,348.31988,0.18947,455.18299,508.26036,491.64910,0.74449,48.68000,67.45177,58.71507
2018,3200456,NOA,Pública,29,29,154.93900,-0.87493,389.66899,428.82255,414.16015,0.96014,57.85661,73.00498,69.03320
2018,3200457,NEA,Privada,35,35,1808.05734,-0.39149,408.89945,445.30178,435.47344,0.85610,40.88218,68.71391,56.74053
2018,3200458,Buenos Aires,Pública,20,19,2514.91993,-1.58398,353.23374,348.48877,365.23379,0.72291,53.81069,78.54625,55.13504
2018,3200459,NOA,Pública,29,29,160.76947,-1.46257,336.54756,356.06067,367.75614,1.17446,36.97434,57.39915,43.52609
2018,3200460,Patagonia,Pública,30,30,1489.65394,-0.79683,388.47469,427.92846,436.05391,1.14092,66.32265,88.08651,75.80739
2018,3200461,NOA,Pública,23,23,1785.49926,-1.30078,327.43388,335.70442,353.95830,1.48502,65.80934,70.32111,60.59264
2022,3200426,Córdoba,Privada,33,33,752.74356,-0.60459,378.68723,391.02074,401.08315,1.27505,61.67431,75.02704,69.83834
2022,3200264,CABA,Privada,35,35,518.46883,0.05518,451.52133,469.88137,478.53618,0.85430,57.80417,82.45268,63.03504
2022,3200458,Buenos Aires,Pública,28,28,2749.40776,-1.30875,351.62310,363.99658,380.99320,0.83719,39.08887,49.72431,52.89034
2022,3200147,Patagonia,Pública,27,27,2860.71990,-1.72962,376.82818,401.90857,399.15722,0.78486,52.40462,63.64081,64.13051
2022,3200059,Córdoba,Privada,32,32,791.11190,-0.00761,440.35497,470.85183,476.81426,0.67126,55.24813,71.87924,68.65689
2022,3200223,Patagonia,Pública,26,26,2524.30234,-1.19371,354.44502,412.22414,404.64290,0.76521,41.56175,58.07735,64.52285
2022,3200033,Buenos Aires,Pública,23,20,3568.62270,-1.71975,311.82016,313.70600,323.30012,1.01646,31.17070,56.62818,36.81566
2022,3200345,Mendoza,Pública,28,27,360.03354,-0.50389,365.92845,363.95597,388.80524,1.15769,39.08644,42.01683,47.69622
2022,3200454,CABA,Privada,29,29,368.26937,0.39102,439.76876,464.07257,461.73520,0.59240,55.71034,73.69368,54.24074
2022,3200312,NEA,Pública,19,19,1755.11782,-1.04125,352.49010,367.73467,396.58230,1.20688,50.65848,64.14447,52.10392
2022,3200095,CABA,Pública,31,31,509.45962,-1.16481,401.56131,424.41042,431.49063,1.03601,55.98786,69.72926,57.00877
2022,3200023,Buenos Aires,Pública,25,25,2542.92330,-1.54426,334.26377,361.42653,369.90959,0.77143,55.26423,79.83803,58.40947
2022,3200013,CABA,Pública,32,31,450.31636,-0.36983,412.37991,443.24944,449.24909,1.00654,69.87966,68.21873,78.40733
2022,3200189,CABA,Privada,32,30,519.00000,0.68728,512.34770,511.75018,517.75030,0.60418,61.51271,62.75177,70.38247
2022,3200430,Patagonia,Privada,27,24,2596.83384,0.08315,419.74448,471.13379,455.17451,0.70945,48.68377,66.36001,70.09831
2022,3200378,Mendoza,Pública,17,17,224.55736,-1.27171,314.89120,317.47529,341.94982,0.94110,35.71206,50.52553,53.06065
2022,3200114,CABA,Pública,30,30,462.21890,0.05376,431.54995,455.05098,453.24136,0.71901,64.70416,71.94200,72.31270
2022,3200129,CABA,Pública,31,30,472.54923,-0.84666,401.62536,449.68623,432.61067,0.98590,58.08001,69.94595,62.18372
2022,3200166,CABA,Pública,24,18,452.38191,-1.26028,327.49729,354.76433,359.07775,0.93534,42.09232,58.04962,54.10021
2022,3200090,Buenos Aires,Pública,34,34,2737.50030,-0.59659,360.53687,387.20188,378.93181,1.09605,67.42617,88.56750,86.17059
2022,3200395,Patagonia,Pública,30,30,2515.20184,-1.14185,341.97827,369.15722,363.30550,0.95328,44.56980,69.51503,55.63415
2022,3200112,NOA,Pública,33,33,3102.04236,-0.96649,348.37120,386.26609,381.25496,1.03931,47.20331,68.50038,67.32275
2022,3200250,Mendoza,Pública,33,33,271.73449,-1.14715,396.81920,420.78429,426.16846,0.92202,52.94014,67.13912,61.29086
2022,3200260,Córdoba,Pública,26,26,333.41508,-1.09584,391.10609,412.84046,413.19201,1.07902,57.43472,82.17636,61.97773
2022,3200315,Mendoza,Pública,32,32,355.02059,-1.01572,355.65122,366.67186,372.81006,0.97615,49.91939,71.84333,64.79237
2022,3200301,Buenos Aires,Pública,27,26,3405.53620,-1.03969,354.12230,399.23990,385.48542,0.79853,39.48567,67.40639,58.50800
2022,3200111,CABA,Pública,23,23,525.40576,-0.49989,372.66728,393.40877,411.34458,0.90453,47.30771,52.83287,60.29331
2022,3200377,Patagonia,Pública,33,30,3636.76630,-0.62207,399.94400,419.94306,430.12430,0.99283,63.78293,69.26944,79.98513
2022,3200064,Mendoza,Pública,32,32,323.79980,-0.11577,453.58949,465.32301,477.01443,0.84367,63.91277,56.10958,76.66083
2022,3200365,CABA,Privada,31,31,488.62853,0.86103,517.32111,521.46995,530.13992,0.68475,59.26206,68.11999,65.75750
2022,3200046,Mendoza,Pública,18,18,371.08566,0.15258,439.76693,490.58202,476.07902,0.99317,61.62194,58.67596,67.55862
2022,3200423,CABA,Privada,32,32,488.91228,0.67566,567.87315,570.33470,597.35454,0.58912,61.28902,61.76497,55.43409
2022,3200305,Santa Fe,Pública,34,34,2564.63122,0.55732,488.48094,525.75981,517.04762,0.70693,56.27922,59.68370,57.44650
2022,3200431,Patagonia,Pública,31,30,3776.01690,-0.54164,395.01234,403.06762,427.74383,0.86952,60.87921,76.19697,87.03693
2022,3200002,Córdoba,Privada,32,32,697.27678,0.85585,488.99254,535.05398,529.79312,0.43145,49.02679,64.38497,56.05235
2022,3200068,NOA,Privada,33,33,3151.72005,0.13144,405.44394,450.59797,440.07570,0.74097,45.40560,67.49673,77.27530
2022,3200413,Buenos Aires,Privada,31,31,2802.07790,-1.03085,380.91855,442.88055,428.90490,0.90201,65.69030,86.70678,70.91431
2022,3200313,Córdoba,Privada,24,24,947.16675,-0.79404,393.03635,407.75137,415.94615,1.02024,73.94596,81.89968,79.71199
2022,3200007,NEA,Pública,26,21,1318.89077,-1.29294,329.36420,357.68639,361.11517,0.88849,46.60794,64.64554,61.07423
2022,3200081,Córdoba,Pública,32,29,662.67932,-1.24037,366.44715,369.54813,379.64441,0.74343,47.53510,61.87021,58.03717
2022,3200196,Mendoza,Privada,34,34,371.41704,-0.38815,413.14410,441.02225,433.43887,0.92799,46.78675,58.09766,63.70733
2022,3200422,Mendoza,Pública,26,25,297.20734,-1.46801,336.23978,355.30390,354.48621,0.73194,46.24859,67.33679,65.10924
2022,3200083,Santa Fe,Pública,32,32,3554.30260,-1.25944,364.85648,384.39712,388.08630,0.83707,60.19733,87.98528,70.14245
2022,3200224,CABA,Pública,32,32,383.12893,0.50680,456.80923,481.61149,481.98178,0.60353,48.90419,73.20680,55.70053
2022,3200298,Mendoza,Pública,25,22,357.52948,-1.59781,330.75864,321.63313,341.71447,0.81028,26.66638,40.03537,39.86261
2022,3200334,NEA,Pública,30,30,3073.30833,-1.04160,368.91414,382.07016,396.43963,1.48535,45.42969,64.32583,50.95587
2022,3200124,CABA,Privada,30,27,397.76778,-1.76446,322.05505,348.41643,352.36469,0.85065,46.09906,68.64211,62.29157
2022,3200333,Buenos Aires,Pública,33,33,1830.02544,-0.99203,397.05980,421.19294,434.21222,0.91429,58.71097,66.30294,67.92562
2022,3200055,NOA,Pública,33,33,3662.72250,-1.21815,324.23048,345.73420,347.92873,1.31179,53.42048,60.58113,52.28548
2022,3200254,Buenos Aires,Pública,30,30,1645.72387,-1.22829,359.36595,405.00922,396.35554,0.81748,43.88498,61.34763,52.78694
2022,3200433,NOA,Pública,29,29,2357.84035,-1.24193,332.50270,339.81728,365.92751,1.52355,56.81615,88.14562,72.73505
2022,3200123,Córdoba,Privada,32,32,722.43916,-0.16945,430.04703,468.20164,461.86377,0.81135,52.99343,62.61380,53.58483
2022,3200371,Buenos Aires,Pública,21,21,2611.08630,-1.43638,305.58676,327.41891,330.65946,0.80859,29.92081,50.30335,37.03532
2022,3200194,Mendoza,Pública,34,34,378.65174,-0.33646,429.58805,447.90593,451.70161,1.04512,49.49736,64.35622,60.34032
2022,3200335,NOA,Privada,33,31,2602.90518,-1.13292,378.92073,426.11470,413.71442,0.92301,40.65524,69.64496,59.38573
2022,3200118,CABA,Privada,35,34,420.77061,0.10406,423.54126,464.90027,458.17360,0.95828,60.91508,74.54186,73.49316
2022,3200258,Córdoba,Pública,28,28,696.03654,-1.46571,340.56638,355.81740,368.32820,0.91945,52.36412,63.47604,69.97111
2022,3200015,Mendoza,Pública,21,0,334.79379,,351.59641,374.54031,373.37343,,34.93390,41.86145,40.14146
2022,3200455,CABA,Pública,33,33,521.35745,0.01552,447.73371,489.56436,480.14813,0.81517,56.63113,65.22349,66.51519
2022,3200169,Santa Fe,Pública,12,12,964.91110,-1.21121,415.85358,458.44669,436.33674,1.21035,93.13982,98.17920,92.97962
2022,3200251,Córdoba,Pública,29,29,663.40501,-1.15036,371.06701,399.51818,396.97362,0.93627,56.75751,69.18590,61.65803
2022,3200316,Mendoza,Pública,32,32,326.34032,0.00249,480.65496,536.02143,528.41771,1.03285,56.85716,59.65808,74.24976
2022,3200039,Mendoza,Privada,30,30,340.30476,0.23787,368.00673,378.07674,402.85981,0.72800,46.69583,70.46399,56.39650
2022,3200320,Mendoza,Pública,23,22,249.08221,-1.29142,357.00417,367.21987,362.66070,1.28006,59.00516,54.10953,60.68421
2022,3200289,Córdoba,Pública,20,20,482.49986,-0.52580,411.29598,450.07457,435.78823,0.93942,50.26553,64.01833,76.04469
2022,3200265,Buenos Aires,Pública,26,26,2625.26875,-0.83348,414.50883,448.79111,448.40465,0.83927,46.19930,48.86488,57.84096
2022,3200387,Córdoba,Pública,30,29,447.85125,-1.17699,349.75148,367.17714,371.30309,0.89273,49.79510,61.01269,66.59473
2022,3200309,Buenos Aires,Pública,27,27,2234.20049,-0.42906,342.61121,376.13892,384.52359,0.97374,56.81627,67.18603,67.94938
2022,3200121,NEA,Pública,33,33,3046.47996,-0.90525,344.03146,360.10133,364.74509,1.12431,35.45237,52.50184,41.70091
2022,3200233,NEA,Pública,30,30,1861.79757,-0.90606,372.11533,396.62864,407.93145,0.77639,51.30674,86.61890,63.46198
2022,3200214,CABA,Privada,30,29,472.31562,-0.41011,408.59773,441.71374,440.22884,0.92549,41.94372,62.93770,50.95037
2022,3200205,Santa Fe,Privada,31,31,5600.97300,-0.48956,436.41342,457.95939,470.95722,0.84069,71.62230,74.54946,72.27798
2022,3200210,Cuyo,Privada,33,33,2050.02707,0.05931,394.74007,420.57902,429.92732,0.74132,50.16245,78.10635,70.07139
2022,3200384,NOA,Pública,24,22,1917.09412,-0.88159,345.53481,371.77945,368.66771,0.78798,37.53746,62.18845,60.42843
2022,3200215,Córdoba,Privada,25,25,491.28747,-0.81808,385.42958,420.88284,419.34606,1.03930,57.48838,66.89142,62.90002
2022,3200358,Mendoza,Pública,32,32,346.18628,-1.12808,384.31674,402.97998,413.01399,1.16245,51.29184,59.01840,62.02917
2022,3200052,Córdoba,Pública,32,32,509.02226,-1.14603,390.34500,400.31552,409.04113,0.74479,49.70523,71.18090,63.14311
2022,3200368,NEA,Pública,32,32,7831.15720,-1.95067,314.58782,331.51190,353.09455,0.96791,36.81521,53.98492,47.40918
2022,3200419,Córdoba,Pública,29,29,632.19765,-1.01892,397.31903,396.86674,422.46537,0.97951,58.47314,74.91146,64.21082
2022,3200443,Mendoza,Pública,23,23,431.53731,-1.82343,390.61599,416.72653,418.92330,0.99476,56.15873,74.08412,58.80979
2022,3200403,CABA,Privada,30,30,355.44462,0.01384,387.37139,421.87975,424.10852,0.75448,58.37377,75.92318,69.18100
2022,3200273,Córdoba,Privada,30,30,569.47265,-0.08090,441.60359,471.95044,474.23783,0.77017,53.58206,52.91243,71.06226
2022,3200236,CABA,Pública,31,16,382.03030,-0.68875,436.19630,442.27254,447.53518,0.97480,47.00346,54.50994,57.20049
2022,3200299,Buenos Aires,Privada,29,27,2521.20877,0.64548,473.82712,500.08720,501.90934,0.69630,59.06483,67.55541,61.29945
2022,3200185,Patagonia,Pública,25,25,2192.20475,-0.92252,378.31476,422.04898,410.25502,0.93391,39.63203,72.73270,57.23542
2022,3200235,Buenos Aires,Pública,24,21,2475.31349,-1.15200,344.44540,364.33514,374.73124,0.88206,52.58300,67.60921,77.21643
2022,3200351,Córdoba,Pública,25,24,595.38966,-1.84325,294.02654,296.35174,304.47754,1.00403,33.02293,39.63348,37.04995
2022,3200113,Mendoza,Pública,32,32,209.54915,-1.95978,333.52258,324.55425,350.35962,0.72137,36.68026,47.20060,43.31051
2022,3200036,Córdoba,Privada,33,32,619.04865,0.95307,462.54500,507.27220,494.19054,0.57131,53.16289,59.03292,58.37719
2022,3200246,Buenos Aires,Privada,27,27,2723.98300,-0.73989,378.17885,381.73207,404.63543,1.00769,57.67920,74.73582,73.24494
2022,3200173,Buenos Aires,Pública,31,29,2454.46452,-0.90027,398.04110,415.53941,419.83994,1.02341,54.05308,74.02337,59.33989
2022,3200420,Buenos Aires,Pública,24,24,2521.82292,-1.50727,370.18015,373.80804,391.42422,0.97231,48.87166,73.14921,66.03066
2022,3200405,CABA,Pública,30,17,477.54114,-0.64462,433.54140,441.05441,455.77928,0.86469,58.40813,67.99814,66.87206
2022,3200278,Buenos Aires,Pública,33,33,3203.77048,-1.19404,332.71455,356.63874,356.65508,1.19558,53.87653,75.90559,66.39402
2022,3200108,Mendoza,Pública,32,32,378.15155,-0.78791,409.34359,447.67410,446.52345,0.90321,50.12825,61.71965,61.13566
2022,3200340,CABA,Pública,28,28,340.71555,-0.88724,388.62427,416.23859,419.62364,0.92740,44.52347,44.55503,44.25708
2022,3200434,Córdoba,Pública,29,29,499.29208,-0.86872,414.18077,437.13254,437.92891,1.05029,49.68223,69.18342,50.65973
2022,3200439,Mendoza,Pública,22,22,222.40106,-0.97113,409.66333,447.60600,449.91540,0.97912,49.91377,75.98871,60.43555
2022,3200078,Mendoza,Pública,32,32,325.59726,-1.16960,370.32761,394.54146,396.22808,0.96159,42.93031,62.16906,62.04620
2022,3200219,Mendoza,Pública,32,32,456.18625,-1.54816,308.46196,318.99622,331.54008,1.13665,47.83643,66.95350,55.43663
2022,3200357,Buenos Aires,Pública,30,29,2396.44874,-0.79244,406.02947,427.53843,439.00140,1.04376,66.56544,72.14596,82.69975
2022,3200391,Córdoba,Privada,31,31,748.27765,0.52890,464.61038,495.39310,489.78628,0.65364,46.28175,54.99749,50.46445
2022,3200077,NOA,Pública,26,26,2082.36532,-1.09523,332.06924,347.63552,360.74625,0.68780,56.42380,68.55913,70.62665
2022,3200277,Santa Fe,Pública,33,32,1028.21561,-0.88634,325.83651,349.03581,348.89991,0.97646,40.67276,50.87179,50.53855
2022,3200287,Santa Fe,Privada,31,31,3112.22227,0.41161,411.05629,438.90544,433.79168,0.68424,64.24026,78.24386,73.26724
2022,3200240,CABA,Privada,32,30,415.47026,0.20274,458.46879,482.74934,482.60015,0.71278,67.31649,69.24257,66.68711
2022,3200297,CABA,Privada,33,33,502.96099,0.10252,408.81399,434.04791,445.71324,0.73621,54.81391,63.80934,68.17134
2022,3200175,Mendoza,Pública,28,28,428.86550,-1.82509,343.20549,370.56296,364.96253,0.84068,39.98289,59.76049,53.38249
2022,3200043,Patagonia,Pública,28,28,2571.38829,-0.76353,384.84628,396.14419,408.12777,0.78347,53.20806,67.00628,62.63815
2022,3200394,Córdoba,Privada,34,34,743.94926,-0.14211,468.13928,497.44970,504.70253,0.77753,62.95297,69.95401,66.62791
2022,3200402,Buenos Aires,Privada,34,34,2517.04710,-0.95545,372.55884,394.37979,415.42531,0.99585,52.52309,64.51122,60.56588
2022,3200088,Buenos Aires,Pública,32,32,4006.33220,-1.25200,350.64006,380.19515,381.99466,0.67206,40.40323,67.59374,64.37379
2022,3200010,Buenos Aires,Pública,30,30,2846.92441,-0.96348,410.75317,420.47052,453.12094,0.82858,70.18395,79.31101,80.56502
2022,3200268,CABA,Pública,29,28,402.72104,-1.20905,347.21935,362.37386,370.03177,1.01023,46.60829,70.28306,62.84602
2022,3200053,Mendoza,Pública,34,31,411.47263,-1.46148,366.11801,380.63245,395.45733,1.12100,51.60755,73.41510,52.03715
2022,3200008,NEA,Pública,11,10,1141.09142,-1.47030,331.29813,316.41542,351.36573,0.95486,21.38463,41.82408,39.79239
2022,3200418,Buenos Aires,Privada,14,2,1318.72083,-1.56505,354.69855,384.34312,370.97718,0.05112,31.87510,40.80335,43.70746
2022,3200417,Mendoza,Privada,33,33,351.74183,-0.90081,406.16040,428.62251,442.62167,0.98262,58.60137,63.19400,77.81941
2022,3200448,Mendoza,Pública,29,29,282.94661,-1.55669,344.40211,352.50471,368.94930,1.06703,54.37821,56.03796,52.70636
2022,3200461,Mendoza,Pública,28,28,445.04238,-2.19971,345.70402,368.21206,377.68146,0.90292,37.77937,59.22347,55.30720
2022,3200117,Cuyo,Pública,32,32,2720.11111,-0.97459,391.58361,391.79780,417.06426,0.82154,45.70297,53.21151,54.23012
2022,3200204,NOA,Pública,31,31,2413.16450,-1.55948,338.42031,349.23490,370.62180,1.33931,56.18813,68.86402,61.40145
2022,3200076,Buenos Aires,Privada,35,35,2585.07515,-0.06155,401.89682,449.02077,443.88387,0.88429,56.74272,69.99496,59.46378
2022,3200183,Patagonia,Pública,34,34,2162.37253,-1.13773,371.87959,417.50073,407.83623,0.96621,56.10460,86.28726,66.20311
2022,3200386,NEA,Pública,26,26,2276.47075,-1.18541,326.41542,346.16838,354.78572,1.05899,50.47773,61.15267,52.86045
2022,3200119,Mendoza,Pública,24,24,383.16484,-1.75018,297.61654,306.17102,317.85859,0.90008,46.20996,56.38948,50.36432
2022,3200211,Buenos Aires,Privada,23,23,2294.19209,0.17804,402.53372,445.98513,441.75804,0.88678,59.86294,80.25502,77.23711
2022,3200106,Mendoza,Pública,31,29,390.53269,-0.91823,386.99353,396.64778,415.96069,0.89026,52.03603,62.48732,64.79168
2022,3200181,Cuyo,Pública,33,33,2096.29885,-1.29150,388.36930,388.17938,421.02574,1.07192,61.59915,79.01365,72.69162
2022,3200429,Mendoza,Pública,33,33,446.16534,-1.10300,382.39468,396.02022,404.69487,0.99727,53.90670,62.74242,65.68289
2022,3200286,NEA,Pública,30,29,2941.58647,-0.52987,356.74637,359.45946,368.77590,1.32528,51.78975,63.93387,61.44342
2022,3200022,NEA,Privada,32,32,2459.48720,-1.53479,340.64057,337.99335,364.49842,1.23268,49.52461,80.55678,60.42878
2022,3200247,Córdoba,Privada,29,29,636.98094,-0.71304,381.40372,398.12355,399.71796,0.67489,48.19673,63.46727,53.15936
2022,3200438,Córdoba,Privada,32,31,829.86646,-0.47805,399.00030,432.06509,434.96793,1.02805,52.69707,70.58603,60.12707
2022,3200115,Buenos Aires,Pública,27,24,2090.00178,-0.78099,408.13640,439.43912,434.89526,1.16249,68.95152,64.96740,76.04733
2022,3200005,Buenos Aires,Privada,34,0,3247.38858,,377.57869,404.21887,401.00775,,45.19550,49.57977,46.94344
2022,3200035,CABA,Pública,23,23,366.27376,-0.89130,424.69631,460.19497,468.55013,0.85953,58.89271,78.42544,72.98804
2022,3200308,Buenos Aires,Pública,29,29,1973.89716,-0.74622,374.07326,408.36508,393.44506,0.93360,50.19229,62.48345,57.09295
2022,3200075,CABA,Pública,33,33,433.40224,-0.78628,380.75760,413.40755,400.36769,0.81751,53.42625,68.26428,62.88499
2022,3200003,Buenos Aires,Privada,29,29,3915.83340,-0.10714,422.10890,470.69412,469.25564,0.88772,55.26101,89.60750,72.62402
2022,3200063,Mendoza,Pública,27,27,381.04165,-1.12143,316.58377,318.36625,332.47200,1.11778,41.94692,47.37438,44.33440
2022,3200179,Mendoza,Pública,28,28,297.08469,-0.43118,423.51510,467.22985,442.39928,0.99441,60.44229,74.68756,67.73708
2022,3200428,CABA,Pública,24,23,418.44234,0.19398,519.91893,547.12941,559.50809,0.87530,51.01632,56.62763,52.25479
2022,3200374,CABA,Pública,24,18,416.05816,0.20268,432.46854,474.91851,464.19090,0.97730,67.18534,82.98275,72.16024
2022,3200006,Buenos Aires,Pública,23,22,1795.82906,-1.66306,295.28253,292.42706,305.49778,0.73599,39.48335,55.91016,49.53335
2022,3200379,CABA,Privada,32,30,507.71073,-0.39041,426.90711,459.23612,456.94047,1.20045,74.40040,78.56125,79.41750
2022,3200201,Córdoba,Pública,32,32,675.41656,-0.96853,373.90711,386.09795,398.63931,0.84297,52.71869,60.51658,61.06978
2022,3200082,Buenos Aires,Privada,34,34,2487.18534,-0.48367,364.08449,385.35161,393.69506,0.95998,56.83780,76.52064,73.59352
2022,3200133,CABA,Privada,31,31,495.84946,0.10752,450.96837,489.25909,480.51339,0.80567,51.81162,63.88156,65.98493
2022,3200272,Mendoza,Pública,26,25,321.02167,-1.15899,363.41020,374.94701,390.92922,0.94389,46.30915,77.09108,63.37233
2022,3200178,Córdoba,Pública,28,28,568.92962,-0.06038,508.30130,551.89547,535.85724,0.96884,51.26770,46.23949,47.59204
2022,3200144,Buenos Aires,Privada,31,31,3144.91330,0.45653,421.15246,441.89787,438.42579,0.75081,63.90300,88.05366,92.18690
2022,3200376,CABA,Pública,19,19,284.58315,-1.11725,384.68575,417.01938,412.74624,1.04661,51.59783,68.99212,67.30256
2022,3200152,CABA,Privada,30,30,303.92068,-0.49422,420.94205,470.57250,458.34223,0.93659,54.56040,67.81389,64.09216
2022,3200153,Cuyo,Pública,31,31,2938.98156,-1.64320,360.57882,355.38953,391.15994,0.84568,58.77300,80.75682,72.03332
2022,3200414,Buenos Aires,Pública,21,18,2445.60742,-1.47669,353.31080,364.39102,394.82657,1.00175,55.83149,58.41479,73.32130
2022,3200218,Santa Fe,Privada,34,34,3288.31272,0.38569,396.07985,397.10084,421.50368,0.73316,61.87070,70.90227,68.86175
2022,3200014,NEA,Pública,32,32,2659.99665,-1.05856,371.59235,388.20455,401.04108,1.28114,67.68379,91.98931,78.84508
2022,3200363,CABA,Privada,32,31,429.29035,0.88060,512.69721,523.58318,531.84732,0.48411,60.82660,67.00899,60.20612
2022,3200086,CABA,Pública,24,24,177.49114,-1.31296,327.85245,343.82396,345.00457,1.06313,39.59200,69.48462,58.07283
2022,3200326,Mendoza,Pública,30,30,253.60674,-0.79498,343.13458,384.42293,368.86756,1.19956,46.79776,71.83367,63.03929
2022,3200354,CABA,Pública,29,29,408.97134,0.83843,515.95329,568.61025,555.70873,0.58187,58.51469,62.53859,64.43549
2022,3200164,Córdoba,Pública,29,29,551.19031,-1.33956,323.99466,330.98837,332.51246,1.02285,42.86212,54.38176,52.18696
2022,3200146,Mendoza,Pública,32,32,329.61095,-0.56741,409.92580,441.49768,440.27759,0.99599,51.87444,72.83321,54.98177
2022,3200290,Córdoba,Pública,14,14,308.08147,-0.91846,367.48329,370.81235,388.46229,1.13128,51.14516,61.51626,62.62365
2022,3200325,Buenos Aires,Pública,25,24,1857.07412,-1.20346,322.31288,365.26993,363.41149,0.74692,62.86138,78.03777,74.92463
2022,3200188,NEA,Privada,17,17,3316.21450,-0.57283,383.89353,392.85314,431.29863,0.88764,76.52354,75.57336,79.62625
2022,3200280,CABA,Privada,23,22,382.57091,0.73517,400.56700,411.00853,405.80914,0.74748,59.10578,89.35938,70.75715
2022,3200396,Córdoba,Privada,31,31,684.50912,0.13245,422.34649,477.14993,466.61119,0.65650,56.04777,50.89008,67.88123
2022,3200122,Mendoza,Pública,30,30,392.91030,-0.90817,391.92980,420.65278,428.46325,1.03691,55.40448,62.97078,54.71680
2022,3200350,Cuyo,Pública,30,30,2535.44450,-0.93162,349.30570,360.50653,376.89507,0.96457,49.85389,60.38517,63.79444
2022,3200237,Buenos Aires,Privada,29,29,2446.75332,-0.59092,400.77360,451.77059,435.43975,0.85255,55.07455,80.12935,63.33010
2022,3200062,Córdoba,Privada,29,29,561.82766,0.18892,430.38102,447.69958,454.07433,0.75043,53.81016,67.19962,58.37803
2022,3200352,Mendoza,Pública,28,28,362.68126,-1.32977,324.78181,336.59003,346.03453,0.79841,31.86839,47.71659,44.21854
2022,3200338,CABA,Privada,32,32,500.14306,0.10997,441.26452,479.36935,474.18601,0.77127,52.17884,57.89800,61.77350
2022,3200266,Córdoba,Privada,16,16,1010.12922,0.07144,401.77306,458.36467,442.06647,0.74722,50.25246,55.56749,61.58407
2022,3200034,CABA,Privada,33,33,563.83628,-0.79401,371.78949,401.20172,399.73564,0.76076,52.80580,73.27242,69.75345
2022,3200155,Córdoba,Pública,32,32,387.31768,0.66597,474.50589,508.83413,512.16890,0.43220,55.59987,65.07732,59.06258
2022,3200021,Córdoba,Pública,30,30,739.39389,-1.01933,374.55100,415.69614,393.70399,0.66474,47.89201,71.54074,51.88624
2022,3200296,CABA,Privada,30,29,253.79399,-0.55208,346.39790,359.62389,367.25388,0.87716,39.79931,66.59447,52.25940
2022,3200364,Mendoza,Privada,30,30,329.91044,0.96160,489.66719,535.42185,523.51181,0.52707,55.90549,59.29069,73.86708
2022,3200150,Buenos Aires,Pública,27,27,3063.83696,-1.45008,349.55321,353.41289,374.98988,0.89026,52.32891,96.02620,59.25575
2022,3200415,CABA,Pública,28,27,401.68126,0.06151,452.48202,493.06524,490.46910,0.86206,57.89269,65.77097,67.45777
2022,3200151,Mendoza,Pública,27,27,260.08714,-1.72919,330.99407,337.06400,356.34666,0.85836,39.82644,50.87692,45.72984
2022,3200241,CABA,Privada,33,33,643.06239,0.98233,545.05112,569.54205,573.85537,0.45310,34.83407,44.65036,48.10394
2022,3200459,Córdoba,Pública,33,32,686.65515,-0.49598,375.63860,402.52175,401.88511,0.84850,48.46523,62.78212,59.68587
2022,3200322,NOA,Pública,30,30,2707.52772,0.01304,442.44164,476.91002,476.80514,0.74181,64.70188,75.46170,71.16783
2022,3200193,Mendoza,Privada,33,33,411.94281,-0.65044,366.24757,392.42765,394.21103,1.18323,49.54721,64.09303,60.74072
2022,3200096,Mendoza,Pública,35,35,380.53700,-1.03065,406.35035,452.20591,443.03844,0.88408,44.69011,82.49055,63.23515
2022,3200212,Buenos Aires,Privada,34,34,3106.17880,0.09431,433.55787,466.81348,475.73852,0.65427,63.67499,87.92960,77.82746
2022,3200089,Buenos Aires,Pública,29,23,2922.72914,-0.79706,365.11981,396.53878,390.78245,1.00370,44.16084,51.73538,48.39608
2022,3200012,Buenos Aires,Privada,33,33,2737.70067,-0.19273,397.03899,430.66886,428.44272,0.84487,73.24043,82.72810,80.85600
2022,3200348,NOA,Pública,29,29,2667.26208,-0.85600,351.22727,383.80462,387.33863,0.68800,46.83221,61.21851,51.69388
2022,3200199,Mendoza,Privada,34,34,335.76485,0.58206,467.59789,497.39210,495.98715,0.60179,50.94065,64.52726,61.48553
2022,3200138,CABA,Pública,25,16,395.55116,-0.91583,363.49617,383.48927,383.22300,0.94544,33.62477,48.56281,40.81310
2022,3200110,NEA,Pública,16,16,1129.49930,-1.97510,283.45299,280.42708,300.18284,0.95229,27.36025,42.33076,31.13001
2022,3200099,Córdoba,Pública,30,30,732.00159,-1.51331,356.10753,390.22929,379.69769,0.97386,50.60904,76.32953,72.25129
2022,3200427,NOA,Pública,17,17,3425.61770,-2.32244,317.08398,320.65044,329.66783,1.43573,41.38220,65.34021,64.33097
2022,3200450,NEA,Pública,9,9,826.62102,-1.25569,360.38954,358.77544,400.85789,0.94182,45.88389,44.72307,65.47639
2022,3200202,Buenos Aires,Privada,33,33,3766.37540,-0.83710,390.62314,404.97568,426.52720,0.93416,52.44175,70.91910,66.47039
2022,3200262,NOA,Pública,27,27,2077.85299,-1.59651,321.28194,322.82612,345.23866,0.87057,56.66488,77.22011,73.28492
2022,3200225,Patagonia,Privada,33,33,2216.70458,-0.84895,371.27255,392.89653,402.78478,0.88537,53.47492,70.61942,69.02333
2022,3200303,NOA,Pública,33,33,2511.48990,-1.43659,332.93045,354.33676,366.76005,0.92888,43.21981,61.26246,56.24261
2022,3200203,Córdoba,Privada,23,23,472.16021,-0.28566,405.96549,438.26812,432.46904,0.72644,52.83016,73.03873,70.57561
2022,3200252,NEA,Pública,32,31,1438.37998,-1.23222,332.67887,349.29392,370.97189,1.15073,43.23596,71.56421,65.12911
2022,3200362,Mendoza,Pública,19,19,241.12317,-1.76504,290.99024,312.22019,316.43975,1.26767,37.78225,47.67426,48.55399
2022,3200167,NEA,Pública,24,24,2238.74909,-0.88834,344.44724,384.41140,378.16117,1.43235,47.96194,68.08187,67.94401
2022,3200024,Buenos Aires,Privada,34,32,2990.83703,0.55823,454.94110,502.57490,488.13202,0.65250,56.98764,60.02447,62.03271
2022,3200267,Córdoba,Pública,29,29,390.29886,-0.47501,406.86665,416.75029,431.24567,0.90645,53.98119,69.38176,60.33362
2022,3200174,Córdoba,Pública,26,26,688.05787,-1.11356,354.42249,361.95626,375.65909,0.78282,43.52735,54.58575,55.73087
2022,3200080,CABA,Privada,27,27,459.08826,0.00732,465.86003,507.60787,484.67987,0.81830,47.33756,68.14832,62.78801
2022,3200406,NOA,Pública,21,21,1927.39460,-1.42112,326.63123,350.03486,358.98528,0.92994,37.10582,59.98544,51.49319
2022,3200105,CABA,Pública,22,21,223.00956,-0.61522,355.28960,383.14839,383.00017,0.90895,63.10879,89.09738,73.58139
2022,3200407,CABA,Privada,25,24,417.95952,1.12702,477.32335,483.98108,493.13425,0.61034,72.88764,84.58933,86.12631
2022,3200361,CABA,Pública,16,15,393.79177,-1.37065,340.49955,358.23464,366.21387,0.76227,33.86615,59.55780,52.63749
2022,3200452,CABA,Privada,34,34,458.18106,0.17325,442.29965,470.20191,459.65189,0.77290,57.90344,77.08776,61.84481
2022,3200370,Buenos Aires,Pública,16,0,1680.84504,,338.33281,362.17518,360.20467,,28.98293,49.10262,32.15021
2022,3200353,Buenos Aires,Privada,21,21,3036.66670,-0.75312,392.14959,418.73576,417.82536,0.66634,64.72273,103.40855,82.50633
2022,3200382,CABA,Privada,23,23,370.98946,-0.11143,423.24275,458.83019,453.92244,0.88997,56.50283,72.92359,66.17515
2022,3200392,Buenos Aires,Pública,23,23,2631.51450,-1.36918,381.14456,407.16760,399.78800,0.54930,65.69947,76.48322,76.53898
2022,3200159,Santa Fe,Pública,33,33,3939.91180,-0.67351,373.89369,374.87267,403.51206,1.01823,81.06701,80.77036,84.19805
2022,3200079,Córdoba,Pública,27,27,545.64688,-1.17545,330.58238,341.07268,364.75411,0.86938,44.90154,52.65377,66.17407
2022,3200084,NEA,Pública,2,2,800.73120,-2.81630,370.62660,325.92240,425.33475,0.12516,46.12415,30.76381,62.99904
2022,3200269,Cuyo,Pública,23,23,2049.95382,-0.51134,410.58413,430.71058,424.12359,0.78287,53.09735,48.16695,56.85849
2022,3200356,Mendoza,Privada,19,19,292.33320,0.64040,429.49403,471.78122,470.46832,0.57846,60.57583,75.56798,62.97526
2022,3200180,NOA,Pública,14,13,617.96799,-1.09887,356.87042,375.49822,364.96230,1.22362,32.61225,47.71075,56.45575
2022,3200416,Mendoza,Privada,32,32,362.75322,0.59663,464.52770,514.84771,498.52919,0.52859,65.53144,76.58143,70.90535
2022,3200042,NOA,Privada,35,35,2269.71325,-0.37426,384.38484,404.36329,402.59514,0.78597,43.38594,65.46328,69.97176
2022,3200149,CABA,Privada,29,28,622.46025,0.38035,434.27919,471.09994,466.31008,0.81231,73.97381,87.93626,79.64395
2022,3200031,NOA,Privada,11,11,839.00321,1.02598,463.42628,532.03670,508.77597,0.45790,78.59431,97.64112,93.15529
2022,3200177,CABA,Privada,30,29,472.44800,-0.56269,399.53987,437.33796,447.07606,0.85050,49.13272,56.52791,59.94300
2022,3200028,Córdoba,Pública,29,29,744.04708,-0.21734,424.22611,452.08131,456.46689,0.75629,54.66869,63.76910,65.91923
2022,3200244,Córdoba,Privada,32,31,634.47560,0.02227,463.62488,489.69904,497.14750,0.77910,60.22827,82.22679,71.54175
2022,3200436,Buenos Aires,Pública,32,31,3467.99960,-0.47217,402.29455,400.07327,419.92916,0.89442,56.41919,80.85922,81.15583
2022,3200456,Córdoba,Privada,35,35,671.27865,0.52753,459.30901,501.87239,501.69933,0.70492,53.16393,65.91756,55.21950
2022,3200398,Mendoza,Pública,29,29,454.74891,-1.65591,377.73206,406.46415,403.36516,1.05459,48.30534,68.63405,58.36016
2022,3200344,Buenos Aires,Privada,34,34,2311.24887,-0.56261,386.78463,438.16035,426.14777,0.94191,44.89949,56.36492,51.92832
2022,3200440,CABA,Privada,29,24,438.47952,-0.08762,363.99147,362.40693,385.67050,1.04314,60.69870,76.51239,60.56904
2022,3200200,NOA,Pública,26,26,2027.09625,-1.68302,328.91986,339.47331,343.12770,1.32249,44.51984,54.37939,49.43436
2022,3200154,NEA,Pública,27,26,1892.61015,-1.09126,339.09265,363.51459,376.52691,0.74189,51.03761,62.36818,67.28844
2022,3200337,NEA,Pública,13,13,1325.39962,-1.12213,363.30216,408.14036,387.07407,0.90271,63.94696,80.78221,83.56374
2022,3200040,Córdoba,Privada,11,11,427.35556,-1.50902,352.15179,386.68698,376.08037,0.90193,51.95306,67.78945,80.85618
2022,3200156,Buenos Aires,Pública,21,19,1929.26972,-1.45242,331.79091,359.73718,345.03885,0.99271,56.78066,70.09657,64.68982
2022,3200302,Buenos Aires,Privada,17,17,1527.45753,0.31429,441.05627,507.01376,472.28612,0.67158,73.13594,68.23674,72.69586
2022,3200162,Buenos Aires,Pública,19,19,1959.70140,-0.69230,433.14425,465.95423,439.93609,0.89416,62.26866,81.08354,73.83290
2022,3200137,Santa Fe,Pública,30,26,3148.00312,-0.97718,352.84003,392.68131,382.81156,0.68364,62.15403,85.97504,83.46144
2022,3200135,Mendoza,Pública,32,32,295.17200,-0.15899,421.91046,445.68034,444.85718,0.93393,54.92688,73.12706,61.38448
2022,3200343,Córdoba,Privada,34,34,760.04514,0.00604,437.30991,480.09700,467.56140,0.84986,57.93609,65.88450,56.47999
2022,3200293,Buenos Aires,Privada,32,32,2838.70584,0.05776,441.98114,440.74488,464.22706,0.79489,50.80427,66.79049,76.54273
2022,3200285,Mendoza,Pública,33,33,338.01401,0.05651,448.46735,500.03856,489.90407,0.71841,41.48038,61.14005,48.76082
2022,3200198,Mendoza,Privada,32,32,374.36542,0.66413,447.88982,491.65782,478.63818,0.89086,51.36557,67.41317,62.40307
2022,3200085,Córdoba,Pública,30,30,783.69468,-0.86753,385.70206,402.08603,426.28283,0.99035,56.76776,87.27844,70.81977
2022,3200045,CABA,Privada,25,24,403.22900,0.95100,506.96305,546.45966,542.18872,0.55743,47.24430,45.31249,49.16137
2022,3200030,Córdoba,Pública,28,28,373.69965,-0.85340,361.38922,396.96148,394.34109,0.85435,51.54360,58.11388,69.21845
2022,3200245,Córdoba,Pública,29,29,701.77299,-1.05846,396.06336,439.20347,440.29936,0.62396,53.65535,72.18076,78.78599
2022,3200283,Buenos Aires,Pública,25,24,2837.54160,-1.54834,323.54363,340.76878,356.20372,0.95085,44.75696,56.91096,60.86472
2022,3200317,NEA,Pública,23,23,1925.82280,-1.22228,334.66295,344.96575,357.84347,1.21200,50.98157,61.56944,66.04175
2022,3200186,Mendoza,Pública,30,10,383.32736,-1.02800,370.97395,409.59704,404.03806,1.05064,53.30839,72.48130,64.54143
2022,3200102,Mendoza,Pública,29,29,316.63550,-1.64167,361.92599,373.30662,388.46605,0.86165,50.67190,69.83139,65.26762
2022,3200051,NOA,Pública,29,28,3094.20200,-1.42580,318.03620,331.27028,352.32887,1.15318,51.47691,66.06655,58.35943
2022,3200449,Mendoza,Pública,29,29,331.45114,-1.23164,330.98532,334.68270,351.93598,1.00302,42.36843,61.32669,46.51590
2022,3200307,NOA,Privada,31,31,2532.43289,0.02128,398.30003,435.18615,435.74959,0.74554,63.12150,68.65284,77.46568
2022,3200191,Buenos Aires,Privada,33,33,4585.89990,-0.33358,396.30846,409.51075,417.28112,0.85238,62.16519,77.10628,72.68064
2022,3200453,Mendoza,Privada,33,33,273.34977,-0.63453,407.95731,447.44088,435.93952,0.83567,38.12397,44.27887,47.10629
2022,3200421,Córdoba,Pública,30,30,655.30262,-1.28932,334.71861,321.95594,354.16601,0.85246,46.91725,62.05193,60.58623
2022,3200256,Buenos Aires,Privada,30,26,3874.19130,0.82939,464.12885,502.35545,496.86657,0.59938,58.75528,85.71012,60.53607
2022,3200057,Córdoba,Privada,34,34,522.46287,-0.32753,442.60037,490.31360,470.65872,1.13669,62.99827,77.35955,66.53823
2022,3200220,Buenos Aires,Pública,27,0,2810.87840,,393.72274,420.29116,415.47402,,22.67468,35.91920,27.21905
2022,3200032,CABA,Privada,32,32,396.05704,0.01691,429.81914,452.80376,464.25794,0.80890,65.30272,78.32597,73.70025
2022,3200412,Mendoza,Pública,23,23,326.74712,-1.37386,337.75474,345.69265,357.96396,0.82824,62.63091,63.03290,67.71816
2022,3200182,Córdoba,Privada,35,35,689.29812,-0.09779,415.97449,463.17104,448.36520,0.80380,54.83843,61.59193,60.69064
2022,3200016,CABA,Pública,30,30,267.68637,-0.92902,360.25830,384.20606,384.79454,0.87901,65.61414,78.86231,72.08873
2022,3200139,Mendoza,Pública,33,32,346.92118,-0.28617,472.56324,522.86767,508.74967,1.03173,38.42236,56.73683,49.02509
2022,3200306,Buenos Aires,Pública,8,8,789.47690,-1.24412,342.12606,368.11338,384.20303,1.08324,69.01624,90.47183,81.20027
2022,3200060,CABA,Pública,29,29,606.55384,-0.86127,431.38273,459.68152,464.65878,0.95803,52.67822,62.90291,60.27968
2022,3200282,Córdoba,Pública,29,29,691.36759,-1.38273,346.59507,356.31256,368.34453,1.10002,44.52084,71.78624,54.35401
2022,3200432,NEA,Pública,26,26,1831.18045,-1.15891,347.81604,386.71615,377.63907,1.20201,51.76105,80.15036,67.59242
2022,3200107,Mendoza,Pública,26,26,289.71754,-1.61765,303.07781,321.97623,324.09049,0.78940,42.18722,52.65661,40.01356
2022,3200230,Córdoba,Pública,29,27,538.28171,-1.39488,293.86661,314.85785,318.09530,1.00840,35.93136,50.04001,40.73445
2022,3200213,Cuyo,Privada,29,29,1896.70227,0.05430,392.06808,401.60631,427.15386,0.70446,50.57077,72.12930,64.19200
2022,3200332,Córdoba,Pública,25,25,642.29843,-1.16072,333.96739,349.77422,360.22363,0.89738,48.63087,70.11259,66.64757
2022,3200170,CABA,Privada,30,30,406.81047,0.45811,416.69590,458.67190,448.43294,0.74038,59.47964,74.95762,54.02974
2022,3200355,CABA,Privada,23,22,235.05556,0.33368,401.33597,403.36185,426.15079,0.71398,61.04145,74.84651,60.52355
2022,3200017,NEA,Pública,34,34,2353.74251,-0.80060,414.73199,401.52799,427.61949,0.92045,46.74168,57.31049,60.11560
2022,3200341,Buenos Aires,Privada,32,32,2950.48444,0.20270,405.68345,429.99782,422.04346,0.67050,53.91949,63.67809,60.18977
2022,3200041,Buenos Aires,Privada,34,34,3462.06090,0.11537,449.67024,482.70071,500.93123,0.90627,60.84989,79.17920,58.08856
2022,3200038,Mendoza,Pública,31,31,651.86739,-1.37261,351.21228,386.24331,383.64698,1.02111,40.55447,62.88518,43.17205
2022,3200208,NOA,Pública,30,28,3547.32030,-1.09903,343.63011,355.33421,371.67839,1.28752,38.78277,58.38104,46.62737
2022,3200300,CABA,Pública,26,24,399.45578,-1.04806,353.75223,379.31712,369.98841,1.20153,55.41249,76.18894,63.48961
2022,3200408,NOA,Pública,33,33,2741.34397,-0.32474,390.74310,417.93378,420.99812,0.95968,60.97377,78.61379,77.75219
2022,3200435,Santa Fe,Pública,30,30,2350.69003,-0.14688,438.19373,424.08558,441.15979,0.82920,68.88635,88.89909,83.63202
2022,3200253,Córdoba,Privada,31,31,689.65887,0.72805,476.84355,508.01866,513.74386,0.59941,62.63409,75.56972,68.76981
2022,3200145,NOA,Pública,30,29,3481.05880,-0.90243,418.56296,427.63830,445.66508,1.00119,62.66028,82.24565,75.39151
2022,3200243,Córdoba,Pública,16,16,379.92734,-1.68699,277.53771,256.05253,294.74539,1.00414,31.62611,48.92382,36.49307
2022,3200381,Buenos Aires,Pública,26,26,2169.82324,-0.88760,402.33567,413.12009,426.61725,0.90247,58.54332,76.26600,82.62409
2022,3200141,CABA,Pública,22,22,405.98118,-0.87244,376.14727,383.00477,404.02158,0.83586,69.47080,82.29632,78.80263
2022,3200093,NEA,Pública,28,27,1839.91182,-1.31523,329.16383,354.39617,356.10017,0.99868,53.82291,64.43313,64.84148
2022,3200067,Cuyo,Pública,33,33,2478.51438,-1.62701,346.55630,366.20605,378.77130,0.83065,36.70271,54.60776,52.16889
2022,3200397,Buenos Aires,Privada,32,32,3436.61585,0.26921,451.37437,486.78684,482.06775,0.79557,47.48837,55.62007,52.22743
2022,3200339,Córdoba,Privada,34,34,663.20806,0.30018,429.08696,440.92794,446.59909,0.78141,58.06950,58.70600,60.07163
2022,3200011,CABA,Pública,25,23,418.26212,-0.71862,382.10285,416.91242,407.10926,1.11877,52.10046,80.05982,61.16657
2022,3200048,Córdoba,Pública,31,31,678.44938,-1.26126,383.42186,398.45250,405.25863,0.76440,52.14075,59.76755,56.00417
2022,3200071,Mendoza,Privada,28,28,303.55584,0.15515,435.88419,484.50305,469.76965,0.60168,47.91568,66.03382,55.06187
2022,3200228,NOA,Pública,32,32,1723.67752,-1.67804,325.38740,349.61362,366.51460,1.16341,36.68887,59.23398,54.57699
2022,3200163,Patagonia,Pública,32,30,2152.40976,-0.83202,396.40416,411.53505,424.42365,1.03705,53.57155,76.45135,62.39627
2022,3200172,Patagonia,Pública,23,23,1591.81235,-0.71674,375.35820,396.77305,409.97361,1.30965,67.01015,100.56211,86.24382
2022,3200385,Santa Fe,Privada,33,33,3163.28213,0.27313,501.76949,521.14305,523.14497,0.84892,68.83624,73.61775,76.13604
2022,3200209,Córdoba,Pública,33,33,693.34397,-0.36404,398.07559,436.17667,423.77019,0.89012,54.92411,69.74289,65.39509
2022,3200238,Buenos Aires,Privada,9,9,926.77854,-0.07677,392.70961,422.79000,405.48770,1.30271,46.15473,74.16884,81.77274
2022,3200019,Córdoba,Privada,34,34,722.49252,0.00996,390.47130,421.57493,425.12094,0.89644,42.77908,55.37908,42.48681
2022,3200275,Buenos Aires,Pública,10,10,1885.99100,-1.59397,367.48676,338.32820,377.62205,0.91949,34.40073,50.02527,29.09117
2022,3200069,NEA,Privada,29,29,2789.55832,-0.84157,370.26166,389.08438,388.99920,0.90114,60.18947,72.32614,63.11066
2022,3200231,Santa Fe,Pública,35,34,2423.11195,-1.11499,366.39370,375.73320,391.22755,0.94708,42.80619,53.57061,59.53526
2022,3200229,Mendoza,Pública,32,19,406.89934,-2.14652,330.76413,336.84557,354.73648,1.00400,46.08303,56.76163,43.21210
2022,3200263,CABA,Privada,27,27,485.74115,-0.86785,398.21816,426.03159,427.58798,0.93248,67.31410,84.19810,75.58954
2022,3200120,Santa Fe,Pública,23,23,1419.20168,-1.33274,345.31339,364.12482,383.51408,1.06147,49.72745,50.60037,59.83687
2022,3200401,Córdoba,Pública,14,14,314.84424,-1.24648,374.07128,382.39871,393.33915,0.99741,63.16247,63.83255,79.76324
2022,3200027,Buenos Aires,Pública,26,26,3655.16670,-1.07971,356.44855,368.59054,377.81901,0.96973,64.04621,77.12396,78.75692
2022,3200126,Mendoza,Pública,29,29,421.28839,-1.18959,343.35141,363.40049,367.67197,0.97745,52.98046,79.76042,63.06050
2022,3200447,Buenos Aires,Pública,12,11,2559.86240,-0.79028,387.76767,440.01351,427.05225,0.89611,64.13779,88.45187,79.23829
2022,3200390,Córdoba,Pública,31,29,494.09240,-0.80049,371.57141,422.46475,407.86879,1.00457,41.98425,55.50085,61.12616
2022,3200457,Mendoza,Pública,22,22,264.86671,-1.64541,307.81177,332.09723,328.83707,0.90247,31.94881,42.20990,37.48203
2022,3200346,CABA,Pública,29,29,579.22891,-0.93097,408.53487,427.04925,437.99119,0.84545,43.79918,65.72432,51.58616
2022,3200460,Mendoza,Privada,33,32,407.90390,-0.49700,361.19032,380.84878,385.02082,0.97474,44.04228,61.56381,43.11949
2022,3200158,Buenos Aires,Pública,28,27,3312.52250,-0.16690,366.95306,402.06962,401.71609,0.86400,42.55106,55.84358,51.46811
2022,3200393,Buenos Aires,Pública,26,25,2463.75551,-0.80335,362.59457,392.10821,406.15378,0.81854,44.56908,55.33538,73.64138
2022,3200292,NEA,Privada,33,31,3077.83503,0.58415,431.06159,488.66638,482.77183,0.61343,56.16978,74.42267,67.68243
2022,3200409,Mendoza,Pública,28,27,385.36506,-1.03527,366.18914,393.24617,403.45247,1.04695,53.51175,70.58241,63.78038
2022,3200116,Mendoza,Pública,31,31,374.37062,-0.61769,418.14526,468.42107,457.54709,0.75358,38.27847,57.57471,45.70307
2022,3200311,NEA,Pública,26,26,1992.90397,-0.95585,352.13992,389.06374,381.08427,1.09576,55.30922,70.95067,61.18291
2022,3200109,Mendoza,Pública,33,33,455.02451,-0.80381,408.23228,419.79878,436.86479,1.05980,65.37712,78.32949,79.21826
2022,3200132,Córdoba,Pública,24,22,430.15791,-1.53790,345.05146,347.87246,359.96917,0.90820,43.94823,55.86191,46.85168
2022,3200101,Córdoba,Pública,25,25,472.07533,-1.27716,360.51369,372.99832,383.63477,1.09328,47.54952,52.30911,50.59733
2022,3200026,Buenos Aires,Pública,24,18,2853.59415,-0.67097,438.29461,446.85763,464.02368,0.93515,64.02749,93.98544,72.24176
2022,3200216,Buenos Aires,Pública,15,15,1610.04355,-1.68862,317.98400,351.64164,347.20729,0.87067,38.51178,74.99881,57.34955
2022,3200131,CABA,Privada,33,33,459.62499,-0.56211,424.40051,463.03282,454.81703,0.80670,55.75238,63.25041,65.01193
2022,3200058,NEA,Pública,16,16,1486.60991,-1.39459,349.76161,387.83320,378.68055,0.97031,49.87506,50.82717,66.52762
2022,3200295,Córdoba,Pública,24,24,519.75134,-0.58239,384.50641,405.43440,428.78839,0.74115,66.17932,66.49030,65.42405
2022,3200281,CABA,Privada,29,27,654.56393,0.05971,439.98299,467.43593,463.52730,0.92183,50.40155,66.55254,57.60327
2022,3200261,Cuyo,Pública,34,34,2107.87720,-0.59968,421.56884,431.12083,441.40132,0.85122,66.28104,74.93467,70.30851
2022,3200072,Buenos Aires,Privada,33,33,2745.68097,-0.89352,393.83140,428.15058,421.78160,0.82640,46.30054,53.95802,54.20979
2022,3200136,NEA,Pública,26,25,1011.53140,-1.40735,350.50435,384.10645,379.12133,1.09596,65.44370,83.02320,87.49556
2022,3200310,NEA,Pública,29,28,2428.65747,-1.34004,296.55809,299.50993,314.11743,1.15040,45.78462,49.98308,62.76017
2022,3200314,Buenos Aires,Pública,17,12,1610.20881,-1.63412,382.11056,434.23539,415.81187,0.91197,50.86792,66.47385,60.04783
2022,3200092,NEA,Pública,24,24,1368.75802,-1.38172,349.15056,361.20833,374.15420,0.85160,62.59002,86.06032,68.81169
2022,3200372,Mendoza,Pública,8,8,243.55776,-1.82929,316.76909,317.34385,320.82994,0.56455,28.30309,33.06316,40.63638
2022,3200074,Buenos Aires,Privada,30,30,3368.51620,0.04954,427.84788,464.44223,452.30154,0.95706,53.52667,59.83340,53.53116
2022,3200125,Córdoba,Privada,26,26,498.66414,-0.16927,412.97022,423.72867,435.70465,0.98533,51.93594,78.62627,62.89789
2022,3200037,Mendoza,Privada,34,33,363.73472,0.64863,446.39247,483.46882,476.45320,0.57825,49.07440,58.93900,52.58898
2022,3200070,NOA,Pública,28,28,2318.30344,-0.86307,299.24349,316.19884,331.08970,1.03759,47.17603,62.40134,48.65426
2022,3200347,Buenos Aires,Pública,14,14,2023.22270,-1.63143,363.75030,403.55321,410.67932,1.39974,57.54545,75.98713,72.39694
2022,3200160,CABA,Privada,30,28,367.44602,0.34840,416.64732,436.88641,440.84854,0.74257,57.09268,73.76890,63.83588
2022,3200168,CABA,Privada,29,29,406.24806,-0.91929,404.50288,437.08816,447.86196,1.01366,52.42149,67.99709,57.33107
2022,3200331,Mendoza,Pública,32,32,247.73589,-0.96296,371.99307,396.94209,402.03710,1.03001,40.92823,47.87564,51.81775
2022,3200234,Mendoza,Pública,22,22,414.84752,-1.49445,335.24869,341.92532,353.88306,1.04667,42.90490,63.55119,51.98129
2022,3200318,Mendoza,Pública,30,22,333.64469,0.04393,388.44818,402.69061,409.75052,1.16711,50.55479,62.73647,56.01182
2022,3200025,Mendoza,Privada,23,23,224.75554,-0.14627,424.53233,437.78810,447.51680,0.91313,44.34508,49.62747,47.99919
2022,3200400,NOA,Pública,22,22,2477.95558,-2.54851,291.11521,302.43650,312.79336,0.81964,51.40731,64.10653,61.86101
2022,3200367,Córdoba,Pública,23,23,317.26000,-1.25200,309.78104,322.22667,343.01331,1.16043,34.59940,56.14126,38.14894
2022,3200248,NOA,Pública,7,6,2596.83460,-2.66977,304.81383,334.54216,331.03324,0.44827,46.67492,41.39530,52.04542
2022,3200054,Córdoba,Privada,31,31,645.79163,-0.05481,442.37742,483.28766,481.25373,0.73081,47.07016,57.20903,53.48319
2022,3200044,Mendoza,Pública,30,30,297.47472,-0.87283,407.76305,438.99528,438.66909,0.92237,43.83451,55.30424,46.97167
2022,3200176,Córdoba,Pública,31,31,562.83156,-0.71070,349.05298,373.02365,382.02016,0.95857,48.30545,65.59959,65.32941
2022,3200383,Mendoza,Pública,30,30,324.76320,-0.80735,424.03297,455.77143,453.58416,0.86568,54.67986,78.81785,64.97766
2022,3200061,Buenos Aires,Pública,30,30,3569.47850,-1.14403,390.27518,414.90317,420.87596,0.66412,51.20783,68.70292,66.70871
2022,3200399,Córdoba,Privada,3,3,115.07634,-1.33207,369.41343,373.34157,395.54707,0.93641,40.79678,16.73097,31.66533
2022,3200255,Buenos Aires,Pública,20,19,2645.96260,-1.13285,342.38230,377.36748,365.98953,0.67316,55.28893,55.73050,64.56038
2022,3200226,Córdoba,Pública,26,25,583.09506,-1.20204,358.27537,370.36031,386.10946,1.01451,55.02608,65.76564,66.74822
2022,3200359,Mendoza,Privada,32,32,338.50238,0.18513,390.01485,420.21823,414.69753,0.85080,52.85656,65.55842,61.59605
2022,3200148,Mendoza,Pública,29,28,335.75973,-1.63466,337.11858,353.36825,370.14198,0.92354,46.51573,66.26007,54.85627
2022,3200100,Córdoba,Privada,28,28,441.98798,-0.15089,418.96377,452.69320,448.93852,0.81870,58.71579,71.37278,68.62702
2022,3200049,CABA,Pública,30,27,569.22863,-1.16315,375.94921,397.52716,393.88877,0.82448,49.02637,61.56111,66.44103
2022,3200001,Buenos Aires,Pública,25,24,2245.88138,-1.12664,374.71195,396.41848,406.61784,1.09263,78.23520,80.20499,89.43598
2022,3200047,Buenos Aires,Privada,26,26,2404.75820,-0.49781,443.50349,477.45880,465.88382,1.10959,57.39343,77.81537,70.46013
2022,3200227,NOA,Pública,10,10,1048.84736,-1.96451,280.89450,270.62155,312.85312,0.99510,60.60886,42.26463,48.98898
2022,3200437,Córdoba,Pública,23,23,493.35928,-1.22998,371.44469,385.65400,398.07191,0.71669,59.08584,73.24895,69.35423
2022,3200373,Buenos Aires,Pública,31,31,3375.15042,-0.35784,376.88833,388.12344,408.21747,0.97402,48.46220,56.38978,66.81916
2022,3200410,NEA,Privada,15,15,1472.71160,-1.57476,343.44512,346.89089,378.34927,1.01931,62.35215,67.53342,76.35595
2022,3200232,Córdoba,Pública,19,19,393.62084,-1.34095,305.42783,326.07995,323.15621,0.72441,41.08789,54.20441,52.29574
2022,3200451,Córdoba,Pública,27,27,529.71851,-0.36136,389.62270,406.62079,418.15572,0.86018,62.11149,74.26642,68.14645
2022,3200020,CABA,Pública,34,33,635.25016,-0.10267,427.74730,473.55700,458.89825,0.88602,61.80565,81.95734,80.48986
2022,3200349,Mendoza,Privada,35,35,332.33935,0.09131,436.58431,488.30837,469.80915,0.96535,50.00365,61.77097,56.88384
2022,3200004,Mendoza,Pública,28,28,387.17752,-1.71127,326.54533,342.51831,345.54674,0.67561,42.05276,60.50318,53.80834
2022,3200073,NEA,Pública,9,9,1880.05720,-1.51912,351.25350,366.67033,393.07816,0.73255,59.32604,78.19477,54.41350
2022,3200291,CABA,Pública,26,26,511.62991,-1.32448,365.89744,390.37303,388.89758,0.90263,55.20064,58.58207,65.13711
2022,3200217,Mendoza,Pública,33,32,381.79498,-1.10514,383.63295,420.12685,412.43185,1.09401,52.66598,67.05739,56.51640
2022,3200161,Buenos Aires,Pública,26,26,1936.01704,-1.24478,313.67238,321.04656,329.03627,0.81903,42.69698,41.59601,45.84770
2022,3200329,Buenos Aires,Pública,28,28,1190.22923,-1.39566,325.16739,335.38860,343.62691,1.04303,36.35198,59.24092,54.57634
2022,3200134,CABA,Pública,24,24,334.44944,-0.25833,422.76349,437.84710,443.46754,0.78564,60.87586,79.63457,76.01668
2022,3200128,Patagonia,Pública,32,29,3046.64499,-1.33622,385.60631,419.64913,432.99971,1.06437,47.93457,59.30383,58.53893
2022,3200319,CABA,Privada,26,26,415.27965,0.91452,462.50862,482.78947,485.75322,0.59081,46.30713,65.23980,49.50084
2022,3200056,Mendoza,Pública,28,28,279.34257,-1.93874,306.00553,316.02803,322.20793,0.91457,30.87337,56.33889,51.09068
2022,3200424,Córdoba,Pública,25,25,690.84166,-1.24546,326.38793,333.27267,337.65135,0.86741,40.70143,53.98072,45.14879
2022,3200444,Buenos Aires,Privada,33,33,2735.90372,0.04432,417.99651,454.86619,447.40049,0.76413,49.98903,62.22972,59.69451
2022,3200323,Córdoba,Privada,32,32,518.03122,-0.34242,412.96617,423.75009,433.21990,0.85461,72.60498,85.33412,77.40318
2022,3200442,Buenos Aires,Pública,24,23,2266.67936,-1.16732,283.49970,299.28534,314.04690,1.03602,40.06820,41.36494,35.94337
2022,3200104,Buenos Aires,Pública,29,29,2919.95940,-1.03882,358.58546,388.54011,384.33880,0.91016,47.33035,80.73183,70.73531
2022,3200411,Córdoba,Pública,9,9,434.08186,-1.41405,358.40811,384.90368,379.43469,0.73541,31.29897,87.82971,57.93839
2022,3200279,Buenos Aires,Pública,28,28,1990.19934,-0.66197,383.57460,422.23295,412.56605,0.76240,44.15376,52.40454,54.00711
2022,3200441,Santa Fe,Pública,34,34,2196.99894,-0.94229,383.55047,418.45796,417.16289,1.02330,54.96813,73.03552,63.93919
2022,3200366,Patagonia,Privada,16,16,1255.08560,0.21694,499.33501,536.71741,520.32759,0.90244,51.72852,58.31290,44.93208
2022,3200330,NOA,Pública,2,2,422.27040,-2.75045,266.36320,266.47600,280.59470,0.01789,10.10922,8.64608,22.18887
2022,3200239,CABA,Pública,29,26,507.63920,0.03798,428.67417,443.44545,449.66223,0.77760,46.17269,53.63166,55.07981
2022,3200375,Mendoza,Privada,32,32,297.19950,0.33165,452.11112,496.26966,483.89336,0.61681,47.28271,68.17707,61.51046
2022,3200259,Mendoza,Pública,26,25,323.34444,-1.59237,340.97725,354.28709,357.82244,1.00992,43.20196,45.17955,48.86845
2022,3200197,Mendoza,Pública,30,30,416.91939,-0.78032,397.20155,409.44160,424.06362,0.74355,49.57415,67.51707,67.32877
2022,3200103,NEA,Privada,16,16,1517.86710,-0.57784,326.55252,346.65387,361.52384,1.08392,42.10819,66.67998,60.95767
2022,3200184,Buenos Aires,Pública,14,14,1877.05540,-1.46730,310.75920,314.80628,322.32238,1.20012,40.79586,54.86308,46.97503
2022,3200321,Buenos Aires,Pública,27,27,2664.10030,-0.62353,394.91111,419.96452,435.61654,0.99960,64.64200,70.66379,64.52211
2022,3200190,Buenos Aires,Pública,19,19,2483.33550,-1.34986,311.83636,318.35293,325.73949,0.74179,47.59476,78.16773,68.51160
2022,3200380,CABA,Privada,26,26,381.16097,0.69903,450.48955,477.65853,475.87676,0.45530,52.82614,81.08639,62.32335
2022,3200446,Buenos Aires,Pública,21,20,3343.84920,-1.06294,330.34713,359.06303,355.98017,0.83829,59.50294,77.39366,66.78209
2022,3200009,CABA,Pública,33,33,341.43210,-1.19570,395.61316,421.45346,428.27015,1.18678,66.05903,83.73576,77.42042
2022,3200342,CABA,Privada,32,32,422.52398,0.08490,436.26716,444.36046,453.97445,0.89854,56.71446,70.29923,64.11079
2022,3200404,CABA,Pública,30,28,561.35663,-0.71354,426.03278,442.35155,451.17376,0.99253,41.72954,56.96573,53.83957
2022,3200336,Mendoza,Privada,24,24,263.57445,-1.36970,381.74671,400.52433,406.61839,0.85917,56.99709,72.73529,78.50202
2022,3200389,Mendoza,Pública,13,13,131.07636,-1.93752,333.86326,334.56590,349.62348,0.65272,25.02208,38.83400,23.41373
2022,3200271,Santa Fe,Pública,27,26,3144.36580,-1.51678,338.67031,359.85914,358.89816,0.74134,51.62111,72.71846,70.42624
2022,3200127,NEA,Privada,35,35,2157.89052,-0.38102,327.83230,358.86875,357.93042,1.22345,46.63013,57.85238,48.77223
2022,3200142,NOA,Pública,1,1,264.00960,-2.86580,358.27420,369.07800,294.91540,,,,
2022,3200445,Buenos Aires,Pública,25,25,4405.36740,-1.52395,311.19340,333.32671,342.16326,1.13727,54.84053,64.45608,75.54456
2022,3200249,Mendoza,Pública,30,30,418.72211,-1.48615,325.87560,355.29060,343.90122,0.84928,43.85983,58.66867,54.21842
2022,3200187,Córdoba,Pública,23,23,423.51939,-1.55038,325.07096,317.02082,347.75090,0.84429,43.60627,61.93020,58.53357
2022,3200094,Patagonia,Pública,24,24,1869.31058,-0.99195,361.10478,390.76858,383.02099,0.84890,51.45100,74.95577,66.89407
2022,3200425,Córdoba,Privada,19,19,538.06247,0.06955,419.00147,473.70176,451.34607,0.84705,55.10038,54.13988,51.40996
2022,3200018,Mendoza,Privada,32,31,339.60539,-0.18453,405.40556,453.16480,441.51704,0.69398,58.33311,67.86561,69.57548
2022,3200066,Buenos Aires,Pública,30,27,1360.35886,-0.74612,345.72316,381.17671,372.57077,0.94549,47.00044,55.12751,56.26186
2022,3200140,Buenos Aires,Pública,25,25,3496.85810,-0.77653,349.48029,365.87613,376.86374,0.96986,45.88455,67.20599,64.73797
2022,3200130,Mendoza,Pública,15,15,175.40806,-1.02388,369.52051,399.60068,398.25285,1.00333,50.13763,74.94792,61.21940
2022,3200087,CABA,Pública,20,20,500.61696,-0.25466,459.97571,470.16578,494.60232,0.84777,64.24398,59.88492,69.91353
2022,3200369,Mendoza,Pública,16,15,299.11159,-1.06487,401.57147,436.54099,454.25792,0.93388,60.20834,82.71200,79.22740
2022,3200257,CABA,Privada,23,23,332.85529,0.95110,483.25568,494.35273,491.74412,0.64392,65.74034,77.47976,77.24771
2022,3200143,Patagonia,Pública,13,13,1223.28662,-1.78996,347.84167,388.93952,378.11087,1.09642,46.35246,33.47414,36.77660
2022,3200242,Mendoza,Pública,9,9,270.97758,-1.49990,312.07719,306.12013,343.70539,0.84353,39.10680,73.05544,65.49141
2022,3200276,Córdoba,Privada,18,18,317.97414,-1.07973,329.00639,343.22464,345.20634,1.17475,46.84078,54.03599,49.96595
2022,3200065,NOA,Pública,18,18,961.47314,-0.46467,346.91325,358.85365,380.27126,0.56385,49.58979,59.21091,62.19542
2022,3200328,NOA,Privada,34,34,1730.01290,0.21571,422.03103,451.58477,450.75263,0.87780,46.90208,71.07681,65.37921
2022,3200029,CABA,Pública,25,24,303.56743,-1.12934,370.76561,402.43162,397.82864,0.91766,45.67091,56.53872,52.84065
2022,3200206,Córdoba,Pública,2,2,84.53806,-2.90468,354.92852,369.05765,380.71304,0.08103,34.84099,56.65431,74.86246
2022,3200195,Buenos Aires,Pública,23,19,2763.62530,-1.85281,323.94237,335.21559,331.30576,0.65252,30.16908,45.18065,45.06985
2022,3200274,Córdoba,Privada,16,16,938.10147,1.02014,478.28305,517.01266,500.89915,0.22695,36.80231,54.63054,49.49123
2022,3200284,Mendoza,Privada,10,10,98.87512,0.81354,451.10543,482.23272,478.93556,0.53728,48.36504,84.27072,66.40517
2022,3200097,Mendoza,Pública,19,19,490.02356,-1.64278,324.47600,332.79577,334.85105,1.11960,52.74090,71.34666,65.86520
2022,3200157,NEA,Pública,8,8,1581.62630,0.05940,448.80817,480.09283,483.32713,0.75614,78.55930,97.39245,81.83669
2022,3200270,Córdoba,Pública,30,30,475.87291,-0.43699,393.22629,428.93869,430.22496,0.89528,49.91779,64.47272,59.80136
2022,3200222,NOA,Privada,7,7,1065.32440,-0.80124,369.28314,411.66665,404.42672,0.78214,32.34508,61.87262,45.46148
2022,3200324,Córdoba,Privada,15,15,302.01390,-0.34372,408.40208,417.48240,442.35015,0.82284,42.35991,80.41820,59.79833
2022,3200165,Córdoba,Pública,28,28,293.80676,-1.02522,351.16216,377.49666,380.54775,1.03313,41.49686,85.67082,65.79006
2022,3200091,CABA,Pública,23,21,329.94972,-0.24883,376.42196,408.97501,400.37499,0.93453,43.92424,57.07691,51.48934
2022,3200098,NOA,Pública,4,4,364.67365,-1.40010,312.09984,303.53057,323.56635,0.90851,26.61440,41.42394,54.89017
2022,3200192,Santa Fe,Pública,3,3,466.52970,-2.23090,399.42747,421.10060,365.69110,0.21139,65.21008,54.49099,38.87454
2022,3200360,Mendoza,Pública,6,6,340.71216,-0.53393,367.13157,363.09715,360.22712,0.73772,25.68695,20.05296,29.94638
2022,3200207,CABA,Privada,8,8,287.30338,-0.87887,360.42191,388.25871,398.85495,0.60605,95.89102,102.24442,88.93206
2022,3200221,NEA,Pública,4,4,708.15990,-1.55341,321.16909,389.00563,354.59926,1.38518,38.15718,56.38073,62.27903
2022,3200388,Cuyo,Pública,3,3,522.56550,-1.50124,333.33203,416.86484,381.40342,1.00140,35.59756,23.12392,42.40343
2022,3200327,Mendoza,Pública,2,2,45.54954,-1.77623,346.01885,367.92280,404.37502,0.11611,15.26283,43.26567,39.45818
2022,3200050,NOA,Pública,1,1,358.91540,-1.43120,272.37870,236.94150,341.91190,,,,
2025,3200001,CABA,Pública,33,32,356.11791,-1.17530,361.60571,383.73033,385.01190,0.91961,64.93895,79.87247,74.83786
2025,3200002,Buenos Aires,Pública,24,21,2667.80833,-1.03073,331.06599,340.33349,341.80643,0.77870,47.34124,56.93938,59.08686
2025,3200003,Mendoza,Privada,30,29,438.03058,0.12990,440.39489,473.15123,475.10999,0.80225,62.75642,65.87524,75.52685
2025,3200004,CABA,Privada,32,31,527.61991,0.07764,433.82706,459.08813,478.53822,0.62479,56.98490,70.08108,73.50632
2025,3200005,Mendoza,Privada,30,29,431.89215,0.26885,406.70421,418.94982,446.66874,0.87293,54.56106,82.98134,73.92546
2025,3200006,Córdoba,Privada,11,11,484.42392,0.12099,465.38176,490.73981,506.34400,0.58125,48.04535,66.14378,61.01456
2025,3200007,Buenos Aires,Pública,26,23,3319.87065,-1.46402,348.82396,375.59693,377.44498,0.92947,58.62276,72.00865,72.44957
2025,3200008,Córdoba,Pública,31,29,472.70157,-0.41225,389.63700,429.08209,436.92899,0.69475,57.46978,70.94060,61.23625
2025,3200009,CABA,Pública,28,16,469.59796,-1.55451,278.21151,293.19812,302.28081,0.41779,43.01401,58.73138,45.39521
2025,3200010,Buenos Aires,Pública,28,28,4257.24463,-0.49543,299.69319,350.25771,288.14329,0.83350,50.85167,80.76959,63.17497
2025,3200011,NEA,Pública,24,22,2562.66060,-1.39568,326.09406,336.42778,365.10256,0.87108,51.62213,72.29319,65.28365
2025,3200012,Córdoba,Pública,27,26,722.62455,-0.59602,368.69447,391.01015,404.21213,0.94493,55.55271,63.72737,49.05447
2025,3200013,Buenos Aires,Pública,12,9,2470.35765,-0.65480,384.15175,402.72251,416.76045,0.78749,52.49500,81.75760,63.18090
2025,3200014,Mendoza,Pública,31,30,537.36656,-0.82690,331.03891,338.07734,357.90619,0.88020,60.34750,56.92574,59.94225
2025,3200015,CABA,Pública,33,30,452.90746,-0.46069,446.64347,455.22525,481.06555,0.93459,64.10000,77.39108,67.36327
2025,3200016,Patagonia,Privada,24,23,1926.06762,0.51164,455.13138,481.87003,486.38734,0.69067,65.26564,67.50810,64.69629
2025,3200017,Mendoza,Pública,17,13,214.83457,-1.08194,291.77820,304.26286,307.46793,0.98710,24.44837,27.90434,39.30767
2025,3200018,Córdoba,Privada,33,33,610.09712,-0.40629,428.24467,441.75535,480.12166,1.13004,56.28918,70.40244,59.15097
2025,3200019,Mendoza,Pública,22,19,305.06557,-0.87175,319.70166,327.50805,355.50242,0.67162,34.40519,50.19908,36.09226
2025,3200020,Patagonia,Pública,18,15,2731.09088,-0.90538,324.51085,362.47111,340.96883,0.87422,53.72614,64.44593,56.57550
2025,3200021,Córdoba,Pública,34,30,624.43923,-1.19648,336.44955,361.94918,370.03599,0.74980,60.22090,73.49282,73.05217
2025,3200022,Buenos Aires,Privada,31,31,4157.00528,-0.21205,396.39310,434.93324,445.58262,0.88680,52.63782,71.78983,62.43923
2025,3200023,CABA,Pública,28,24,327.91450,-0.73656,399.14219,405.05528,426.61719,0.88009,55.37729,56.10310,59.66726
2025,3200024,Mendoza,Pública,29,26,450.95982,-0.87286,377.05390,397.11323,415.23750,0.89877,49.02595,69.68086,69.51897
2025,3200025,Santa Fe,Pública,31,29,3148.40970,-0.56204,397.25266,398.81271,426.00486,0.93890,60.48578,64.26118,61.28201
2025,3200026,Mendoza,Privada,32,32,423.66749,0.77745,532.41495,528.14802,556.02419,0.63351,53.57667,69.19326,51.14733
2025,3200027,Córdoba,Pública,30,29,780.88039,-0.99333,328.00829,355.94095,359.42159,0.92010,54.50689,76.59747,69.71117
2025,3200028,Patagonia,Privada,21,19,1704.00337,0.80772,495.01718,480.91595,486.20717,0.51194,53.36359,60.54219,61.58989
2025,3200029,Mendoza,Pública,27,26,311.99167,-1.10676,330.83954,351.26820,359.48795,0.93697,55.44360,74.77744,69.60536
2025,3200030,Buenos Aires,Pública,12,11,957.45895,-1.31277,344.66730,348.64902,397.31363,0.69526,38.70624,56.41780,55.09741
2025,3200031,Córdoba,Pública,28,26,607.34411,-0.73251,374.52937,400.88951,418.61485,0.82931,42.79238,66.38135,55.90201
2025,3200032,CABA,Pública,33,32,664.00286,-1.08033,407.01095,412.02973,443.81426,0.92566,67.93445,77.31425,68.10786
2025,3200033,Mendoza,Pública,30,29,505.61850,-0.58948,402.05061,428.39897,440.36202,0.81002,51.94631,61.08578,56.06439
2025,3200034,Buenos Aires,Privada,30,20,3008.70084,0.56937,394.92324,426.01257,416.04884,0.61952,49.67375,72.97718,67.05714
2025,3200035,Buenos Aires,Pública,10,5,1315.33793,-1.12807,352.50201,379.88126,349.99453,0.46280,34.18479,47.48161,55.42079
2025,3200036,Cuyo,Privada,3,1,490.35217,-0.62923,307.93615,357.69213,340.03799,,35.20006,34.28296,6.12103
2025,3200037,Córdoba,Pública,31,30,749.93473,-0.85947,360.26679,374.48442,400.92668,0.68028,72.58339,75.20709,67.92693
2025,3200038,CABA,Pública,30,25,388.46203,-1.12618,316.92849,338.47454,342.24635,0.83053,37.93076,51.06582,52.76240
2025,3200039,Mendoza,Pública,32,27,445.46436,-1.15545,347.68621,369.98729,370.53638,0.79786,44.83914,63.63329,57.35496
2025,3200040,Córdoba,Privada,33,31,714.39014,-0.65485,420.51940,422.33025,454.31756,1.06780,62.88601,87.15997,77.46958
2025,3200041,CABA,Privada,33,33,451.61816,0.28932,466.85777,496.96684,511.90455,0.62888,47.93240,64.86168,61.88449
2025,3200042,Mendoza,Pública,29,14,374.56173,-0.52947,370.20221,388.03016,404.59599,0.64799,56.99512,65.68554,62.84681
2025,3200043,Mendoza,Privada,29,27,405.42570,0.04835,426.45252,433.79636,450.36417,0.84435,61.72088,55.61542,55.59912
2025,3200044,NOA,Pública,4,4,1005.30144,-0.71433,336.44932,348.38980,403.24097,0.46245,44.34995,19.33132,38.46580
2025,3200045,Córdoba,Privada,32,31,708.26435,0.86267,518.83109,512.81660,543.90801,0.55925,41.23009,60.50823,56.38153
2025,3200046,CABA,Privada,31,30,407.32721,1.07472,484.79846,497.66121,518.56228,0.38263,50.88551,64.25084,54.21919
2025,3200047,NEA,Privada,32,23,2814.61417,0.48913,392.33558,417.02586,394.27023,0.85066,50.00923,66.15827,68.95827
2025,3200048,CABA,Privada,8,8,234.71377,0.23393,419.77403,436.85743,457.47334,0.63353,112.46923,122.89620,104.35764
2025,3200049,Buenos Aires,Pública,14,12,2041.40310,-1.27493,302.59468,355.07015,307.17557,0.91276,47.55997,66.29759,69.52306
2025,3200050,CABA,Privada,34,34,561.66246,0.54156,465.63235,480.77414,490.52135,0.59140,70.37919,81.12165,77.79517
2025,3200051,Santa Fe,Pública,17,0,1533.65564,,312.24474,329.44135,312.46198,,21.23319,32.33091,32.65757
2025,3200052,CABA,Pública,32,32,457.62617,-0.72593,430.62890,440.77095,457.52266,0.96309,55.39587,78.33947,71.27872
2025,3200053,Córdoba,Pública,32,30,1183.63427,-0.63811,355.23333,388.05062,412.07852,0.98909,63.89931,88.10051,79.80088
2025,3200054,CABA,Privada,34,32,484.42161,-0.24261,386.93107,386.65990,424.59969,0.80390,47.70704,62.65059,64.94351
2025,3200055,NEA,Pública,29,23,2870.29254,-0.95470,285.05944,297.91062,296.76130,1.02186,50.41648,60.46270,53.67807
2025,3200056,CABA,Privada,33,33,453.31873,0.97801,497.00609,504.46235,538.46985,0.47508,48.54813,57.68139,63.91968
2025,3200057,NOA,Pública,23,12,2665.56565,-1.00171,310.73977,337.36274,335.29788,0.72988,32.07217,47.43056,43.66485
2025,3200058,NEA,Privada,15,15,1363.52009,1.14649,511.23756,523.18422,529.88955,0.42075,86.26573,78.97885,94.38237
2025,3200059,CABA,Privada,30,26,642.15988,0.05389,405.97024,409.81854,419.92484,0.77391,52.80695,87.67789,78.13801
2025,3200060,Córdoba,Pública,21,19,449.86406,-0.55738,403.63143,410.99598,430.19854,0.94068,48.83975,79.53599,68.59754
2025,3200061,CABA,Pública,27,25,431.86897,-0.85049,361.73515,379.49430,378.23815,0.79090,44.18970,57.69276,52.84433
2025,3200062,Buenos Aires,Pública,21,12,3027.88747,-0.97157,296.85440,344.20795,315.32987,1.05390,48.36144,64.43661,58.74217
2025,3200063,CABA,Pública,28,24,341.52608,-1.26014,344.57225,359.12264,362.36562,0.72238,61.80316,66.99398,62.73041
2025,3200064,CABA,Pública,33,33,477.10896,-0.84158,387.06425,400.32502,418.89001,1.04790,54.76811,64.01258,67.76370
2025,3200065,Córdoba,Pública,29,26,773.51642,-1.44886,359.81103,377.05938,399.84826,0.63507,59.21925,60.15813,55.98010
2025,3200066,NEA,Pública,16,0,1358.88679,,326.89247,365.34947,335.14583,,29.05777,39.73626,40.55012
2025,3200067,Mendoza,Pública,27,21,361.54610,-1.14361,298.11897,307.35972,321.23389,1.19149,44.98313,50.93606,52.10813
2025,3200068,Buenos Aires,Pública,27,21,2998.80920,-0.56450,333.77522,345.08291,347.44454,0.95121,59.76891,73.88651,74.75639
2025,3200069,CABA,Pública,33,29,506.53001,-0.78349,401.68354,423.92160,430.92827,0.84982,64.77582,75.73379,75.28899
2025,3200070,Córdoba,Pública,26,18,506.08399,-1.37539,305.89116,333.40557,338.78801,0.74439,36.47140,46.72860,44.72104
2025,3200071,Mendoza,Pública,28,24,318.62237,-1.36469,322.10454,338.58854,348.25868,0.88375,61.93390,62.93518,71.63940
2025,3200072,Córdoba,Pública,30,25,765.16603,-1.48113,324.33218,345.42413,359.31882,0.86400,51.55057,60.34509,63.00730
2025,3200073,Buenos Aires,Privada,34,33,3423.93294,-0.68220,410.47444,433.62902,455.91919,0.97411,54.08706,61.88453,68.46902
2025,3200074,Mendoza,Pública,31,22,394.79725,-1.18279,310.23122,305.68878,321.85413,0.86672,39.92518,40.13718,47.17747
2025,3200075,Buenos Aires,Pública,28,28,2745.20991,-1.20135,299.39084,315.66655,342.40194,0.99869,40.55674,48.80483,56.00872
2025,3200076,Buenos Aires,Pública,31,28,3854.35347,-0.49482,368.38163,384.45829,375.17330,0.98755,68.35303,81.80608,81.53818
2025,3200077,CABA,Pública,29,24,394.91441,-0.76697,380.88143,398.73528,417.47731,0.98025,51.16768,72.20073,66.83733
2025,3200078,Córdoba,Privada,15,15,325.76614,-0.35958,387.95447,427.50446,441.50999,1.18264,36.85592,53.16890,47.86368
2025,3200079,Santa Fe,Pública,32,31,2663.74919,-0.13766,452.11540,451.44331,476.36277,1.04921,65.29938,67.62119,71.32279
2025,3200080,Buenos Aires,Pública,16,15,1713.04562,-1.12326,302.76611,340.42679,308.62046,1.07228,44.39929,46.06964,44.23421
2025,3200081,Buenos Aires,Pública,25,22,3249.61693,-1.14074,325.95654,351.00366,341.84598,0.71892,50.03004,78.51203,71.48839
2025,3200082,CABA,Pública,32,28,547.81211,-0.54523,417.35762,428.61327,440.74672,0.88491,62.86843,73.94917,75.87764
2025,3200083,Córdoba,Pública,22,22,453.91588,-0.55031,422.67636,446.28441,445.16687,0.81398,67.97894,76.24239,60.82371
2025,3200084,Cuyo,Pública,33,33,1700.93924,-0.85205,343.73371,372.41945,400.83428,0.76308,61.04380,77.53670,76.76973
2025,3200085,NEA,Pública,30,24,3463.88386,-1.34791,294.10522,315.40657,328.93344,0.92903,36.70895,48.96511,40.86213
2025,3200086,Córdoba,Privada,28,22,608.09680,-0.75013,425.55445,427.45644,465.52782,0.93101,55.05733,69.95329,72.25325
2025,3200087,CABA,Privada,34,33,506.88403,0.07716,434.37652,455.34809,476.31540,0.89311,57.50506,62.78433,63.60051
2025,3200088,Santa Fe,Pública,31,28,3618.04116,-1.35737,292.36397,279.45920,315.81853,0.65155,35.86127,60.56861,62.42365
2025,3200089,NEA,Privada,21,21,1721.79852,-1.44847,324.45648,379.20503,305.16262,0.62601,65.91792,70.51823,77.87390
2025,3200090,Córdoba,Pública,29,25,811.33553,-1.14801,355.70750,378.38221,390.36171,0.79991,69.19325,83.24410,89.61626
2025,3200091,CABA,Privada,32,30,583.18428,-0.22297,364.16700,373.77115,374.79424,0.75424,49.27280,67.90770,61.74918
2025,3200092,Mendoza,Pública,28,26,385.71765,-0.47888,358.68254,364.30938,395.12766,0.86820,43.51864,59.06125,53.85467
2025,3200093,Buenos Aires,Pública,28,18,5417.68524,-0.69111,332.40243,353.06713,364.51439,0.75957,57.34695,77.88618,66.60109
2025,3200094,Buenos Aires,Pública,29,25,2925.14648,-0.98501,337.24022,355.02486,358.23972,0.78181,68.21427,65.32626,68.63912
2025,3200095,Mendoza,Pública,34,34,418.08497,-0.90271,364.61725,377.20584,383.84154,0.94840,58.23471,67.11064,72.94792
2025,3200096,CABA,Privada,10,10,144.16533,-0.17298,445.52046,465.11299,470.73129,0.90884,54.57509,68.10775,59.07184
2025,3200097,NOA,Pública,29,21,4009.27470,-0.68606,326.75354,351.95827,357.31933,1.02052,46.41794,65.03149,61.24982
2025,3200098,NOA,Pública,32,31,3466.83308,-0.68854,355.02344,372.20987,396.21187,0.83122,50.67865,52.65341,54.21730
2025,3200099,Buenos Aires,Pública,18,14,2917.36522,-1.39097,327.16656,366.75001,334.46311,0.84887,56.12931,79.17470,86.29882
2025,3200100,Córdoba,Privada,35,35,756.20578,0.40871,448.66222,481.38927,500.84605,0.64099,47.30972,63.65151,61.55755
2025,3200101,NOA,Privada,35,35,2944.60674,0.11879,417.46902,450.41593,472.62440,0.71335,54.31010,70.97137,62.96394
2025,3200102,Buenos Aires,Pública,27,16,3394.26191,-1.19430,307.81897,343.94285,340.34732,0.77118,43.49550,71.71933,58.25323
2025,3200103,Buenos Aires,Privada,26,23,2952.94234,-0.20690,389.79759,448.26718,386.72031,1.02178,55.48180,60.36962,50.33129
2025,3200104,Mendoza,Privada,25,18,319.00988,0.02427,364.40739,383.34842,393.27606,0.51165,55.15254,67.22287,59.25084
2025,3200105,Buenos Aires,Pública,30,28,2800.64053,-1.25152,391.11798,407.63735,415.52258,0.73779,59.23383,65.38333,65.95516
2025,3200106,Mendoza,Pública,23,20,355.40432,-0.92713,363.74499,382.54728,387.47907,0.74165,48.32570,65.64432,51.31552
2025,3200107,NOA,Pública,31,31,2986.17020,-0.73484,340.09981,336.36359,386.28654,0.78957,41.02580,81.85208,60.68324
2025,3200108,Buenos Aires,Pública,30,27,4610.54870,-0.97334,357.99139,379.39440,376.66835,0.82094,46.45637,55.57881,52.69423
2025,3200109,Mendoza,Pública,30,26,405.36445,-1.10940,323.06901,323.44400,354.60388,0.70307,40.63235,52.61402,48.35553
2025,3200110,NEA,Pública,30,15,2291.33377,-0.98850,285.34430,325.39751,280.83254,0.96882,46.57479,57.33372,45.83297
2025,3200111,Mendoza,Pública,34,31,483.24002,-0.81204,383.27765,388.88748,405.21053,0.69559,56.07992,59.68803,66.35292
2025,3200112,Mendoza,Pública,33,30,296.55402,-1.23392,314.25440,329.18070,334.95883,0.89605,49.98820,62.49205,58.06092
2025,3200113,Buenos Aires,Pública,25,15,3268.22149,-0.62561,406.13318,425.91832,434.64617,0.95461,73.00873,90.92689,77.61055
2025,3200114,CABA,Privada,33,33,474.57000,0.56749,406.08500,431.89029,435.31580,0.65839,57.43468,83.04363,79.83343
2025,3200115,NOA,Pública,21,16,2269.15016,-1.65317,293.62687,306.44853,325.50388,0.83780,41.46253,52.44765,60.89618
2025,3200116,Buenos Aires,Pública,21,20,2269.92196,-1.37106,336.11126,368.82443,359.65015,0.75106,52.50418,55.18810,74.00625
2025,3200117,Córdoba,Pública,34,32,672.09526,0.00713,437.78584,471.19182,481.20199,0.77991,41.02780,64.85078,69.06714
2025,3200118,NEA,Pública,3,3,530.54295,-1.86196,324.37211,343.36331,365.05639,0.74654,28.49626,36.54218,71.42450
2025,3200119,Mendoza,Pública,30,29,379.90209,-0.94876,359.71968,375.86437,393.55494,0.84052,51.00680,64.52761,59.30389
2025,3200120,Córdoba,Pública,33,27,630.09274,-0.97155,322.12166,346.14861,349.22066,1.06836,52.48761,72.83420,73.47211
2025,3200121,Buenos Aires,Pública,26,26,2998.46139,0.44530,486.95357,523.63783,525.02562,0.88203,47.24823,61.64959,52.99745
2025,3200122,Patagonia,Pública,26,22,2012.93289,-1.14474,344.86445,387.18454,381.34339,0.95948,43.92646,61.02470,51.18296
2025,3200123,Santa Fe,Pública,32,24,2810.71887,-0.88941,363.67220,352.07703,379.52890,0.68493,61.28862,63.62768,74.43438
2025,3200124,Buenos Aires,Pública,30,24,2878.74757,-1.12115,310.65988,333.92745,350.92485,0.65331,52.27772,64.13291,65.76478
2025,3200125,Buenos Aires,Privada,34,34,3492.85886,1.28402,498.10296,496.91770,518.06417,0.40578,65.09874,90.97795,91.58969
2025,3200126,Mendoza,Pública,24,21,358.29101,-1.38892,306.91166,319.89038,329.12240,0.70057,47.05664,46.07418,39.85717
2025,3200127,NOA,Pública,9,9,2057.00608,-1.18178,320.86207,327.14730,364.06449,0.96580,46.18618,53.56407,48.80927
2025,3200128,Patagonia,Pública,2,2,1091.82192,-2.36739,399.85358,447.88458,405.61012,0.30348,36.88580,31.80354,109.61291
2025,3200129,Córdoba,Pública,30,29,635.24838,0.17219,521.13433,545.95605,578.76384,0.87177,51.88395,59.58259,51.89615
2025,3200130,Buenos Aires,Pública,13,12,1282.92633,-1.31833,409.77722,414.90092,431.84083,1.07040,64.26718,48.60001,66.96560
2025,3200131,Buenos Aires,Privada,19,0,2661.00726,,391.39179,415.05403,412.95657,,25.30583,42.99574,42.32432
2025,3200132,CABA,Pública,30,29,412.35410,-1.48630,320.76552,310.81117,336.30427,0.79536,48.11729,57.47269,46.22099
2025,3200133,CABA,Privada,32,32,476.94209,-0.40202,425.94431,434.93836,464.57250,0.92827,56.56251,68.39252,66.76463
2025,3200134,Buenos Aires,Pública,24,20,3244.33062,-1.24020,337.65044,371.12698,350.35317,0.93074,52.33577,76.73325,55.18812
2025,3200135,Mendoza,Pública,33,33,411.51285,-0.42275,408.24087,427.73156,434.16360,0.93438,61.95657,76.56727,69.13201
2025,3200136,NOA,Pública,33,33,2187.11746,0.14725,488.82118,487.98192,521.58277,0.88897,50.07535,49.59249,51.72885
2025,3200137,NEA,Pública,35,34,4218.74315,-1.08533,314.48815,339.49497,353.95710,0.73198,44.28592,50.39403,46.09995
2025,3200138,NEA,Pública,8,7,2031.88677,-1.05249,375.17960,410.18409,408.26824,1.15590,34.68684,66.61325,39.24710
2025,3200139,CABA,Privada,34,33,510.77182,0.70125,476.97745,484.81218,499.94789,0.52243,45.96469,58.59480,59.30019
2025,3200140,Buenos Aires,Privada,33,33,4561.87831,-0.06377,450.45661,482.63580,483.35648,0.81583,56.17631,72.79012,57.03762
2025,3200141,Buenos Aires,Privada,26,22,3839.07017,0.17672,437.94484,459.98167,466.43168,0.56217,48.90301,61.28902,62.41467
2025,3200142,CABA,Pública,30,27,439.31022,-0.58313,347.02551,359.54050,372.02527,0.97998,57.06544,72.56877,69.97147
2025,3200143,Córdoba,Privada,35,34,983.52524,-0.03313,427.65856,457.98573,486.73127,0.81344,65.29584,67.78231,63.16856
2025,3200144,NEA,Pública,28,23,3443.36857,-1.34879,263.21409,292.38030,274.86566,0.95135,39.65039,47.77213,42.32843
2025,3200145,NEA,Pública,28,20,2500.27594,-1.02188,282.24620,334.08710,292.92764,0.97679,44.25783,68.08706,63.64285
2025,3200146,CABA,Pública,32,26,787.81714,-1.46469,356.88268,372.11474,385.45995,0.79475,67.29672,80.04441,82.84439
2025,3200147,Mendoza,Privada,23,21,319.94630,-0.16021,362.04054,387.81130,397.36788,0.67327,47.27670,57.61383,59.82095
2025,3200148,Patagonia,Privada,28,25,3825.28436,-0.24800,370.32990,388.48590,394.00078,0.98582,50.01276,58.76410,62.88964
2025,3200149,CABA,Privada,33,31,433.09746,0.41330,431.94069,448.53509,458.69553,0.90255,62.35418,68.72031,70.28933
2025,3200150,Mendoza,Pública,18,12,268.07097,-0.89186,297.20069,328.44217,315.14399,1.11403,54.17169,67.50109,58.15500
2025,3200151,Santa Fe,Pública,28,24,1974.29095,-1.74030,344.97396,341.84863,368.19833,0.66554,54.86901,72.55290,73.48582
2025,3200152,Patagonia,Pública,24,23,3356.92754,-0.68273,372.56496,414.88763,358.45422,0.69326,71.85098,77.46122,86.39608
2025,3200153,Córdoba,Pública,31,28,563.44005,-1.23677,392.72925,409.73771,427.72255,0.73746,55.24141,62.02725,70.29567
2025,3200154,Patagonia,Pública,19,16,3958.63640,-0.55224,429.81523,457.39917,444.79206,1.07763,60.33586,82.21141,85.86850
2025,3200155,Cuyo,Pública,19,19,2069.60864,-1.29341,321.84954,324.58395,376.62636,0.64375,59.82963,67.31165,60.49806
2025,3200156,CABA,Pública,29,27,763.24457,-0.53189,360.29467,385.34292,394.09529,0.89010,66.57735,77.17970,77.87704
2025,3200157,Santa Fe,Pública,31,28,2898.88196,-1.27853,343.19055,352.17440,370.91435,0.97358,51.25418,69.90900,63.32536
2025,3200158,Mendoza,Pública,29,27,286.12702,-0.85762,360.39327,383.30793,414.99549,0.78644,47.00148,57.11825,59.90544
2025,3200159,Mendoza,Privada,31,31,369.34689,0.28411,430.30576,441.03737,458.93374,0.84293,56.96633,57.39223,56.75278
2025,3200160,Buenos Aires,Pública,29,27,3348.92769,-1.50379,329.45042,330.50231,361.46391,0.63734,52.10215,67.21680,64.34530
2025,3200161,Córdoba,Privada,11,10,258.63692,-0.79281,401.60590,415.72313,431.12692,0.69917,53.34871,41.11395,50.61184
2025,3200162,CABA,Privada,32,32,430.85727,0.06607,441.69678,455.81791,472.37298,0.76557,53.46484,60.49998,67.69209
2025,3200163,Mendoza,Pública,32,32,388.54983,-0.06377,436.84491,474.64535,483.62186,1.02018,47.20462,67.15972,55.11065
2025,3200164,Mendoza,Pública,31,31,397.82701,-1.06726,367.44366,355.35275,389.22295,0.85444,48.24192,57.51523,52.39885
2025,3200165,CABA,Pública,32,32,543.46586,0.54830,519.71536,533.70880,564.02156,0.77004,47.79134,56.77645,54.85444
2025,3200166,Mendoza,Pública,32,30,478.93671,-1.26982,336.04086,349.75883,363.53230,0.79394,50.49298,75.22796,55.06249
2025,3200167,Córdoba,Pública,30,28,636.55888,-1.12813,351.59341,373.73130,390.79348,0.63524,51.88539,69.72632,69.76347
2025,3200168,Córdoba,Privada,32,32,674.35845,0.15411,455.06526,482.93411,506.72825,0.69517,54.09561,66.32668,76.49947
2025,3200169,Córdoba,Pública,30,29,819.22351,-0.91556,374.59840,380.82846,417.86724,0.85397,50.44560,60.20765,57.37227
2025,3200170,NEA,Privada,22,11,2280.13978,0.55916,379.77319,439.87424,372.15370,0.46435,38.09863,49.75926,51.56828
2025,3200171,CABA,Pública,28,28,523.25172,-1.04968,352.24869,369.75493,385.12011,0.80643,45.77915,46.21085,45.90383
2025,3200172,CABA,Pública,26,22,491.59902,-0.68813,387.98718,405.74126,415.34080,0.75264,48.12204,56.82013,60.10251
2025,3200173,CABA,Privada,23,22,342.44208,0.43172,431.27541,448.24049,461.22597,0.78377,64.21174,70.05745,67.61853
2025,3200174,Santa Fe,Privada,34,33,2836.64482,0.05829,444.14559,475.54460,477.20305,0.73035,54.70859,66.38836,75.07151
2025,3200175,Buenos Aires,Pública,17,16,1352.82522,-0.82970,321.96122,334.94735,348.85743,0.87157,44.25638,65.67085,60.86543
2025,3200176,Córdoba,Pública,35,33,894.13574,-0.45616,419.71633,446.50963,453.95389,0.76431,61.18289,69.20579,61.47338
2025,3200177,NOA,Privada,31,31,3178.98001,-0.46785,399.75315,425.41082,456.04549,0.92575,53.16824,75.69289,70.80670
2025,3200178,CABA,Privada,29,29,493.59827,0.70713,524.80142,525.76623,554.96911,0.50393,57.32550,61.80740,50.96019
2025,3200179,Mendoza,Pública,29,28,398.02705,-0.90977,369.67946,391.21328,420.32836,1.15940,64.39078,61.13914,65.80500
2025,3200180,Mendoza,Pública,31,26,305.86326,-0.83885,366.55876,386.12159,385.75019,0.90751,47.24168,57.81276,61.89310
2025,3200181,CABA,Privada,33,32,454.36052,-0.62362,411.80165,418.98872,426.16181,0.82372,59.18441,68.79254,75.60790
2025,3200182,Buenos Aires,Pública,25,8,3715.30982,-1.82678,362.00192,380.78907,376.65776,0.67156,39.73279,49.71436,52.94375
2025,3200183,NEA,Privada,29,20,1972.08913,-0.17345,353.03302,370.25747,362.06346,0.77578,50.50823,57.98013,55.63350
2025,3200184,Santa Fe,Pública,32,31,2308.25837,-0.73804,365.89849,360.97396,394.39236,1.12041,49.71943,66.29567,60.45406
2025,3200185,Buenos Aires,Pública,30,26,3167.39762,-1.08446,401.12882,412.71618,428.90954,0.95204,65.79990,73.61332,71.28962
2025,3200186,Córdoba,Privada,35,35,706.47548,0.23556,453.39346,485.30406,501.70957,0.78534,55.26004,67.17361,58.01944
2025,3200187,Mendoza,Pública,26,24,360.48081,-0.68124,345.35402,367.53963,384.28895,0.66562,47.66285,61.18488,61.71207
2025,3200188,Córdoba,Privada,34,33,811.15552,-0.46795,416.74561,439.32312,462.87696,0.65936,62.23600,69.03902,64.42845
2025,3200189,NEA,Pública,22,19,2838.62800,-0.74497,325.54487,337.20928,359.37166,0.97242,43.84533,79.64918,66.11304
2025,3200190,CABA,Privada,35,33,481.20097,0.93172,460.19475,452.38532,460.29466,0.46542,57.02045,81.17806,72.11523
2025,3200191,NEA,Pública,27,16,2977.91193,-0.78202,306.47220,319.15425,325.73408,0.83229,48.16620,75.95837,56.06051
2025,3200192,CABA,Privada,35,35,622.59065,0.70792,482.85816,498.39551,514.52436,0.58794,56.90752,64.59088,66.44491
2025,3200193,Córdoba,Pública,32,31,755.42421,-0.89385,346.81060,377.16866,383.91403,0.90974,44.69020,59.41128,61.39668
2025,3200194,Buenos Aires,Pública,22,20,1830.73393,-1.13383,331.84064,356.54671,367.95329,0.78900,40.48848,51.13098,47.20409
2025,3200195,Mendoza,Pública,6,4,379.36800,-1.57810,338.45937,329.90555,351.52681,0.68673,57.76492,67.64437,61.78412
2025,3200196,NEA,Pública,26,25,4645.60647,-0.71982,300.69602,330.27134,312.30499,0.85139,52.05321,59.06242,58.86349
2025,3200197,NEA,Pública,2,2,689.95432,-2.17570,423.40916,441.84907,425.41101,0.84725,31.20866,33.28892,77.75842
2025,3200198,Córdoba,Pública,22,20,559.77597,-0.98529,362.52467,382.80621,394.28826,0.62544,56.66871,71.79283,66.64981
2025,3200199,Mendoza,Pública,28,25,319.31233,-0.89515,376.15911,405.14145,402.00708,0.89422,67.39464,78.48937,75.86162
2025,3200200,Córdoba,Privada,33,32,857.12959,0.04575,418.75595,453.29495,477.28845,0.80210,60.13796,61.82737,51.14755
2025,3200201,Cuyo,Pública,32,26,3459.76454,-0.85360,343.59783,358.23751,402.22075,0.80066,42.48880,55.66871,56.22636
2025,3200202,Buenos Aires,Pública,26,2,3210.30023,-0.53441,356.60464,405.41052,356.24837,1.87986,43.72929,56.93382,59.92777
2025,3200203,Mendoza,Privada,28,23,279.75638,0.67825,392.98946,378.89268,413.99253,0.98761,57.78384,63.19155,61.31055
2025,3200204,CABA,Pública,24,17,369.08158,-1.23043,360.27429,372.68506,386.32373,0.81086,53.82575,55.84414,55.89797
2025,3200205,Mendoza,Pública,25,16,331.02306,-1.48367,316.06367,325.03451,345.26363,0.52409,39.18996,56.16522,43.15734
2025,3200206,Buenos Aires,Pública,24,21,2990.45854,-0.86630,360.12655,374.57557,386.39161,1.00085,54.66967,65.48381,78.85294
2025,3200207,Patagonia,Privada,32,31,2532.76262,0.50929,436.43522,450.55866,444.68429,0.73809,54.91400,81.02636,68.07298
2025,3200208,NOA,Pública,16,15,1834.03208,-0.86802,352.72084,371.74227,385.89152,0.81824,58.05808,82.13219,82.66000
2025,3200209,NEA,Pública,27,27,4826.41552,-1.11128,323.69876,364.05824,355.10739,0.83025,43.77923,74.31962,62.91100
2025,3200210,Buenos Aires,Privada,34,34,3115.34173,-0.27275,409.12741,425.47088,440.75505,0.89428,59.67723,55.94052,59.78629
2025,3200211,Santa Fe,Pública,15,14,1243.38884,-1.56624,350.41208,329.53058,375.62934,0.73014,48.42183,71.66946,55.08487
2025,3200212,Buenos Aires,Privada,32,28,2908.76915,0.49978,394.35908,401.88153,411.91392,0.66582,75.61414,86.56474,89.13317
2025,3200213,Buenos Aires,Pública,25,24,2896.13986,-1.07682,338.44134,366.29978,358.12462,0.76233,44.47493,63.10474,62.63486
2025,3200214,Córdoba,Pública,29,27,593.74998,-1.06483,348.36715,374.97215,383.85928,0.79715,43.46751,59.09686,67.12564
2025,3200215,Mendoza,Pública,21,21,356.59962,-0.99984,308.97037,321.39479,347.33084,0.97662,55.31378,58.84096,71.15326
2025,3200216,CABA,Privada,29,25,317.35883,0.42754,370.56458,373.25611,391.21956,0.83820,77.11234,107.61187,101.93484
2025,3200217,Santa Fe,Privada,31,22,2779.94988,-1.70775,286.89659,306.59804,301.72565,0.98463,37.28711,48.51157,46.86958
2025,3200218,Buenos Aires,Pública,31,29,3461.80703,-0.82128,367.28478,406.30764,400.21641,0.82016,37.49028,61.64504,66.59279
2025,3200219,Buenos Aires,Privada,32,31,3109.06008,0.70621,421.95343,417.53410,418.14911,0.83811,62.83311,71.35397,76.22935
2025,3200220,Mendoza,Pública,23,21,310.62318,-1.24519,375.73802,398.75438,408.46773,1.03579,64.61134,81.73142,81.20761
2025,3200221,CABA,Privada,31,29,450.30009,1.04484,513.61847,519.96259,535.72177,0.55844,56.49230,76.51804,78.45687
2025,3200222,Córdoba,Pública,30,29,427.51065,-0.76635,382.34719,399.17591,418.83296,0.65184,61.85317,73.75605,65.24755
2025,3200223,Mendoza,Pública,32,32,469.48079,0.33645,475.95739,504.22909,536.80103,0.76749,57.99536,59.54312,63.61110
2025,3200224,Cuyo,Pública,32,27,4222.60916,-0.88860,333.60535,358.27446,373.32776,0.76368,54.45335,72.22757,62.97922
2025,3200225,Buenos Aires,Privada,28,22,3546.31841,-0.88975,332.04387,387.15923,334.90342,1.05114,66.16093,80.51702,75.01565
2025,3200226,Santa Fe,Privada,25,24,2490.50427,-0.57024,404.05403,430.48600,441.55783,0.64364,44.26733,48.22433,54.55754
2025,3200227,Córdoba,Pública,25,23,584.23775,-0.82612,398.63602,412.09635,450.91323,0.89518,61.21398,66.97335,68.96985
2025,3200228,CABA,Pública,31,28,487.93720,-0.43107,424.53542,464.51495,461.53222,0.88895,59.27410,58.13750,71.03950
2025,3200229,Mendoza,Pública,32,30,419.00201,-0.03868,441.70010,454.84948,474.22167,0.94788,57.92420,63.67667,68.07218
2025,3200230,Mendoza,Privada,33,33,467.23247,0.51242,425.95808,455.25805,472.84805,0.77857,42.22842,60.55417,51.99193
2025,3200231,Mendoza,Pública,31,31,412.66425,-0.15633,443.99748,460.30296,478.53243,0.80872,57.00865,78.44364,64.85068
2025,3200232,CABA,Pública,30,30,486.50130,0.21734,466.13453,501.15118,521.02994,0.78183,51.28592,59.58099,70.25550
2025,3200233,CABA,Privada,34,32,516.61959,-0.36413,425.89577,434.35567,443.70821,0.88550,44.54388,61.96135,50.17423
2025,3200234,CABA,Pública,30,27,468.88081,-0.86997,406.21420,435.79082,446.03088,1.18591,53.37487,62.68054,55.26137
2025,3200235,Patagonia,Pública,30,28,4214.66132,-0.64627,358.37737,379.78507,381.84161,1.19427,52.61581,71.28257,61.51331
2025,3200236,Córdoba,Privada,34,32,651.88269,0.26391,419.29186,436.45907,464.80753,0.61595,62.66179,75.81468,62.40088
2025,3200237,Buenos Aires,Pública,1,1,252.24041,-2.07762,425.87632,455.26728,477.09490,,,,
2025,3200238,NOA,Privada,35,34,3353.35222,-0.87978,310.35646,365.12219,354.47938,0.94150,59.82174,60.44949,65.37150
2025,3200239,Buenos Aires,Pública,23,15,2444.31250,-1.41469,286.42196,301.42079,294.88301,0.87046,50.00841,56.97801,56.88091
2025,3200240,Córdoba,Privada,17,17,399.62032,-1.09225,389.31942,389.97110,411.65170,1.02203,47.88143,83.31193,74.02533
2025,3200241,Mendoza,Pública,27,23,326.42350,-0.99473,333.24498,339.14928,365.50499,0.81722,52.71080,49.34070,53.95366
2025,3200242,Mendoza,Pública,30,30,387.00795,-0.16345,414.55412,431.77130,453.71236,0.69149,52.51722,78.94616,61.80249
2025,3200243,Cuyo,Pública,1,1,363.72286,-1.75463,388.30943,374.32328,395.68164,,,,
2025,3200244,NOA,Pública,20,16,2267.35133,-1.08727,299.88362,315.64567,338.95836,0.86846,37.20467,50.35444,46.79624
2025,3200245,NOA,Privada,28,27,2397.12573,0.10374,351.23873,395.08399,377.64695,0.64820,51.89577,65.18820,61.22654
2025,3200246,Patagonia,Pública,29,20,3469.90612,-0.57378,349.28948,364.06309,364.94999,0.92634,40.90214,61.84820,51.79883
2025,3200247,CABA,Privada,32,32,430.46745,0.22870,471.13174,484.86611,507.46469,0.80904,43.84678,49.40404,54.08236
2025,3200248,NEA,Pública,12,12,1059.75748,-1.11600,321.07238,343.92754,353.88047,0.61332,53.02308,77.39620,56.45767
2025,3200249,Córdoba,Privada,30,18,1013.93062,-0.51655,371.78682,401.39975,413.36421,0.71769,50.19669,55.26338,48.77140
2025,3200250,CABA,Pública,30,26,487.67213,-1.22086,370.00620,384.82746,400.52812,0.96649,56.91004,70.17030,68.66622
2025,3200251,NOA,Pública,35,31,2753.59989,-0.78455,345.14807,362.99119,381.48341,0.90164,50.02981,57.09827,45.60286
2025,3200252,NOA,Pública,21,18,3233.21192,-1.35622,276.37734,311.94117,303.57276,0.57193,53.13578,65.90585,60.04867
2025,3200253,Mendoza,Pública,30,30,367.37931,-0.92474,381.13370,385.98632,406.27002,0.92185,49.00534,69.74460,60.90288
2025,3200254,NEA,Privada,16,15,1455.97409,-0.61089,387.11530,419.73189,408.02498,0.99047,61.01518,70.06440,64.28409
2025,3200255,NOA,Pública,32,25,2334.01076,-0.71721,330.00823,345.69931,368.46954,1.12734,54.03477,65.24864,65.06254
2025,3200256,Córdoba,Pública,31,28,688.71435,-0.62748,417.68252,461.76224,476.23824,0.88809,56.75376,67.85931,67.54782
2025,3200257,Córdoba,Pública,27,27,577.73348,-1.44539,355.34922,347.71356,381.88012,0.73636,56.29115,68.26638,67.27540
2025,3200258,Buenos Aires,Pública,30,27,3429.93185,-1.22226,342.09674,368.51042,343.96528,0.87482,56.18320,81.02650,75.72150
2025,3200259,Mendoza,Pública,23,19,328.88951,-1.11707,328.49218,339.73596,356.32395,0.81082,49.04947,67.06740,56.41873
2025,3200260,Buenos Aires,Pública,22,20,2647.22347,-1.23853,354.89015,369.64926,370.96287,0.98951,44.91819,68.72814,67.81018
2025,3200261,Buenos Aires,Pública,16,15,4521.19086,-1.20942,324.86516,310.74929,339.90886,1.24555,45.13656,62.73860,50.63597
2025,3200262,Córdoba,Privada,32,32,735.66005,0.47408,438.67360,466.14366,470.55601,0.65143,55.56399,78.54275,68.27296
2025,3200263,NOA,Privada,17,16,1790.52478,-0.57782,336.06291,391.07752,379.84744,0.94793,58.53687,64.97770,60.66190
2025,3200264,Córdoba,Privada,34,34,640.87691,-0.41008,402.67966,423.10195,444.77480,0.93454,52.20367,65.09661,57.86805
2025,3200265,Cuyo,Pública,2,2,400.37983,-1.82431,295.70624,367.17482,366.30920,0.80682,83.24521,78.59999,49.22872
2025,3200266,CABA,Pública,29,26,382.14812,-0.37561,411.56482,428.72905,458.03561,0.90461,56.83099,56.45035,64.25523
2025,3200267,Mendoza,Privada,33,32,388.57500,0.08710,425.43090,435.96789,455.62057,0.66766,70.56833,80.03825,74.63748
2025,3200268,Buenos Aires,Pública,24,21,2319.32281,-0.70035,349.15158,367.98403,372.94150,1.01485,50.52909,56.12248,56.72980
2025,3200269,CABA,Privada,31,29,355.89427,0.32691,436.43259,444.75376,468.14810,0.79435,52.49346,78.12259,62.30519
2025,3200270,CABA,Privada,33,32,630.80951,-0.18876,408.68222,415.71095,446.96741,0.82827,47.95627,56.85347,56.55688
2025,3200271,Córdoba,Pública,30,22,856.28690,-0.88116,324.16482,344.08206,354.20319,0.87654,50.56282,65.16042,61.88907
2025,3200272,Buenos Aires,Privada,26,24,1653.71342,0.01735,411.70332,416.99903,428.30704,0.80436,67.50628,61.99332,62.91711
2025,3200273,Buenos Aires,Pública,31,30,5652.00846,-0.88271,355.03293,386.22104,393.99422,0.68618,65.49659,74.17192,66.00759
2025,3200274,NEA,Privada,22,22,2002.22903,-1.19832,338.29176,378.73331,350.64405,0.83010,39.63763,45.74318,49.32008
2025,3200275,NEA,Pública,23,20,3248.05170,-0.54286,301.15994,308.84832,304.18525,0.80362,41.39434,60.80546,51.98153
2025,3200276,Mendoza,Privada,19,18,228.53112,0.28244,397.69289,404.09922,411.05617,0.79529,57.88615,77.13090,69.19256
2025,3200277,Córdoba,Pública,32,32,671.22080,-0.78720,384.96039,403.41564,416.54049,1.06564,61.75515,75.68100,71.06846
2025,3200278,Santa Fe,Privada,35,34,2848.80435,0.80720,433.29705,443.93217,481.03854,0.64742,59.38321,60.39355,67.96152
2025,3200279,Córdoba,Pública,29,27,759.08756,-0.77593,374.40729,409.08182,420.53756,0.78617,64.65747,73.93605,73.16520
2025,3200280,Córdoba,Pública,24,21,748.93863,-0.99814,386.12799,404.84151,422.35798,0.59454,53.69069,64.81462,56.71202
2025,3200281,CABA,Privada,31,29,385.83275,-0.10189,408.61837,418.76633,417.96374,0.87880,64.46437,79.03905,70.23551
2025,3200282,CABA,Pública,25,19,407.55088,-1.52411,309.90670,330.67675,335.39690,0.89329,43.23732,49.80701,54.32760
2025,3200283,NOA,Pública,24,21,3133.92224,-0.73323,381.87970,389.56345,415.82302,1.01936,54.89117,54.98269,52.29680
2025,3200284,Patagonia,Privada,31,28,2832.40195,0.36747,444.34324,438.44319,460.17207,0.75844,57.88606,66.88690,69.66017
2025,3200285,Córdoba,Privada,32,32,538.21758,-1.30722,333.21739,371.86080,370.37113,0.99320,51.92650,64.79804,63.13307
2025,3200286,Patagonia,Pública,28,26,752.54389,-0.55688,363.39838,381.56693,359.26266,0.90333,42.40932,61.77497,54.28529
2025,3200287,Buenos Aires,Privada,26,25,4386.25822,1.00110,464.00278,489.33508,520.34222,0.64906,60.96607,73.31117,71.30934
2025,3200288,CABA,Pública,30,27,576.43491,-1.32649,364.25835,381.97756,396.50572,0.76646,51.90619,59.88128,52.93813
2025,3200289,Buenos Aires,Privada,30,26,5118.56859,-0.32508,366.25442,379.36264,424.30807,0.63717,53.20281,71.81416,67.61099
2025,3200290,Mendoza,Pública,21,18,230.10718,-1.27104,361.53341,374.79043,394.96909,0.76816,53.43457,53.29699,61.42397
2025,3200291,Buenos Aires,Pública,26,20,3750.49233,-1.47334,309.36823,342.48625,327.12742,0.82283,51.62022,62.98787,59.02145
2025,3200292,NOA,Pública,25,19,2982.03072,-1.00833,309.84523,321.99582,328.89090,0.81562,54.93730,61.83886,65.59954
2025,3200293,Córdoba,Privada,31,30,773.67627,0.50368,466.54012,486.98003,501.41527,0.50338,38.55312,60.87647,56.74086
2025,3200294,Mendoza,Privada,25,25,341.47500,-0.45238,392.77586,398.19371,418.28231,0.87399,62.80243,73.76052,78.76635
2025,3200295,NOA,Pública,32,32,1970.60144,-0.47756,451.16671,472.39582,496.47923,0.88499,54.24456,69.00493,76.31091
2025,3200296,Buenos Aires,Pública,19,9,2354.08090,-1.14494,314.39657,375.39717,325.91639,0.81042,29.95291,53.32472,51.16436
2025,3200297,Buenos Aires,Pública,11,11,1528.71857,-0.59258,370.57580,387.95197,403.42869,0.89604,70.44040,78.82340,79.86794
2025,3200298,Mendoza,Pública,27,16,340.45059,-1.35417,328.86941,360.53819,362.05121,0.92485,51.31745,65.02568,62.80617
2025,3200299,Mendoza,Pública,29,23,350.02091,-1.31175,332.34508,335.43192,362.81925,0.91940,51.00302,61.87498,68.99652
2025,3200300,Buenos Aires,Privada,28,0,3468.20417,,362.20177,419.54199,360.17023,,27.35656,25.27377,29.47252
2025,3200301,Cuyo,Privada,29,27,2363.27873,-0.59953,394.02079,402.82003,430.60725,0.86697,48.46946,66.82868,55.35300
2025,3200302,Córdoba,Pública,33,32,430.58886,-0.28583,442.70783,450.81727,485.96994,0.96014,73.22017,67.08058,70.70929
2025,3200303,Córdoba,Pública,31,0,929.72787,,337.39039,373.14772,367.96244,,42.03317,54.98584,56.34596
2025,3200304,Córdoba,Privada,34,33,711.45036,0.12815,414.57702,453.43959,469.60315,0.87022,53.74793,70.98204,71.07970
2025,3200305,Mendoza,Pública,33,33,373.06515,-0.31278,402.77396,425.77361,440.47759,0.95579,55.85639,72.52116,68.95072
2025,3200306,NEA,Pública,11,9,1959.34792,-0.99798,334.01015,342.55591,368.63014,0.72269,42.96889,59.06428,61.49983
2025,3200307,Santa Fe,Pública,11,11,919.13623,-1.43040,354.52419,364.64725,338.87946,0.73455,54.85142,57.77921,60.64598
2025,3200308,Buenos Aires,Privada,30,29,3737.53726,-0.48656,444.09373,461.59709,471.93863,0.73223,52.38167,66.08888,56.88167
2025,3200309,Buenos Aires,Pública,30,23,2962.25016,-1.38947,297.82381,324.82806,312.16925,0.69570,38.85978,43.34754,37.51605
2025,3200310,Córdoba,Pública,32,31,674.22478,-0.97648,365.78203,408.70749,403.25440,0.78502,44.73578,60.67533,47.41179
2025,3200311,Cuyo,Pública,29,25,1196.84222,-1.34711,296.76334,320.04347,343.05413,0.74927,49.80799,62.58943,48.23498
2025,3200312,CABA,Pública,29,29,400.50866,0.01883,448.68243,487.22576,487.15540,0.88252,52.83428,57.09418,53.02067
2025,3200313,Córdoba,Pública,31,29,857.08046,-0.42345,392.38351,424.33309,424.57195,0.89489,46.26883,55.55113,57.71126
2025,3200314,Córdoba,Pública,7,6,173.80523,-1.93217,376.35746,371.88766,406.93059,0.34044,50.04569,65.10430,64.10681
2025,3200315,Mendoza,Pública,22,17,322.27397,-1.36317,354.47343,380.27386,374.55155,0.77543,68.31115,82.37423,67.65158
2025,3200316,Mendoza,Pública,31,28,360.99728,-0.62246,413.57315,427.82582,462.66163,0.81178,47.81451,49.05448,54.61202
2025,3200317,CABA,Pública,30,27,351.53026,-0.15449,398.65656,431.64152,463.34137,0.97862,71.32335,89.87264,80.79270
2025,3200318,Mendoza,Pública,26,23,340.10353,-0.65113,319.82489,316.63447,334.52636,0.60371,41.58465,52.37910,56.01138
2025,3200319,NOA,Privada,33,32,2466.63641,-0.44682,383.27813,407.07904,430.09234,1.00863,52.70147,59.83343,65.43530
2025,3200320,CABA,Pública,32,30,518.84627,-0.16271,392.54300,411.94302,440.86924,1.08048,60.51114,80.43729,73.72465
2025,3200321,Santa Fe,Privada,32,10,2923.31154,0.30534,363.67780,380.43715,408.00253,0.84093,47.24615,63.26547,62.03408
2025,3200322,Córdoba,Privada,34,34,764.58977,-0.43962,418.40770,462.66211,471.44370,0.75770,52.43504,62.76421,55.68251
2025,3200323,Córdoba,Privada,34,33,852.65747,0.13310,475.21029,493.20852,536.31299,0.84411,48.71651,77.55861,61.37568
2025,3200324,Córdoba,Pública,23,19,498.77168,-1.00217,378.29479,419.22046,417.87578,1.15755,56.80890,68.97255,75.83035
2025,3200325,Buenos Aires,Pública,17,12,1748.69037,-1.04537,279.44255,307.19239,290.24548,0.85520,31.29276,29.69259,37.19228
2025,3200326,Buenos Aires,Pública,15,6,2049.63812,-0.68102,352.71716,382.00138,365.48852,0.59950,54.00627,50.85258,46.94903
2025,3200327,CABA,Privada,34,33,661.67429,0.45293,455.16200,451.69919,495.10674,0.67538,50.39837,68.86309,62.59822
2025,3200328,Mendoza,Pública,18,17,315.73660,-0.78736,346.17956,368.37466,386.02238,0.95992,45.71261,64.22042,53.35634
2025,3200329,Cuyo,Privada,34,34,1765.54188,0.33806,435.70805,473.18326,475.62538,0.85128,55.85750,70.64971,64.38142
2025,3200330,Buenos Aires,Pública,17,10,2271.41097,-1.00317,315.70191,340.83518,311.73364,0.92112,30.05247,54.63623,34.07594
2025,3200331,Patagonia,Pública,29,26,4290.33079,-0.81736,410.85801,427.00839,440.60043,0.92173,47.92642,64.88562,68.24932
2025,3200332,Mendoza,Pública,30,27,435.11766,-0.97305,342.84485,345.52223,372.25845,0.78454,47.50433,57.08373,60.56512
2025,3200333,Córdoba,Privada,33,30,690.52766,0.61989,441.28616,459.40704,468.23330,0.60068,48.44445,52.42587,48.28898
2025,3200334,Buenos Aires,Pública,26,20,4771.07478,-0.54297,376.68662,395.64570,397.19668,0.76970,63.15931,76.52875,79.05074
2025,3200335,Mendoza,Pública,28,18,374.28899,-1.17363,307.64372,306.77184,339.94925,0.80135,35.26118,48.58033,42.79396
2025,3200336,Córdoba,Pública,28,27,569.34201,-1.04775,370.38454,384.52701,401.23844,0.81303,51.66384,77.14804,70.52643
2025,3200337,CABA,Privada,34,33,543.13909,1.05109,461.25499,453.15539,482.61722,0.63002,68.75412,84.58997,80.60660
2025,3200338,Buenos Aires,Privada,20,18,2030.69065,-0.44891,345.99287,378.42783,362.62208,0.82428,55.31376,71.35843,65.47684
2025,3200339,Buenos Aires,Pública,12,12,1805.59916,-1.05918,359.82461,394.53067,395.43331,0.63642,73.56614,95.28715,98.69079
2025,3200340,Patagonia,Pública,24,24,2220.67436,-0.95944,376.42212,381.38032,379.03175,0.86694,51.54596,61.42319,61.63354
2025,3200341,NEA,Pública,18,17,1316.15060,-0.32508,329.30936,346.47447,360.99028,0.90750,54.95544,69.59565,83.19678
2025,3200342,Mendoza,Pública,33,31,440.34856,-0.05154,399.51116,414.70940,436.55215,0.93594,56.77881,73.15266,67.36819
2025,3200343,NEA,Pública,35,30,3336.85914,-0.41234,343.87612,391.36150,373.81369,0.84299,48.86559,66.32909,54.55067
2025,3200344,NEA,Pública,28,27,4100.74820,-1.51074,287.65180,333.09760,283.47061,0.93001,40.70123,46.82852,52.96016
2025,3200345,CABA,Pública,31,29,513.24565,-0.57410,463.05061,472.03777,492.45750,1.01522,49.97473,71.47704,65.39750
2025,3200346,Santa Fe,Pública,27,26,1955.46745,-0.82512,333.76153,338.01280,349.30461,1.04857,53.04439,67.95172,60.80296
2025,3200347,CABA,Privada,34,32,554.31040,0.32663,470.02512,478.77687,516.33828,0.79433,52.75486,80.08305,69.84571
2025,3200348,CABA,Privada,22,22,326.27437,0.77555,544.20972,546.55014,579.03238,0.78061,51.27421,78.92106,66.47402
2025,3200349,CABA,Privada,32,28,441.73402,0.49444,432.90004,446.05489,474.26425,0.71700,45.68025,63.24603,57.66751
2025,3200350,Mendoza,Privada,34,32,339.86866,0.05265,410.76745,429.31084,444.91404,0.81238,41.73997,54.26167,56.15247
2025,3200351,NOA,Pública,20,17,2235.38841,-0.68916,367.32921,357.11627,393.84210,0.81015,46.88482,67.00045,72.07836
2025,3200352,Mendoza,Pública,32,31,457.75238,-1.04088,318.32935,321.71352,341.62854,0.81836,45.19232,52.17218,48.67109
2025,3200353,Córdoba,Pública,35,34,591.81727,-0.05317,419.28691,442.67206,478.42259,0.81708,52.72031,65.41482,65.28744
2025,3200354,CABA,Privada,32,32,470.22327,0.63504,458.50101,471.55256,486.89245,0.59306,52.43065,68.72780,50.17389
2025,3200355,CABA,Privada,31,27,474.69260,-0.66104,409.57670,426.20733,438.49301,0.76141,47.69854,55.97713,52.85496
2025,3200356,CABA,Pública,30,28,299.15147,-0.63416,365.89765,394.70707,397.70628,0.93532,53.51364,61.89279,61.13028
2025,3200357,CABA,Privada,35,33,532.07174,-0.43696,447.42151,461.29762,480.38109,0.82416,58.34281,72.39715,61.16496
2025,3200358,Buenos Aires,Pública,30,22,3076.09224,-1.39433,335.58464,350.17019,358.89219,0.61917,49.55226,59.33055,55.42184
2025,3200359,Mendoza,Pública,31,31,347.45561,-0.57994,362.46659,370.81642,398.24263,0.96667,51.68570,67.20853,65.38322
2025,3200360,CABA,Privada,33,30,502.22857,0.94979,512.52351,488.51569,534.15917,0.50462,71.31560,88.97313,74.56299
2025,3200361,Santa Fe,Pública,30,30,2605.08081,0.52397,575.98159,540.94536,611.64811,0.72060,58.31080,69.61856,54.61169
2025,3200362,Córdoba,Pública,29,24,555.70411,-0.83461,388.69907,402.74054,437.19205,0.79968,56.60497,72.68841,73.11841
2025,3200363,Córdoba,Pública,22,21,494.76466,-0.60522,426.84801,425.09779,462.52934,1.28216,69.60568,81.46366,84.59188
2025,3200364,NOA,Pública,29,28,2658.77745,-0.53199,349.61740,390.00864,368.30493,0.82475,49.82184,60.01195,58.17478
2025,3200365,Buenos Aires,Pública,26,22,3176.71559,-1.17730,366.71449,392.79439,391.32928,0.97135,51.33284,67.01409,70.17019
2025,3200366,Buenos Aires,Privada,18,15,2191.11415,0.77406,402.93432,435.71928,406.42401,0.65360,46.90777,55.08303,64.14380
2025,3200367,CABA,Pública,33,32,617.46380,-0.36963,439.91245,466.98896,477.31292,1.03572,56.90900,76.90039,67.22107
2025,3200368,Córdoba,Pública,34,33,729.95171,-0.21179,435.19383,485.17635,492.69208,0.78727,73.50988,79.85886,78.20202
2025,3200369,Córdoba,Pública,16,14,523.92285,-0.96767,324.28145,334.85676,356.01809,0.92607,59.86283,70.82077,72.11277
2025,3200370,Córdoba,Privada,31,29,789.53538,-0.03366,409.51345,442.25132,453.06145,0.96942,69.05462,76.37551,76.85486
2025,3200371,Patagonia,Pública,23,13,2158.17971,-1.29428,341.94810,385.19668,357.07095,0.74730,43.49909,54.93221,55.49684
2025,3200372,Mendoza,Pública,32,32,369.10472,0.29416,493.41357,514.24311,515.29921,0.73386,56.76871,55.85823,45.93776
2025,3200373,Mendoza,Pública,8,3,251.26928,-0.82241,254.61700,264.81380,247.11728,0.93370,49.39244,58.35371,58.11030
2025,3200374,NOA,Pública,30,28,3402.74129,-0.94709,330.11116,375.72517,362.70089,0.84413,51.40645,65.15479,55.30436
2025,3200375,Córdoba,Pública,18,0,917.69347,,357.13052,378.42506,410.70959,,46.86430,58.51057,50.48908
2025,3200376,Córdoba,Pública,3,2,126.94324,-1.18407,333.78047,372.43890,346.71383,0.74470,25.72167,53.26447,26.90106
2025,3200377,Córdoba,Pública,32,0,682.98530,,350.96072,378.01202,381.49882,,41.66026,56.55090,59.21179
2025,3200378,Mendoza,Privada,30,29,405.83425,-0.33992,371.50185,395.22459,392.04325,0.86589,51.21062,68.64699,67.59236
2025,3200379,Córdoba,Pública,16,15,376.85430,-1.44602,383.23942,402.89405,422.82234,1.16602,44.72603,82.38590,61.36687
2025,3200380,NEA,Pública,19,9,2489.61653,-1.26620,338.18612,349.06826,364.80567,0.57390,36.98627,56.38774,41.13478
2025,3200381,Buenos Aires,Privada,17,16,3583.69807,-0.42572,366.45090,393.54617,415.19580,0.74349,42.10039,52.78986,50.44100
2025,3200382,Patagonia,Pública,27,27,1770.11065,-0.48419,426.77324,457.76193,450.55766,0.85038,57.91997,82.86633,64.00004
2025,3200383,Córdoba,Pública,26,19,572.21645,-1.57685,294.98531,315.24967,309.90355,0.66946,34.98348,51.48112,40.90405
2025,3200384,CABA,Pública,24,19,288.84543,-0.92582,333.98861,364.77262,358.89507,0.93560,54.20937,69.52955,69.06338
2025,3200385,CABA,Privada,35,35,495.84152,0.78180,479.18933,490.10228,504.17225,0.49482,56.13704,53.07915,66.74855
2025,3200386,Buenos Aires,Privada,18,15,2292.46615,-0.55334,350.42480,350.42258,374.44040,0.92616,43.94660,52.25575,54.32486
2025,3200387,Mendoza,Privada,31,29,490.48285,-0.05616,419.08110,403.23523,459.35776,1.03923,44.01749,66.54612,67.11707
2025,3200388,Buenos Aires,Pública,27,26,3546.02449,-0.35743,333.01279,365.37768,338.49651,0.79406,59.17492,78.50769,79.71503
2025,3200389,Mendoza,Pública,28,27,376.20047,-1.16736,315.67616,321.82198,332.22946,0.83772,41.84733,57.67601,40.18813
2025,3200390,Córdoba,Pública,33,33,492.66810,-0.31998,433.31735,444.41453,472.71066,0.80313,64.96471,74.79894,72.16998
2025,3200391,Córdoba,Privada,34,21,707.33482,-0.38951,353.55346,366.39079,390.32310,0.77320,42.47968,53.50054,57.25065
2025,3200392,Córdoba,Pública,31,24,527.02740,-0.73985,331.30217,347.64401,373.02558,0.97703,49.58161,60.75807,65.25509
2025,3200393,NOA,Pública,32,30,2736.21846,-0.73800,388.91249,413.95678,430.46914,0.68129,44.46878,61.58856,59.80908
2025,3200394,CABA,Pública,30,29,524.51830,-0.79502,379.70422,401.10659,398.10265,0.95084,62.53102,82.27962,71.98827
2025,3200395,Cuyo,Pública,33,30,2052.65735,-1.07164,353.70450,368.87055,394.85493,0.85500,44.23099,52.80203,62.03691
2025,3200396,Buenos Aires,Privada,31,24,3121.42262,-0.76611,355.06658,386.43806,382.46422,0.97763,42.72980,66.16901,65.32139
2025,3200397,Córdoba,Privada,13,13,282.33066,-0.47236,448.40072,477.75974,484.96624,0.61897,57.89032,64.78145,60.88784
2025,3200398,Córdoba,Privada,34,34,849.07589,0.29939,461.55023,485.29990,507.44979,0.65570,45.32929,57.12654,57.60997
2025,3200399,Buenos Aires,Privada,27,25,2289.02559,-0.49418,371.31401,394.59365,364.81008,0.82249,51.79078,80.43790,55.25097
2025,3200400,NOA,Pública,31,29,2136.74456,-0.80767,349.85712,371.45028,380.80125,0.85047,51.01644,71.92943,68.03385
2025,3200401,Mendoza,Pública,30,28,327.05581,-1.29529,364.94469,363.22446,385.87895,0.62793,51.92801,77.99040,63.91689
2025,3200402,Córdoba,Pública,34,34,727.95350,-0.93626,379.96117,417.62593,415.57275,0.70049,56.65039,66.52347,64.83080
2025,3200403,Mendoza,Pública,31,30,338.12432,-0.58101,391.74170,388.15619,423.61201,0.78705,58.71242,75.72677,68.21098
2025,3200404,Buenos Aires,Privada,29,29,2916.32978,0.19224,505.71174,531.54480,518.77572,0.76697,51.16998,66.89667,67.53841
2025,3200405,Buenos Aires,Privada,15,15,1489.00866,-0.90291,352.94099,384.59614,340.96067,0.94964,62.67679,75.91442,56.87912
2025,3200406,Mendoza,Privada,33,33,372.60616,-0.87416,396.03528,406.17909,414.15215,0.82724,52.19105,66.45989,58.98875
2025,3200407,Mendoza,Pública,28,28,327.85766,-0.76115,384.80646,398.61342,442.56995,0.80316,51.29129,67.46913,57.31951
2025,3200408,Buenos Aires,Pública,31,24,3098.45885,-1.19298,317.18442,323.20037,348.50194,0.87016,39.57706,55.43967,55.66682
2025,3200409,CABA,Privada,29,24,442.82570,0.63468,393.83450,421.68521,418.63480,0.63859,75.83134,102.18426,88.68982
2025,3200410,Buenos Aires,Pública,25,21,3353.85103,-0.71341,394.16907,397.52271,413.16483,0.91526,47.12820,57.18088,62.98120
2025,3200411,Buenos Aires,Pública,29,25,4478.88402,-1.14077,358.12564,390.84828,359.83358,0.70462,60.64359,65.43416,65.26757
2025,3200412,NEA,Privada,34,34,2595.05891,0.84305,454.81581,487.99373,482.67039,0.49480,43.54792,51.42233,50.66311
